Contact0,Contact1,Contact2,Contact3,Contact4,Contact5,Contact6,Contact7
0.        , -1.42952852, -0.80513219, -1.08898658,  0.        ,-1.10325015, -0.5679529 , -0.16650818
-0.8949003773522026,-0.3340025421067194,-0.575643789354281,-1.8704299614372912,-0.48423392321980785,-0.06960926686111879,-0.7732032506954623,-0.8725579068766907
0.0,0.0,-0.2825855394653072,-0.47165210611549924,0.0,0.0,-0.34931898327195654,0.0
-1.151775534687145,-0.5418299497605732,-0.8247678055600627,-0.2773956619818776,-0.6653985199791439,-1.8642762915898121,-1.1020355999929432,-0.4494691026627704
-0.3568535165794575,0.0,-1.1573960051129344,-0.5012928898266633,-0.737781237852249,-0.8500638914884888,-2.0777641304211505,0.0
-0.047841703662061086,-0.23771883748289913,-0.41207881954472025,-0.2411708680988358,-0.5641961060640321,-0.822373257910721,-1.0473148625353446,-2.1191130812641976
-0.12505863277980112,0.0,0.0,-1.632797588774289,-0.14305910461080185,0.0,-1.4377384406952256,-0.24862485512565335
-1.2682402505421937,-0.5457230764235845,-0.6506564123221077,-0.5318106000812071,-0.5093887168401627,-0.9853566390310293,-1.6783943888019168,-0.41670995103147845
0.0,-0.22194531475465062,-0.2039071160527488,-0.6332759743374226,0.0,-2.948786540841575,-0.911033049755483,-0.5265052169510351
-0.8276050411522844,-0.20279865670111974,-1.0487622050581384,-1.1170166066997238,-0.6042905383646078,-0.775689286230655,-1.4728989706645699,-0.5761398413312744
-0.8625279147293448,-0.9546746489618947,-0.43562800325104867,-0.15305197491981737,0.0,-0.34729902813579816,-0.8000088068086901,-1.611530036556215
-0.807010389888541,-0.26831536288259983,-0.6623827983538204,-1.3805886524849962,-1.1226357015096093,-0.5177083539024521,-1.4354256234131242,-0.6441822613728201
0.0,-1.039407520120064,-2.332003934248326,-0.08852110981712968,0.0,0.0,-0.3426689152362483,-1.0367849326562677
-0.09575595790850056,-0.10371243790620266,-0.10237329845435017,-0.7000410327651618,-3.055417709451547,-0.08499866904195397,-0.0031868345880843307,-0.18730268638862047
-0.6826093342619508,0.0,-1.40209020715879,-0.4952804235655659,0.0,-0.07125933036895482,-0.1808730054779213,0.0
-0.5996492533158184,-1.5276612094319661,-0.26654007925208134,-2.7964834785646966,-0.7052081111649109,-0.02663592943448645,-0.6494278516362622,-0.3318379654171535
0.0,0.0,0.0,-0.731257730400988,0.0,-0.2023401727632823,0.0,0.0
-0.844322334528842,-0.539672001011759,-0.022898374315354353,-2.6941469422666398,-0.1318193604720994,-0.7983702487672515,-1.1220658081693946,-0.5888879377335057
0.0,-1.4723093021418157,0.0,-0.18425020715009488,-0.22897306411904061,0.0,0.0,0.0
-0.6966064750141951,-0.6180364144232984,-0.5196944066116078,-0.6978518816241026,-1.3872854106555508,-1.2995139421893,-1.0832282978903436,-0.38251781730713486
0.0,-0.0782775160161302,0.0,0.0,0.0,-1.0464361513796367,-2.041880849211677,0.0
-0.3119233263408132,-0.3597496870886232,-0.0069245953516912095,-1.3312813774639194,-1.1259176572410734,-0.9643562021805083,-2.186871166394522,-0.5003106788469447
0.0,0.0,-0.6315372570032594,0.0,-0.07034952898107072,0.0,-1.66671480186168,-0.2716746378978545
-0.010408966696749289,-1.2514193740897186,-0.1156131443248114,-1.8836344659304949,-2.062138965772479,-0.24438665414602934,-0.33488595185226444,-1.0225661000623019
-0.1260714835643002,-0.2356358296409109,-1.7910889232193705,0.0,-0.06053466996848034,-0.6369268863973971,-0.851565655951779,-1.8327573254234828
-0.35354294789029694,-0.7061921857086979,-0.2278458854484544,-2.024987584106209,-0.020668001326259677,-0.7656366457777164,-0.3384825057986083,-0.07391572744016539
-1.5213906626741114,-0.7558395308433541,0.0,0.0,-0.548994872349259,-0.02300006808987387,0.0,-0.15277286305367177
-0.28453902378422047,-1.0319526887018773,-3.0158772275357064,-0.05827112266776702,-0.4091089703837234,-0.1369014562652513,-0.11460158427547462,-0.07880600721704756
0.0,0.0,0.0,0.0,-2.379549942851967,-1.5989350841503036,0.0,0.0
-0.8312808692298272,-0.1531452418491268,-2.6058789610577913,-0.44041257285369717,-0.7715116705490797,-0.2686854145202924,-0.8769465340827542,-0.16083879744103768
0.0,-3.9899300063626795,-0.018343355030017605,-1.1624683409130752,-0.12310768905845215,0.0,-0.46566364028523655,-0.6987030778441667
-1.4617563542696912,-1.0533912548391573,-0.5364795264632178,-0.555257039398529,-1.1665649287924023,-0.5479124825733521,-0.4555406876174777,-1.1133657929742204
-0.6706816326688232,-0.0011836118781598515,0.0,0.0,-0.7246275541074398,0.0,0.0,0.0
-0.22815035174354925,-1.6685091008731359,-0.7839494416431512,-0.7169269837017742,-0.8076395956750826,-0.6410154292747512,-1.3201167471558009,-0.8026358624813543
-0.35920811337948155,0.0,-1.299279466447829,0.0,0.0,0.0,0.0,0.0
-0.47139655739475206,-0.20079970185778695,-0.03658513813105202,-0.09435758203409605,-1.3648227620501086,-0.8370152281554466,-1.671337561564365,-1.767862903932662
-0.5065518001668874,-0.23542198341101273,-0.28637880366107193,-0.2717957118751304,-0.6746631297908534,0.0,0.0,0.0
-2.588189875514006,-1.2192626630013743,-0.18904391294950162,-0.3871505310725585,-0.3927213725225105,-1.469649121619284,-0.08840836352479986,-0.12903160765056043
0.0,0.0,-1.2202553554336717,-0.9538879918281458,-0.6459180204184563,0.0,0.0,-0.1910179915686987
-1.2728725146254662,-0.9244310577332655,-0.15788840193353604,-1.1802214806327704,-0.5911058307449748,-0.0444521157084905,-1.1539979371201046,-1.329198619726803
0.0,-0.004494942231753285,0.0,-0.16716642595739017,0.0,0.0,-1.2921005282656708,-0.32812541467377265
-0.8423269150871189,-0.7758054337286193,-0.5712371663907385,-1.4995867032077994,-0.13503771240033213,-0.2213341718159496,-0.36139757024871066,-1.614675364813193
-2.502998505293956,-0.32907361419128467,-0.01365564522369489,0.0,-0.224941797505827,-0.7781926101910592,-0.4292411062581243,-1.118927360843589
-2.244199338964502,-0.7466395437581808,-0.4567882883325822,-0.32754529995012316,-0.46840374751270275,-0.2517967746114316,-0.4429990123432548,-0.9757271124280775
0.0,-1.943106910182725,0.0,0.0,-0.653487470381708,0.0,-2.1049970870601147,-1.6495078274158654
-1.9939022041943755,-0.010320800986046486,-1.5291211971684504,-0.2543821657104779,-1.8303731653431763,-0.08767538196941604,-0.3537039515733422,-0.8534853661134001
-1.4179826817523544,-0.2858611407661549,-1.2101391830804609,0.0,-0.5026944988418123,-0.865422944415748,-1.115251344246727,-0.05321414360632115
-0.7237427131363701,-0.320555106559941,-0.866825839453087,-0.1141317948261209,-1.1690074479048187,-2.317330751699803,-0.2714818585236918,-1.158461398112383
0.0,0.0,0.0,-0.17789341349705445,-0.2571713092301309,0.0,-1.6280406406143486,0.0
-0.21493702302067774,-0.516117753418369,-0.3295808338215984,-0.2886720201140083,-0.20402852364964996,-0.6494945061548769,-0.4838402722176962,-1.9508827720534336
0.0,0.0,-1.132586786368785,-0.16686952967038327,0.0,0.0,0.0,-0.06743037182356648
-0.19389464775726406,-0.7110900682659826,-0.3533075277482727,-2.6460668949600246,-0.05005492545911849,-0.1982456638257526,-0.06351994695631813,-1.1934827294731232
-0.14667589734238273,0.0,0.0,-1.0108440204901283,0.0,-0.20635218087981677,0.0,0.0
-0.41733372872131014,-1.8805245083531261,-0.9112174729138314,-0.09527813789889539,-2.384663495112476,-0.16892885402237034,-0.7495478671717137,-0.27353903129247303
-0.06152353989906878,-1.7255502499457638,-3.0020673573441474,0.0,-0.4277345927158205,-0.14359430747104174,0.0,-0.19155324182555855
-1.694806771869608,-1.4041455804501641,-0.6018356191829088,-0.19841988219075546,-0.5209805082853602,-0.6816581252756739,-1.4884438788313954,-0.16583644352166615
0.0,-1.4388619107080611,0.0,-0.39337799301807763,-0.9669743615514044,0.0,-1.466677549019714,-1.33251972037253
-0.010918313865262874,-0.14502021998021686,-0.8591963616990954,-0.3553488009267305,-0.6226809688766668,-0.5514334941623336,-1.5225642631733738,-0.20978720368121273
0.0,0.0,-0.5717524594176444,-1.6013569882401608,-0.8762952601014673,0.0,0.0,0.0
-0.5289990842079382,-0.5737251825889196,-0.13394862348540393,-1.2328394579134567,-1.5541372904630855,-1.1948516681561694,-0.40754815568260483,-1.1245489685158363
-0.532942988344379,-2.2864679903088634,0.0,-0.8872850064107451,-0.8289871735041876,-1.2258453276941141,-0.00863221486166399,-0.7462693348197345
-0.7353068668550291,-1.6151726734080425,-0.7536080965732088,-0.4165980796809645,-0.043837997661143824,-2.971559310228926,-0.026199480929440355,-0.05894716443712156
0.0,0.0,-0.3954792541544023,-1.8069208407673782,0.0,0.0,0.0,0.0
-0.11564159052858791,-1.780336498337368,-0.4681168519768484,-0.05716088905544492,-0.8781387225253328,-0.854242285334867,-1.9748067771019082,-0.6589015594344794
-0.43505487452620883,-1.9088698757015754,-0.4505462307880652,0.0,0.0,-0.5481701462758481,0.0,-0.4163996771307179
-0.1472227412747884,-0.06864228266938444,-0.2773956157302768,-1.2866199678488819,-2.330817768172219,-0.2666467695554289,-0.8729218323135832,-0.12690640323104496
-2.883483432443633,0.0,-0.6779711628806364,0.0,0.0,-0.078161150081975,0.0,0.0
-0.7194512626744505,-1.4727715634903165,-0.6144697453856534,-1.3602741871592992,-0.011911353259025148,-1.7189090615840277,-0.786964428333726,-0.07006962406583472
0.0,0.0,-0.2096644938182708,0.0,-0.2358556989885452,-0.9392141409126333,0.0,-0.9216511870749606
-1.6795374217689467,-0.5210950213407504,-0.18268436676619348,-1.4189842254608322,-0.12691769143556364,-1.1852220602962493,-0.6769213754983454,-0.29609274212253744
0.0,-0.12625159702343947,-0.2598891412966955,-2.4470102899458315,-0.7789049626267559,0.0,-0.6421539083109398,-0.22331686057351074
-0.2965598862019361,-1.1889887790953386,-1.0056563353821302,-0.558750569344534,-0.2259553577409843,-1.7348165286729387,-0.618170250710822,-0.3367832878265835
0.0,-0.8431386530097722,0.0,-0.6899520783731106,-1.1004805912068587,-0.0626796632808535,0.0,-0.20628286462170387
-0.4080146308203094,-1.2266999531456158,-0.5410266967769015,-0.6391585548647933,-1.0322123358494322,-0.5383764532690742,-1.4387642863020398,-0.320912369547659
-0.1287267451316998,0.0,0.0,0.0,-0.8340338144818666,0.0,-0.10509951479114754,-1.4864958414752119
-1.7662453693010596,-0.060908660830055084,-0.012045243420041096,-0.03462873333936223,-0.3199555415394775,-0.2264643466322891,-2.703821067063945,-0.04575225053822862
-2.2708540720229884,-1.761888983110298,0.0,-1.1026888988544847,-0.8597156654731641,0.0,-0.0003671535025020489,-0.3807942251224983
-0.7395883945220367,-0.2991980154157243,-0.9668465119279182,-1.4178465467289811,-0.6401577192232732,-0.9287821234362337,-0.2516208507932127,-0.2966360478504386
-1.5317296305163044,-0.10964026129802118,0.0,0.0,0.0,-0.16208190461639393,0.0,-0.10501733684426551
-0.0962217163918444,-0.08346077695137577,-2.2054354640549034,-2.3853168045257576,-0.9018692674148463,-0.5574339223285909,-0.13852590561681666,-0.2253206837256565
-1.410030088203781,0.0,-0.1676397587610241,-0.47756971204746534,-2.354619578895054,-0.32486201935152614,-0.09025442222442948,0.0
-2.962073940367799,-0.0020240844718175666,-0.7940982253094724,-0.0661646488144676,-1.177516695332332,-0.4457232146333112,-0.219321748708599,-0.8511902216798681
0.0,-1.5914423068790446,-0.6508467686571917,0.0,-0.7340934041123139,0.0,-0.014124718206707243,-0.0025272260934565693
-0.45353003558822014,-0.05548379642741352,-1.3361594917278765,-0.7251808478818385,-3.186927378514224,-0.390209759225006,-0.018700232076168888,-0.22195953269907953
0.0,-0.9406785431287714,0.0,0.0,-0.10002214612205673,0.0,0.0,0.0
-1.2392358745305874,-0.5026886019542269,-0.011706065502219865,-0.3583794294854519,-0.9349426499266249,-1.3715493617134467,-0.5162976540793558,-1.1726983228480146
0.0,0.0,0.0,-1.313574953605456,0.0,-0.24508021828580695,0.0,-1.046887062529441
-1.34658004948656,-0.02748249593174812,-0.6738750714489914,-1.3799650234664531,-0.1921694220841994,-0.12111358124478144,-0.6241057434949031,-0.0865803956965614
0.0,0.0,0.0,0.0,0.0,0.0,-3.193597722422821,-0.3414860553735908
-0.5628819606101843,-0.6613699573462144,-3.228449209485756,-0.08513138504104134,-0.5659079388161201,-0.08889892264813426,-1.00141201212407,-0.5527431984488507
-0.15620733431804812,0.0,0.0,0.0,-1.1666750860671762,0.0,-1.8686833571375416,0.0
-0.006751875087613435,-1.517134438941997,-0.141802181811725,-0.02932817556036227,-2.5467558723790935,-0.5795885824966494,-0.9618413903791465,-0.7168716134199329
-1.2689703082565948,-0.11115998111206427,-0.8665702319784732,0.0,-0.15372889925429867,-0.061902527294506626,0.0,-0.033421140857042175
-0.43981021495935746,-0.760373381389595,-0.21003556848750904,-1.608790898398901,-1.3456527110099525,-0.7094753256668254,-0.3099214181747305,-1.218299629165223
0.0,-1.0744494288651492,-2.1482494545154243,0.0,-0.8249621210094942,-0.535654248057023,0.0,0.0
-0.20399477855225,-1.308639161834285,-2.4226342521923083,-1.346417714058223,-0.2884058537357683,-0.046726957310007755,-0.3426199609679159,-0.6017705160282132
-0.8153455612575131,0.0,-0.7293951124656628,0.0,0.0,0.0,0.0,0.0
-0.35316674436699014,-0.16993493462376286,-0.9292831029369113,-1.2194640196390143,-0.6370820949130271,-1.51432865384397,-0.28374309240996265,-1.185678802935442
0.0,0.0,-1.7140130814557502,-0.8245439461650852,0.0,-0.01053046032058269,-2.1990476349882693,0.0
-0.64245607313668,-0.43211792704897256,-0.015792641505218086,-0.002108009167767655,-0.34381542127086284,-0.7269912255024522,-0.6608889770826334,-1.832601660091612
-1.6553125138849039,-0.6008412435233437,-0.46715810684424586,-0.10110555339313265,-0.9699035061706578,0.0,-0.6197623540187251,-0.2624650465110143
-2.740995550720669,-0.47034949296434636,-0.3499800673563289,-0.12001341796879483,-0.019503341634144356,-0.10766755832969732,-0.900427135959629,-0.13407539739737828
0.0,-2.8889840515171326,-0.646544294570786,-0.09762734662382222,-0.5783186816156283,-1.5748871263826105,0.0,-0.39322458088964574
-0.3420781471524359,-0.08607823546665916,-0.2077570261470978,-0.11720627300975561,-0.5978681212522865,-1.459588536584227,-1.142639819795364,-0.13990842519936741
0.0,-1.0215290793868732,0.0,-0.34733188960822936,-2.1976655010863233,0.0,0.0,0.0
-0.02626239528859209,-0.469383022398258,-0.6457535506791867,-1.8034844461024555,-0.9763093107709295,-0.12100949495112356,-0.5607698320977832,-1.8084895575648865
-1.7359581643756794,-0.8647935214930342,-0.5892900130022731,-0.06727202897861417,0.0,0.0,-0.17029815568757023,0.0
-0.44467358991497097,-0.370436835850227,-0.5400097066848026,-1.7125344982832011,-1.2224681290144659,-0.2498207605535665,-1.620688683685704,-0.7167651339470167
-0.26735098556239567,-0.4153942928025671,-2.0174108645495155,0.0,0.0,0.0,-0.04498026163987845,-0.2663922429327954
-1.4623230259772972,-0.27494669977777164,-1.7110286583794316,-0.9789546126794946,-1.004167294788549,-0.13866766552165988,-0.6282135025931952,-0.7464579765049537
0.0,-0.27157725427968593,-0.7089654261012166,-1.3605379237632595,0.0,0.0,0.0,-1.6523167617118153
-0.1434895138336918,-0.6312727275403454,-2.3294000246976836,-0.004747728559937769,-1.3713506833048932,-0.05087784381422367,-1.304935131026344,-0.5629077317154145
-0.17076055890108943,-0.07581749214671873,0.0,-0.37184252804644924,0.0,-0.6442942004751355,-0.5034344811489886,-0.5989101297712418
-0.13779447207968065,-0.322210896370283,-0.4080164986379433,-0.2625324474832187,-0.29341715681223146,-0.34420631270687174,-3.246690707283129,-0.0783301753486958
0.0,0.0,-0.3224653071809138,0.0,-1.393169770600731,0.0,-0.9407359477738639,0.0
-1.1131387216600581,-1.5679341383521868,-1.0379713948261156,-0.0670790920319515,-1.3085539104999375,-0.659956821670951,-0.010619023379825343,-0.7160295219825157
-0.462309817765151,-0.1664390181041595,-0.8159986793431582,-0.1302805827106308,0.0,-0.944962462513649,-0.4374687754657103,-2.983158176702111
-0.11417719161262685,-0.2689852609627206,-0.6245917056891948,-0.6809460678314192,-0.7578171595656338,-0.808888508717418,-0.6506746296410357,-1.1241416224735303
-0.2513605896986659,0.0,0.0,0.0,-0.34069063526473453,0.0,-1.1971347324564876,-0.48178175358312725
-1.502341016096575,-0.2466909331477476,-0.27785271740419315,-0.6467439550891978,-0.4746097432026577,-0.6031649938797337,-1.7643803258155213,-0.17640846649115272
0.0,-0.3685189814892107,-1.4061772817897973,-0.8997337040345785,-1.1791381878849405,0.0,-0.4408349257940758,-0.5451618513227725
-1.0780373256099889,-1.1456063022894645,-0.8407626668393844,-0.6038192691212094,-0.29967646660926306,-0.08930630069513068,-1.3426428362678777,-0.9025380813320707
-0.7202070638729046,0.0,-2.380654477437509,0.0,0.0,0.0,0.0,-0.08495870476156142
-2.027186393931167,-0.24738198863965177,-0.7642041202462071,-0.20642340898773437,-0.6651302603551441,-0.13002585357326346,-1.0633485734005728,-1.3219575881272698
0.0,-1.5512896135258956,0.0,0.0,0.0,0.0,0.0,-0.3706155897992751
-0.8253045343056753,-0.7844000207181177,-0.1325033008318286,-0.21467698302138505,-0.8540846601217584,-0.24472384358559474,-1.3152985988387442,-2.34397528856707
-0.5825275609257421,0.0,-0.30460602185980434,-0.49513358353830483,0.0,0.0,0.0,0.0
-0.09364789934952888,-1.229722223035969,-0.8927817730720058,-0.09022276557330677,-0.6508059749070085,-0.20325863906350428,-1.0222399042634676,-0.5732876136230471
-0.27020158639127523,0.0,0.0,0.0,-0.6701478605856215,0.0,0.0,0.0
-0.15749947590039515,-0.4286996656520783,-0.6145735538833064,-0.7550747156032456,-0.5753603464896369,-1.697592152239821,-1.771978666842715,-0.6466985471288647
0.0,-0.44242437153441116,0.0,0.0,0.0,0.0,-1.4458100261902178,-0.6153973289325965
-1.3263836346151452,-0.048568495103643805,-0.6523751459185156,-0.04648132979400543,-0.1074572405528933,-1.3819678454618618,-0.4663888660633848,-2.2464648818672384
0.0,-2.00127798484142,-0.43279759687371744,0.0,0.0,-0.7152687470365047,-0.17711200641995362,-2.868357783205145
-0.22415006359260214,-1.2836883547156388,-1.1941490151880316,-0.3859383490311341,-0.7440405686827942,-1.0186604706155542,-0.44610520320096825,-1.5932099043236372
-0.14768244010565645,0.0,-0.7153247050017795,-1.792745055923894,0.0,-1.6790616394963376,-0.4369597217847838,-0.11192703936509574
-1.8779349863401027,-0.16211074616256127,-0.5964908532992386,-0.8938014625307957,-0.03069807837120564,-0.06121700656205853,-3.080250615830031,-0.013652059242845738
0.0,0.0,0.0,0.0,0.0,-1.8894950603805132,-1.2928808750759728,0.0
-0.793605528577924,-0.21759313974904515,-1.4003956132025817,-0.2616094910076976,-1.617817631404491,-0.4505280770995155,-0.3728062892043251,-1.4034099707124756
-0.053652643376258524,-0.03136839833438554,0.0,-2.0830536201425627,-0.8454810834173676,-0.24366199680319145,0.0,-0.2898698461166145
-0.8640594433846447,-1.0039018067018493,-0.35067981260432113,-0.13487812654261422,-1.318978144175535,-2.361893508574715,-0.2629035042002714,-0.006250793884166939
-0.7907628809739888,0.0,-1.7208470764646915,0.0,-1.021828447514105,-0.7226207230609205,-0.624302375611868,0.0
-0.4556133340919555,-0.1572749945306171,-0.12281115382533425,-0.2750529841149323,-2.1192451785346345,-0.3895408171683714,-1.151058780813826,-2.2552591070599775
-0.3695742647498763,-0.24443146426126905,0.0,0.0,-0.986128110341558,-0.8163998690026872,-0.7551262549025974,-0.1921568863451144
-0.41215781485515457,-0.22429739057109188,-0.39378705447280105,-0.9594682917791051,-0.23591530350156997,-1.4174867319033728,-0.5994410052215997,-1.8742087666107725
0.0,-1.2607158050400615,0.0,-0.04202881920246071,-0.15933490787278526,-3.3155074579913606,-0.32346118940708823,-0.001667422159767895
-0.633805080527436,-0.2714117359289645,-1.5593727366064378,-0.16214177368834992,-0.7953836646254979,-0.906732299689077,-1.8263126310218274,-0.7193164463677286
-0.12997451404396454,-0.6406524819510917,-1.2533751659302004,0.0,-0.3767762146367133,-0.0605537264177034,-0.14952109521788692,0.0
-0.011063373976840651,-0.2722248784964716,-0.3311122548728518,-1.3228638210537609,-0.5610195148455004,-0.9588981917087036,-1.4760016213666356,-1.6796777621562011
-0.23810308764128685,0.0,-0.8285324392619131,0.0,-0.02848409672564234,0.0,-1.0539163108823493,0.0
-0.0653816575556645,-0.4268196416615213,-0.13226633940350396,-0.5995669414569704,-0.03052386489968484,-0.27062267408314256,-1.2229841927509,-3.0715322929259283
-0.5983351986969785,0.0,-1.8104063639184735,-0.6737875423634216,0.0,0.0,-0.3213037000417449,0.0
-0.5987305497536823,-0.7986497494635456,-0.19069532442941028,-0.7933028553655399,-0.1013481297942409,-1.7997565212307656,-1.1962227287897802,-0.12746699347403911
0.0,-0.330136588692155,-0.014325120581365702,-0.9981190578286672,-0.23864087340301054,-1.3419038008095248,-0.43916652970104764,-1.4445754592126745
-0.07133193645612934,-0.5863051499811132,-1.574736417660099,-0.21700479948643547,-0.5220822711736348,-0.3507943425872888,-1.0185915995180759,-0.5268385594073361
-0.435827443159134,-1.3462711981557751,-2.6660550554040476,-0.8598659838538492,-0.2026040376891025,-0.15937759144648034,0.0,0.0
-0.12534768860391132,-2.1704745302135215,-0.1864480740606398,-0.8667980610706039,-0.18611540699792517,-0.9885477038951134,-0.10044968657876296,-1.2834373945131805
-1.3444529750794603,0.0,0.0,-0.6818326467360745,-0.42829371492947477,-1.0825286510955925,0.0,-0.891108414106319
-0.4872958747067191,-1.0985328671582213,-1.2992281290735415,-0.3999806267250685,-0.48508539791033023,-0.9948982030464997,-0.6855804044702634,-1.3500545604142173
0.0,-0.757145577512639,-0.09421397964466216,-0.7316077701796413,-1.171240326384254,-0.4761788378576677,-3.139057730532363,-0.11061401334790766
-1.123417775737101,-0.07183308939817845,-1.2751954704283808,-0.19444088725196984,-0.4132038935784843,-1.8346612365759096,-0.3860826321998303,-1.3714533637286026
0.0,0.0,-1.8202256598691369,-0.6687331320767083,0.0,-0.6958691366120888,-2.1665878902946645,0.0
-1.1997111575019712,-0.6475031185715991,-0.2877910137813142,-0.1712789058495927,-0.6812316794957365,-1.6173405179360953,-0.6151437083105593,-1.2604503793634994
0.0,-0.7928383127286365,0.0,-0.22947075973120334,0.0,0.0,-1.071747462917962,-1.1946462108778997
-1.2951381683468872,-3.168795741352573,-0.010251976384774153,-0.6736724398710363,-0.3971340768868963,-0.16743961823744424,-0.7516361069875135,-0.21553157004562706
-2.755899267061632,-0.0008166183434390462,-0.07738548134304857,-0.5098719648405714,0.0,-1.1880965649937272,0.0,-0.1817593634070045
-0.5623232648719085,-0.7607677396071431,-0.2811172768258663,-1.186254872209826,-1.1064652878585202,-0.9797743498299694,-1.3552657904830143,-0.5979649747752145
-0.508503465491069,0.0,-0.042629783022082535,0.0,-1.1941297483786073,-2.1736192855980176,-0.9489067084707177,0.0
-0.23030470903824263,-0.9972135410896152,-0.07192269759680237,-0.19857920253313033,-1.1524825814326451,-1.9736176295134547,-0.08381760408564354,-1.696010476800411
0.0,-0.0006530743559505225,-2.1174381499170556,-1.3614707596158082,0.0,-0.023244744541900175,-0.5184478849059584,-0.7619869360459193
-0.4175759334004523,-0.7832064527966738,-0.2633814684839706,-0.09455688201208012,-0.20981181916674352,-0.2277078900816658,-0.06761782041506859,-4.3308534349319645
-0.8043424896753226,0.0,0.0,-1.4603418374457586,-0.5749777822881592,-1.0917187540015467,-0.018188341556129473,0.0
-1.3921723711491731,-2.564641842918423,-0.17238552498974435,-1.2040148591346904,-0.4534669418401682,-0.2764076114269285,-0.5041224034483509,-0.1617352909053178
-0.9811413331016183,-1.5543877176662262,-0.03675017950776116,-1.038096188253994,-0.10297930601054262,-0.3477101484357892,0.0,-1.4248569034663445
-1.079781552729818,-0.3593989164664695,-0.1070946844051619,-1.109490075600771,-1.3499954266107048,-1.6867992065029611,-0.7687467640781058,-0.3133087664660721
-0.9068401963520012,-0.005711938144041362,-1.4854157977847002,-0.16898116916896289,-3.1182661076882727,-0.7293875111989934,-0.36072997388450556,0.0
-0.6435704030481011,-1.8157829215200865,-0.3327467213435824,-0.43264439625306395,-0.5955277489520672,-0.23080910711127256,-0.37066555078403773,-0.15524222084924322
0.0,0.0,0.0,0.0,0.0,-0.7963558159300863,0.0,-0.689963328208183
-0.9153315869805949,-0.3894326618268735,-1.4429616713871232,-1.2010287685031313,-0.4433482280986176,-1.140205551269629,-0.3307521946356822,-0.28090090441968396
-1.0694731282647707,-1.21322362365368,0.0,0.0,-1.1874564092855273,-0.1390508006612956,-0.5778270045916853,-0.3628595934889809
-1.3950819817896711,-0.7836744715194301,-0.24984135222697734,-0.8446541943328887,-0.00014137890650722795,-1.0328035307639327,-1.018180421363339,-0.5549317650100374
0.0,0.0,0.0,-0.028585743981865086,0.0,-0.5295909427647238,-0.8691453733864618,-0.16272796814271295
-0.2970056543201993,-0.525028338695174,-1.3270829171969476,-0.18587527088080247,-0.4979993340922073,-0.025723070373272705,-2.9925020435321024,-0.5234561067184709
-0.2713826734417779,-1.740964793392875,-0.13704868796781433,-0.05784427589028773,-1.497608187442685,-0.5155783909913785,0.0,-1.5107098597528195
-0.21963808625869863,-0.45616750588121135,-2.3320929734121254,-2.9222467292312366,-0.03398917085631137,-0.23491911535162568,-0.1966097764356789,-0.23939575383149503
0.0,0.0,0.0,-0.7842105784748155,0.0,-0.7082468319959485,0.0,0.0
-0.8943714203424289,-0.22081538019792912,-0.21091754602351553,-0.03685944342700598,-0.23667129694469935,-1.1608317541999735,-3.0612466873076127,-1.1348129726246023
-0.35145464435998086,-0.12047609463258269,0.0,-1.3620887940101065,-1.539288142845101,-0.0595081720125723,-1.727536648467793,-0.18169772709496002
-0.8077531646107605,-1.5655362514649216,-0.2805255064900347,-0.37264682796538917,-0.6997846668950061,-0.6441522074228132,-1.6301754820615546,-0.3080787969477843
-0.5013287835052331,0.0,-1.1970630410050846,0.0,0.0,-1.3489589595266613,0.0,-0.17277160046852647
-0.7677176160611472,-0.19974562414045582,-0.19859647531043123,-1.7731049200170688,-0.19137254133394865,-1.8438990662342176,-1.3936503004522365,-0.31948381893532396
0.0,-0.49492489111148963,-0.6180512442138886,0.0,0.0,0.0,-0.46460004721018233,-0.3782064344813678
-1.0224200316355203,-1.2382531133891508,-0.14635461844271358,-0.7853389985540051,-0.9145159417072506,-0.22794279968672182,-0.6461848763782445,-0.7007102524879771
-3.439371845946621,0.0,-0.24453085360662552,0.0,-0.12399568611208522,0.0,-0.5275903751757696,-0.47841809630244025
-0.23435178518330702,-0.21000302070397314,-1.272661150152108,-0.24320589045980334,-0.31696730763571157,-1.772815379176774,-0.11560283047288689,-0.8344261693052859
-0.5949947181933268,0.0,-1.2685022951345362,0.0,0.0,0.0,0.0,-0.2857802936670826
-0.7760725746454309,-0.08257494983086922,-1.981328410905233,-0.8877148427953392,-0.9131977370755635,-0.9535540855305245,-0.06001032033131182,-1.1254162584371592
-0.02918690560811843,-0.4703297406320637,-1.5501709986851422,-0.7672674038271925,-0.37686282638789237,-0.7962339600529846,0.0,-1.3620678969054048
-1.197671565520885,-0.04933317368887025,-0.34632582894742114,-0.5286965868005815,-1.5726014029598385,-0.440125348565525,-0.06446367481477111,-0.949275337055302
0.0,-0.6288240021784128,-0.29774745736156927,-1.2994256116270924,-0.15995920199949332,-2.1633021934319023,0.0,0.0
-0.35910669681376906,-0.5908059573450046,-1.793117619290097,-2.0823059911733033,-0.23801491063717428,-0.5692898742209751,-0.798763584593952,-0.37500280368522976
-0.24763635362300906,0.0,-0.916828848931682,-0.3113798795646634,-1.656514573567069,-0.19678782565324493,-1.541771715501996,-0.2943403198718011
-0.3432409038224984,-0.6038300250727993,-2.570807532396066,-1.8136343701151834,-0.3492139205198139,-0.04373873500165626,-0.053402469257798124,-0.38807089277430773
-3.0583465971758876,0.0,-0.3853738461855256,-0.3683100321132855,-0.06743231360058921,-2.1799312877992403,-0.0632200104175693,-0.5704722000275648
-1.5232263255424874,-0.3355886482516377,-1.0662043233503935,-2.1410826273231436,-0.7137214339326272,-0.20056680145385286,-0.14753204551947707,-0.1453814756584242
-0.7395849187139643,-0.6966545455251723,-0.7549043336538652,-0.3379932476831602,0.0,-0.1100311245998098,-1.2138522872817745,0.0
-0.027095485689645038,-0.19505091634519722,-0.695709946307792,-0.7508537697548707,-0.7679903340215297,-0.936423816020941,-1.2824292873985268,-2.0875459281084243
0.0,-0.3863159843312127,-0.7886511656893793,0.0,-0.38092810605442473,-2.7500151735281637,-0.38713970450596324,-0.4411820909407087
-1.0664667511979715,-0.7800461097499598,-0.19691726370268547,-0.009512709698004329,-0.1560794656457558,-0.30580803120223,-0.35558687019829716,-1.7619504732595788
0.0,-0.6465541345675749,-2.343338847502272,-0.06279983381943133,-0.2592418167177559,0.0,0.0,0.0
-0.8984639105934837,-0.6913595069677649,-0.4055865260237388,-0.3872788281686059,-0.026711906586555756,-1.325665635191685,-1.3730400255686286,-0.4970491445056542
-1.5813202719529347,-0.4164146494622001,0.0,-0.7914977105297929,0.0,-0.22381205932870518,-0.7700990122238398,-0.16077379487846244
-1.4659776855396345,-0.006720630726274379,-0.20025095523762815,-0.7652729853635654,-0.523072557470809,-3.036728745719996,-0.10982147380875595,-0.08577577595062102
0.0,-0.28422592298658245,0.0,-0.40394453733913593,0.0,0.0,0.0,0.0
-0.7635610940532471,-0.5139533347394831,-1.072285176281878,-0.28821087151831026,-0.03847695172423826,-0.9270406044644321,-1.5607985507485793,-0.9140160617260751
-0.04705414447761935,-0.7873281252264865,-0.04117941648737844,-0.2771942439980881,0.0,-1.275861082051028,-1.638244868079636,-0.9104417035216095
-1.6586149152653178,-0.009475063887557589,-1.0988451881210732,-0.3309807188102294,-1.021463835093682,-0.8718139479161833,-0.1444823826628907,-1.6919959549626409
-0.5712579683794239,-0.7479670513658716,0.0,0.0,0.0,0.0,-1.185407634839641,-0.08134806714091969
-1.1777003529573618,-2.392032839163357,-0.6384941756156373,-0.23835471485563176,-0.1331475160504496,-0.2409876985923276,-1.1539301847313972,-0.9898641881906318
-0.14991751552691746,-0.8931242522092306,-3.2520880470695404,-0.4273848858222431,-0.31058043821526216,-0.6330300017081978,-0.5355354950741216,0.0
-0.9224658839002036,-2.2102488525518043,-0.22771037061668942,-1.029757407038451,-1.2840882085732845,-0.673767399683026,-0.13290053224683085,-0.11586205192700305
-0.6236633865936154,-1.6575310069682176,-0.46992982132159344,-0.6045618265815502,-0.2665249522798119,0.0,-0.18012214866680942,0.0
-0.35818143868801755,-0.8698810632217757,-0.41662719370267176,-0.11345262093143216,-0.16964676013359625,-1.0786879819753743,-0.04431362583824594,-1.8368056387040097
-0.4123909183463699,0.0,0.0,-0.10229935619600194,-0.16236579553486408,0.0,0.0,-1.4936368196068548
-2.667437436619191,-0.056346543392706394,-0.4046541495204181,-0.4607315178983251,-0.4158322193620654,-0.9590771827509252,-0.06313741549745977,-1.961248407972696
0.0,0.0,0.0,0.0,0.0,-0.604069063157656,0.0,-0.13992909632517225
-1.5123918114523072,-0.22406130301690208,-0.22794861883998596,-0.3319249342423394,-0.6065295594268818,-0.20214373416079745,-2.052453448778337,-1.5517742210246235
-0.2071554978628356,-0.6310422006809215,0.0,-1.2788677741239667,0.0,0.0,0.0,-0.7466314870509265
-1.2054675879747192,-0.231863097976583,-1.2461706210818626,-0.09080294301788694,-0.14485826390038348,-1.1772231130474013,-1.0676671900504937,-0.31779682273978693
-0.5550214383571488,0.0,0.0,-0.42041994530500215,-2.059569681981074,-1.0175810829696559,-1.3033453656683713,0.0
-0.6195816529555325,-0.11960998241213261,-0.5849721731046591,-3.3980200387832675,-0.4359306020989644,-0.030543231045050412,-0.18758564013817125,-1.212035087312767
-0.08772188024383798,-0.2851430593222215,-0.6723632490414353,0.0,0.0,-0.8005794130695749,-0.2756123337750056,-1.135692186871153
-1.2335459097958,-0.6254628357050391,-0.3218066398759518,-0.4045040025022848,-0.2747282224785206,-0.10941201056952643,-0.9972390616513449,-0.2627827875955102
-0.09596855699281726,-1.5541962750116651,-0.08693006623519306,-0.4284486896784294,0.0,-0.9682895123887763,-0.8615483143687044,-1.8204088353475063
-0.4545663099775883,-0.5949426120486532,-0.000644831657297118,-1.292756167573902,-2.1604726523990516,-0.11161825123136282,-0.04824247090143352,-1.5632932389646506
-0.5483510214074379,0.0,0.0,-0.1725191116157614,0.0,-0.1490900235194097,0.0,0.0
-0.2118028075911651,-0.12475744642944786,-0.25773739309600163,-1.612710591580755,-1.7683223067566862,-0.29136368838926163,-2.326235412128603,-0.05933920066118237
0.0,-0.8597108152628907,-1.027745460469581,-0.09241185645592154,0.0,0.0,-0.2540453902193551,-0.5260987807138777
-0.5853055075892089,-0.10725846667847172,-1.9666049998466253,-0.7690846754466385,-1.2732118739161313,-0.11928381067511751,-1.2727644330881631,-0.0010123082864046395
-0.19998331790463464,0.0,-0.4286398055968892,0.0,-3.3982924712699836,-0.06803822371566781,-1.166263579131905,-1.0882191673658888
-2.496934695628866,-0.0041247413642553354,-2.0261824841489418,-0.22958878744302424,-0.6484603258285455,-0.7240404872541664,-0.39854612181371163,-0.4151517599200396
0.0,0.0,0.0,-0.739245960446099,-0.430969193976237,0.0,0.0,0.0
-0.3423760281962487,-0.40652820213357543,-1.9440551015166463,-0.2348313318830293,-1.2530261327895058,-0.9082861685796502,-0.3074403063827109,-1.48646456087232
-0.44932646282257416,-1.4578408537219998,0.0,-0.18154722340902385,-3.9048653121706938,-0.6337868634664217,-0.026845991952045622,-0.21475716780590126
-0.24694286912344143,-2.1755953095252574,-0.36313670012530963,-0.08547305204684985,-0.7497733487758813,-0.400886958937412,-0.3275043699699882,-1.5675433601150939
0.0,-2.9724654303937035,-0.5362120211914281,-0.10214198427489407,0.0,0.0,0.0,-0.12103857203165092
-2.394799126728077,-0.6233254799181864,-1.0060808975151936,-0.6594305266487126,-0.5313682124343933,-0.100866374554192,-0.6077897240086942,-0.5028441418543093
-0.24467813736085464,-0.8958030643556532,-0.48941702599480674,-0.5657848685999598,-1.61579354012102,-0.44790471380158614,-0.6215736481903873,0.0
-0.536348586932605,-0.000995943353849782,-0.18493428108318444,-0.1109678295313925,-0.4623287763559798,-1.4891903437530516,-1.5987559638049547,-1.206342222456187
-0.8700607874496304,-0.3581002504788753,-0.9051868285576523,0.0,-1.8033616117663964,-0.24242734723460657,-0.451163452878669,0.0
-0.2549114370793282,-0.26815568625029584,-1.8802785847531869,-0.11317365356412346,-0.22354649878357424,-1.0801718229152444,-0.060013192534752235,-0.6122720833838917
0.0,-0.7789798313343388,0.0,0.0,0.0,-0.019779665030609905,0.0,-1.0331859044084482
-1.5975578273448061,-0.5344685641383462,-0.009278853258835262,-0.8062410861234817,-0.6754001517738839,-0.18645701591220032,-1.821727899648688,-0.18141677148627533
0.0,-1.3276950163328127,-1.809906806096505,0.0,0.0,0.0,0.0,0.0
-0.7625638345048396,-0.8808727054030419,-0.1625298878392858,-0.22390950490159245,-1.209237049707749,-1.5336056365514565,-0.5812744777383321,-0.7250758098127159
0.0,0.0,0.0,-1.7545506974576153,0.0,-0.11770295650748519,-0.16272898444477235,0.0
-0.8694708793058359,-0.6075876115105858,-0.5140444183935111,-0.14471736061664942,-0.15331812622419871,-3.3565351763764073,-0.9916426729937999,-0.2757497569820915
-0.7706820778091483,0.0,-1.077377825035212,-0.041571887904869875,0.0,0.0,0.0,-0.5662444620530298
-0.8669069907705635,-0.9078558409509796,-0.02722540465553447,-0.3007257782543169,-0.19495775982650532,-1.8558786370308216,-0.059933602466898606,-1.561888742823479
-0.1206747098406078,-0.3284252308327966,-2.33855968355083,0.0,-0.5460630555376929,-0.9864008206362787,-1.1950787050934917,-0.77332912369154
-0.9217753997463385,-0.645336585862025,-0.0654866440984101,-0.6823600068762774,-0.63993593530253,-1.9731442775996424,-1.2524903996395453,-0.046861831989787994
-1.2715589557449016,-1.4612235682089443,-0.7618818855082994,-1.2435901669015568,0.0,0.0,0.0,0.0
-0.10003428140482917,-1.1436934114707284,-2.3156089337207195,-0.09346625902262762,-0.7812344987254791,-0.7776954646291152,-1.282484334519232,-0.22368611161765983
0.0,-3.35039325617308,-0.14228083650791934,-0.41593576921736375,-1.7112721387387584,0.0,0.0,0.0
-0.04939317390400966,-1.8568025152374164,-0.205470093707099,-0.9969179396193084,-1.5941090874538215,-0.23201875930113136,-0.9870318098882773,-0.3084701722879091
-0.6917312609744446,0.0,0.0,0.0,-1.6282970427501144,0.0,0.0,0.0
-1.1957035057710774,-0.9541483329081588,-0.10378121153702669,-0.5243148169701994,-0.33059116407814493,-0.043791740749497876,-1.5242051273181954,-1.2943673487807104
0.0,0.0,0.0,0.0,-0.09114420531352785,0.0,0.0,-2.79822928547343
-0.8548830472760915,-0.7417682969062547,-0.08923333317394011,-0.4514500708816458,-0.8155185907174793,-1.7647518450551454,-0.17312558610079698,-1.8954403583893455
-0.6196862931399236,0.0,-0.5418253142938587,-1.1665974638955934,0.0,0.0,0.0,-0.23209102704544549
-1.8902233521271636,-0.1453626479709964,-0.3001799923220059,-0.5185653893035926,-1.5620500910454478,-0.023703019975052086,-1.504101040405196,-0.6376329841108532
0.0,-0.30943134284512297,-0.08036887335805876,-0.49092072631766115,0.0,-0.5941853124742069,0.0,0.0
-0.5706877351193933,-0.8957120816982593,-0.040568751303460715,-0.0590531285922431,-0.23290246971152584,-1.5084230008530968,-1.3615724249216345,-0.48059922899945384
0.0,-0.9987514446914387,0.0,-0.09624182879410359,0.0,0.0,0.0,-0.6790421103659376
-0.8876248123627626,-0.07685938116683921,-2.106093615587354,-1.7289735813711182,-0.29875404744092204,-0.016858226062855586,-0.38373043726150513,-1.032925756968873
0.0,0.0,-0.4549325608847461,0.0,-1.8097737984438256,-1.3390397757116794,-0.8909860429804368,0.0
-1.3801643986110452,-0.5242064607124366,-0.34209418576790807,-0.7547193116767179,-1.8806165617256294,-0.4508297684012934,-1.2082542488724215,-0.3744165516706559
-2.236651092750469,-0.15199455873282197,-0.5305706260244412,0.0,0.0,0.0,0.0,-1.892168626029532
-1.5056438770088043,-0.5072403480326964,-0.17327505313877278,-1.9185845113474302,-0.7449195814387615,-0.563311139662046,-0.05466022533209447,-1.0112253725732092
0.0,0.0,-1.1501088639354773,0.0,-1.2066035885747777,0.0,0.0,0.0
-1.0503977270046807,-0.5658084063458162,-0.06528810908831861,-2.0411504495316963,-0.824940173166949,-1.3527562757228973,-0.34263726090470303,-0.19391582512785366
0.0,-0.8247856915422993,0.0,0.0,0.0,-0.03229593370121275,-0.1834462359050617,0.0
-1.2563266334621153,-1.1721611586621883,-1.0181584956138554,-0.5727549060522605,-0.3338976379343048,-1.0145368370356378,-0.17656781691633405,-0.13852235540036695
-0.2798898890306658,-1.380951006686522,-1.2096074824381517,0.0,-0.3098959059150346,-1.4072861348167933,0.0,0.0
-0.5660282215883896,-0.05898556236824248,-1.929575313331907,-0.4106559278299038,-0.0816819753326703,-1.7285303267405299,-1.4525743417185097,-0.32217280634673884
0.0,-0.5141710476526189,0.0,0.0,0.0,0.0,0.0,-0.5303264665210099
-0.4109183603274422,-1.303050356204838,-0.9987236903069308,-0.1212435590322336,-2.104184831832173,-0.8202005146141822,-0.16008344049810308,-0.9847758811002354
-0.5592691439779394,0.0,0.0,-0.3089369809013469,-0.9087130781719708,0.0,0.0,0.0
-0.9803889980108149,-1.2226251240146286,-0.5012910629174785,-0.6123065442458007,-1.9361314726536216,-0.153683730560787,-0.07405887634633146,-0.40989657146699265
-0.005665212698174216,-0.9575102530701791,-0.35023273228712526,0.0,-0.8802714477943061,-0.027173559383695256,0.0,-3.141216319928475
-0.7398403166633631,-0.27605381747089464,-1.0125373193731377,-0.1696531412601372,-1.3281121463307741,-1.0809429500897334,-0.10807422993142524,-1.6693575983344715
0.0,-0.04083944734720202,0.0,0.0,0.0,-0.08944886773315375,-2.310051082858817,0.0
-0.805110952717941,-1.5082008917684222,-0.1486351132287531,-0.4486578543898503,-0.16537950070559404,-0.023489336898885327,-0.8487506189510468,-2.5101126656365516
0.0,-0.47155346406749743,0.0,0.0,-0.9602071013750368,0.0,0.0,0.0
-0.660779720088259,-0.022568496899283197,-0.2986314252421547,-0.4810071230154751,-0.737168344013237,-1.1491687652471265,-1.5410957611950513,-0.022941278223492567
-0.06569920831242726,0.0,-0.6402996615399106,-2.745919623664416,0.0,-0.5789795621392777,0.0,0.0
-0.8612736692262288,-1.0324522673539027,-0.1145349060835068,-0.844884174089005,-0.785566068997885,-0.9388855901221431,-0.30651282204419505,-1.0296451834424811
-0.5139291880736652,0.0,0.0,-0.6092110186178408,-0.7882181607398069,-0.30875112934812066,-0.006683487535387833,0.0
-1.587473000680692,-0.4305998977541865,-0.9855391890782155,-0.36019182052320353,-1.625486911715055,-0.42286125578645084,-0.3738800004495104,-0.3485806033005536
-0.37032468646743055,-0.1715410106146873,-3.6321957317665974,-0.019062138641839255,-0.5682716353727075,-0.1789554016119519,0.0,-0.9179257506406753
-0.178895913392906,-0.15723506766302275,-0.95726292495028,-0.9137767235041014,-0.34649392109978816,-0.11021323492657586,-0.3558422498938274,-2.6258489114390313
-1.4930876446117356,0.0,-0.42699646995008145,0.0,-1.6263906849390937,-0.16484670296906057,0.0,0.0
-0.6566845394860312,-0.6079392779984358,-0.4474529885337821,-0.1274296033616924,-0.7396314674421429,-0.5360999170930469,-0.1516172121407866,-0.225845368614074
0.0,-0.022113765591941004,0.0,-2.3456735492040233,-0.6493477718658047,-1.2367217751701007,0.0,-0.6503738352533448
-0.5149966760010329,-2.0948666102019606,-0.20453849614425224,-0.4928437458711876,-1.0968620516638312,-1.553283008849796,-0.08566653325798157,-0.29839391609515253
0.0,-0.8238521552413127,-2.115872094492169,-0.5026292910013561,-1.8496290411498428,0.0,-0.23236530759406726,-0.18020958230841444
-0.5568008881361841,-1.03062673506642,-0.19328904970223526,-0.5187905875275334,-1.1478823551455273,-0.39333365991394853,-0.3504916211336928,-0.895313118133946
-1.7165791746961938,0.0,0.0,0.0,0.0,-0.2557309981785192,-0.4263887863758429,-2.214617490392606
-1.8352044977228816,-0.5271612176444895,-0.15138850906125167,-0.00770379687224132,-1.2796538981998928,-0.33526277938823323,-0.8524397014802974,-1.5595092150626568
0.0,0.0,0.0,-1.9556153500628612,-0.40152997091196774,0.0,-0.9368151645511889,-0.26577602710532666
-0.006461653448926796,-0.8175245144536891,-0.5361214398292597,-1.9442394499177276,-0.48704043079823034,-1.2447674105705095,-0.574781895082431,-0.5846934910749546
0.0,-0.11717209769988113,-0.6068871840686434,0.0,-0.8127799122881196,-0.05541138468199591,-0.28902998296060645,-0.3628456379032299
-0.9175120709089466,-0.7100907073212319,-2.0057467947942813,-0.45189138138236906,-0.020089460725272623,-1.3063498638845887,-1.3639104940773539,-0.1598001886543825
-0.9351817822307957,-0.2701543322307298,0.0,-3.2824737546622407,-0.008894461628357497,0.0,-0.41109813055146205,-0.5461380978510171
-0.07579132772685959,-1.7143672304935018,-0.1376551380550648,-0.8787114038194899,-0.35619748484425173,-0.6672776604405213,-1.1399360401313956,-0.26513239609512684
0.0,0.0,-0.5354885071657218,0.0,0.0,-0.9630964641843995,-0.06801195333646426,0.0
-0.7204918184187239,-0.4984370108890568,-0.8275205652850657,-0.5100861234100371,-1.684248208032689,-1.079288011023361,-0.47399437492086083,-0.03786408651838791
-1.4660262171193734,-2.1761265975964648,-0.21587073905440946,-0.9175640415661874,-0.02758994374136492,-0.3879226920805765,0.0,-0.5212036835288316
-0.0972493872132425,-2.0771703404483395,-0.6138697155153325,-0.1046969295343283,-1.2357703398647626,-0.22840323241278337,-0.45658451064280836,-1.962390597460315
-1.3253199324986076,-0.040734789226369195,0.0,-0.08232602841342729,-1.9827975380496285,0.0,-0.13844122225681232,-0.2323233702087899
-1.231976689290084,-0.6820456304719649,-0.08359196778912725,-2.4135564285707227,-0.42430134426994837,-0.6050047272874464,-1.0633076719946537,-0.27299875564718423
-0.715592541184864,-0.3243243006161469,-0.13648198595277794,-1.204384938874215,-0.4268833332732367,0.0,-2.4690853970137576,0.0
-0.5198055792770973,-1.8819115097936878,-0.32717678226133007,-0.045735126393359415,-0.892649112725989,-1.574768416583697,-1.0542140135002,-0.05881783495615345
-0.7425495485100866,-0.24978209978743315,-0.2916684544196553,-2.6398686272114,0.0,-0.0224599344861085,0.0,0.0
-1.8960076602563696,-0.9782576843317301,-0.45679900518524885,-0.032636711247174155,-0.2379338378710596,-0.21983849864418303,-0.36688614958086596,-1.5625612406829514
-3.533920428850212,0.0,-0.6339584106419558,-0.05864334186304543,-0.4439408606622095,-0.16667086156840227,-0.5357308792577218,-0.36434263936464273
-0.31922016918282026,-0.08763907780604985,-0.42147539523853794,-0.2459993453784861,-3.583553674322399,-0.667305183177155,-0.3865008849639242,-0.4255606566828485
-0.9017411067796921,-0.7482880724624383,-1.1481207820589896,-0.09066016989623726,0.0,-2.068642259924607,0.0,-0.6233386439337076
-1.5846275028952057,-0.7918093511050319,-0.585231929907664,-0.013131235961209242,-1.2632655099773702,-1.5159115250252402,-0.2551863917639725,-0.4444379699672165
-2.350460663697052,-0.7392230135682265,-0.013337907243900382,-2.1296399140537723,-0.6982090478876586,-0.049715645186412694,0.0,-0.18692013599777013
-1.0023365429054358,-1.0367328211762716,-1.0256316828068526,-0.455832154001369,-0.33778798990177794,-1.1436270367690842,-0.01785535122223436,-1.4449720486590882
-0.3808166596068112,0.0,0.0,-1.0962083154843114,-0.3020648829395549,-0.5031310092955872,0.0,0.0
-1.4200092880090676,-0.4284845107891071,-0.6341659316194139,-0.06321076749389132,-0.298635390193807,-1.2231872517520275,-0.405002406936692,-1.4048260241622677
-0.017847043535187623,-1.1857030207831754,0.0,-0.9394605335578703,-0.7035016333177913,-2.224304252173904,-0.3845754953374563,-0.6560846303102732
-0.7661990285279225,-1.121011583040847,-1.5149478700268375,-0.8197274154180363,-1.1259962104010448,-0.09900934769364955,-0.38532706335551836,-0.9748104303688159
-0.021597111009513448,-1.3603845652022004,-0.06949999317851407,-2.53184985087184,-0.25712565886273175,0.0,0.0,-1.8800108787208494
-3.0626465153185007,-0.18999291179710198,-0.5264265108138151,-0.3263868092893718,-0.389771837783206,-0.20994684208981074,-1.6717405426098804,-0.06025947968480416
-0.6554444416248506,-0.10406648031352717,0.0,0.0,0.0,-1.52654290752361,0.0,0.0
-0.9411135259750747,-1.3312891082684146,-1.0789540161865672,-0.33457860971083786,-0.5246260275200525,-0.21934113251130327,-1.0198379374639703,-1.1699917355844613
-1.8256727074690557,-1.5113450764394925,-0.9240296509454593,-0.76915657127818,-0.04071415313948723,-0.15585254507783475,0.0,-0.34884284165693913
-2.0268260221558654,-0.6508111245435533,-1.0886357196835936,-0.09247505148646873,-0.0031760604927963954,-0.5490790657731335,-0.9869730824367178,-0.11616235237833372
-2.368368729182615,0.0,-0.5882934995825311,-0.18692825221095521,0.0,-0.1512987638019503,0.0,-0.6542651086741298
-0.4767356504750069,-1.31717294859226,-0.2124174795103304,-0.2418506050365039,-0.7345008745098118,-1.5460058246875716,-0.07731804718828883,-1.137464295349977
0.0,-1.9676892580842162,0.0,0.0,-1.3332176696479632,-0.10421700365857767,-1.1451582180736732,-0.3493362258734196
-0.2677342443957009,-0.1380987321694933,-2.0065021330042354,-0.6649970366547002,-1.6012140311494552,-0.9665855565557964,-0.5687254624729237,-0.29187178439827033
0.0,-0.06715214639223177,0.0,-0.17949532310320837,0.0,-3.2911738592391453,-0.4302178892259274,0.0
-1.171405583827955,-0.7871277152033143,-1.43450814019889,-0.5797151622221577,-0.19702249568462182,-0.04436731339981481,-0.6812733922447496,-2.059883840653832
-0.5613000368254699,0.0,-0.1928703901229083,0.0,0.0,0.0,0.0,-0.738770364036176
-0.8496651040910361,-0.8607464579121284,-1.233300614684743,-0.8688230852523855,-0.7880547374648099,-0.6026159644954268,-0.7037009105501211,-0.46376419154667303
-0.5207535379254455,0.0,0.0,-0.1624083792410902,0.0,0.0,0.0,-0.2955670878071368
-0.3304545056404127,-0.4821183922504373,-0.11315705617214178,-1.3390899547245878,-0.5851993801959594,-0.7743812470594786,-0.49068567219828996,-0.7567846119432877
-2.2866296750271387,-0.016186811765495968,0.0,-1.098770849422805,-0.9373058690203706,-0.014799587595700991,-0.03387665040293797,0.0
-0.17518804611959915,-0.7198718679551455,-0.43214903842229546,-0.5121220077643764,-0.9554816661792902,-0.698579171347542,-0.14348073491037816,-0.07209898149948835
-0.11207403851502917,-0.2501677116297438,-1.574661727298567,-2.867151732942588,0.0,-0.14066844661486222,-1.129712248020443,0.0
-2.0384666044993427,-1.1298047544404186,-0.650274047878705,-0.7535557967545046,-0.2677554221058873,-0.15913559800389532,-0.4110367518326221,-0.7260698860203663
0.0,-0.4092662718793374,-0.2515510482641288,0.0,-0.06957105738986424,0.0,-1.6850589772740934,0.0
-1.5268122283221084,-2.2811338645550974,-0.12899443817575662,-0.2938350259162341,-0.4103183204670291,-0.016418324687022867,-0.39493376487262033,-0.4471628657522544
0.0,-1.3380699132319265,0.0,-1.176297633696926,0.0,-0.4683726972865516,-0.19976171150373645,0.0
-1.1765149227833955,-1.002072876431388,-0.19749133456027135,-0.5776376968683872,-0.8295942152611451,-0.5445236174356829,-0.31432542354944637,-0.7463459089803584
-1.2772321379099179,-0.9812339441927591,-0.40142370079719036,-0.11135400080290925,0.0,-0.005025486414913516,0.0,-1.128412177208923
-1.0102720138687502,-1.1671119878085667,-0.19790552466951983,-0.9997043695432541,-0.4983825713738854,-0.4385460411683013,-0.10376657600129313,-2.001348185176025
-0.46521230288956783,0.0,0.0,-0.1753470163540083,-0.6295002640070022,-1.2517372572534065,0.0,0.0
-0.2836997641982286,-1.7346752864315471,-1.4327079295865826,-0.04640894949211294,-0.40755603051642275,-0.13463792382427364,-0.43891567142567744,-0.27714755423747484
0.0,0.0,0.0,-1.070938837304567,0.0,0.0,-0.7187796687596242,-1.2598534172265037
-1.1275138015174804,-0.9391176470286648,-2.3027938712867897,-0.23821122073539058,-0.3996856816538408,-1.2439673117017787,-0.5234192661312358,-0.0692435945388068
-0.46518148568349904,0.0,-0.665542179929294,-0.14519927078717743,-1.023392127482456,0.0,0.0,-0.3315523344510387
-3.9334560914386496,-0.2900441066172048,-0.30390083407677526,-0.926294913796494,-0.08671059548927662,-0.7268086656271109,-0.07781707806165805,-0.10585479509685047
-0.07013344375462172,-0.4467168700024038,-1.9852802332630102,0.0,0.0,0.0,0.0,0.0
-0.8143609892137604,-0.16937313614998395,-1.1557089717688003,-0.43051497276590656,-0.971909732722815,-0.7245611156561562,-2.1293106506526938,-0.21710364296521423
-1.0446398474875949,0.0,-1.2982244001247238,-0.2616070445020018,0.0,0.0,0.0,0.0
-0.8574834792376667,-0.5883433566447689,-0.018271540625948823,-0.44756377269758474,-1.0699731920505577,-0.48522786558842945,-0.9492174756401974,-0.8154819061159317
0.0,0.0,-0.1796081534927012,-1.010478489582729,0.0,0.0,-3.007558160216006,0.0
-0.026350178013422543,-2.9971925505223886,-0.3368756793122065,-0.20290013005640972,-0.10562817743988884,-0.7615638260155944,-0.4043482356532957,-0.40616944814826716
0.0,-1.592242142234074,-0.05415870866098338,-0.5769779776390731,-1.4825783888020334,-0.813269451839723,0.0,-0.11735002542505413
-0.3542512196212,-0.3777194994650639,-4.196212970896023,-0.05982459095616921,-0.12736529496215,-0.4515434591170644,-0.6112363123176312,-0.2128338048729308
-1.2756294608532572,0.0,0.0,0.0,0.0,0.0,-0.8832624030285396,0.0
-0.19512179934848906,-0.13357981896484272,-1.247581824957689,-0.8182969140541099,-0.25876728325048415,-1.7668904298200747,-0.772384933951753,-1.7807178004356263
0.0,-0.4046493527328643,-0.41932417339010897,-2.0984520537314673,-0.47520080735614556,-0.20090071203186977,-0.8303669094637538,-1.6624756505243559
-0.6180873996594283,-0.37660253254966936,-0.3318006101032527,-0.15599066951863616,-3.0889082011308213,-0.6256395926988434,-0.5122829522907528,-0.30923283118887657
0.0,0.0,0.0,-0.610950589457345,-1.0537958651063484,0.0,0.0,-0.125588959507688
-0.3899785907319,-0.03988958658352182,-0.6234658072879471,-0.9993243285795312,-0.10494539357087351,-1.8458279385320218,-0.6169094480742334,-0.8961443389195534
0.0,-0.8810225719872982,0.0,0.0,0.0,0.0,-0.042023360668483,0.0
-2.023253150134593,-0.8833683329413518,-1.4888476506944919,-0.5133102555512208,-0.1600004715941008,-0.1767429914026435,-0.34291094809096734,-1.1943152614456274
-0.05613124498030064,0.0,-1.9729784223357267,-0.9262172510904225,0.0,-1.2894707613844592,-0.46711249940419997,0.0
-0.17676275015793141,-1.1518284232038365,-0.16398838710091557,-1.1743781546471688,-1.4395519999176045,-0.4082682364282295,-1.058351907006883,-0.16701834744569144
-0.03791043816698014,-0.6326186802276474,0.0,0.0,0.0,0.0,0.0,-0.7808052850306559
-0.09045988029515417,-1.2944639798690485,-0.5716365907251495,-0.6569133299550662,-1.0800456954018127,-1.7423365868363954,-0.23383746571065434,-0.8147704721976226
-0.7080506727055589,0.0,0.0,-0.15729575513458105,-0.7551346569665158,-0.23020690663136545,-0.22378329420731102,-0.514534413813367
-0.6758622580797109,-0.5534564357320422,-0.7134562086334322,-1.1097444230198086,-0.8573339594443823,-0.31836998758219615,-1.616368815558621,-0.8393538866241848
-0.1377059310582558,-0.9338868149083721,-0.5908622438585382,-0.022895534862383826,-0.23962707154487006,0.0,-0.9301854781647343,0.0
-0.26977575717146696,-0.20873093404516574,-3.8803728838546543,-0.6972140901329347,-0.5915586751955235,-0.3738538749684217,-0.20466677095574148,-0.4559659440261834
-0.9382541764978551,-0.44206362907627206,-0.8029975182808737,-0.4972067055934506,0.0,-0.4986288009882278,-0.2900156779754983,0.0
-2.1737540055514186,-0.1140921699791928,-0.004772450720265553,-0.2576698075732997,-0.03473729651782875,-0.6211279506999858,-0.6704221350606643,-0.20587221722148463
-0.42660558850515073,-0.8891218829436323,-1.6221077320309316,-1.2976512351953335,-0.5025933262428914,0.0,0.0,-0.8255801820117252
-1.6289857382975175,-0.35949157031164347,-0.27268365359683866,-0.4154362293053797,-1.4680721154181429,-0.45303418645728666,-0.38768462300299955,-0.40067447066808004
0.0,-0.9879608719046411,0.0,-0.9633313503687235,0.0,-1.6278326941425707,-1.0492449627023905,-0.8041404361037969
-1.088854489063241,-0.34943026085028084,-0.7655170042562078,-1.1407575580699962,-2.125430317380978,-0.48000257133382895,-0.6819230309167246,-0.0343355406001038
-0.5938700327844773,-1.9406627326282866,-1.1226863919678136,0.0,-0.6000433096338993,0.0,-0.7871195202566801,-0.45130576583166615
-0.04246701224917793,-0.5079099047384048,-1.4277874319353057,-0.8162640965205217,-0.9121550506724398,-1.2680684023215498,-0.7459405557207885,-0.6093909912760251
-0.3917705083650862,-0.3728516952837797,-0.8814452408576585,-1.3613844433420894,-0.7443646751436184,0.0,0.0,0.0
-0.6048135849614678,-0.1373963155395792,-0.5412644265274595,-0.5464012175344237,-0.3151947627958229,-0.996892209695134,-1.2140624175707186,-1.7724488925520943
0.0,-0.32012119115815274,0.0,-0.029256160512561635,0.0,-1.6190127409425266,-0.18680082609366266,-0.2727002263463092
-0.33459320734722375,-2.0945451759291416,-0.020262179716902473,-0.02239085094935689,-0.022723518029191148,-0.725711916910468,-1.262660948449641,-2.0329651177438386
0.0,-0.15182843444378413,-0.6090546071380114,-1.967174556714225,0.0,-0.3939940145136962,0.0,0.0
-0.06730966777576519,-0.15199753833671803,-0.9900209245676166,-1.5607827868047242,-0.36786825687944713,-0.17311247314945266,-2.6107733600245844,-1.0428602970082306
-0.1656268721223526,-2.4092001717412614,-1.0401694053258979,-0.7976850358403347,-0.7535100753959867,0.0,-0.2234321941019175,-0.6512431400981873
-0.6630714643437248,-1.53844266521409,-0.02888054100434001,-1.6215468146680605,-1.448327189143975,-0.06002285886683367,-0.12259286886917486,-0.4119404345224895
0.0,0.0,-0.8077413703314278,-0.535052859044189,0.0,0.0,0.0,0.0
-0.23114526845087635,-1.8073043919878495,-0.803320382789833,-0.07657310405110707,-1.1243608395414793,-0.2535617670247987,-0.7684821461509159,-0.12835069653616316
0.0,-0.07604915214526642,0.0,0.0,0.0,0.0,0.0,-1.2945540165194522
-1.2013452976391434,-0.08182531799775905,-0.3179461990989907,-1.1522615808614773,-0.018032265275120807,-0.655282980412589,-0.555498391529639,-1.2396672429509197
-0.21262700836818826,-0.11123274613506418,0.0,-1.033148943999242,-0.05115494774067564,-1.5305349047790928,-1.8997389464159617,0.0
-0.3086312460580114,-0.01454476320976461,-1.2715315145151154,-0.9660634166482218,-0.27895369481813326,-0.20481013602169806,-1.7673371006223482,-0.39044667493369367
-0.9594340660960814,0.0,-1.0864970611247973,-0.42223177650941146,-0.6179375593435017,0.0,0.0,-0.8692304165110079
-0.7850252061341685,-2.277957724785357,-1.8300476427552113,-0.8438224068064839,-0.36959298701760623,-0.1735706515119162,-0.0407754250221295,-0.2669741470794005
-1.0526264274565431,-0.7771665824316347,0.0,0.0,-1.7551823109931286,0.0,0.0,0.0
-1.3117741839077066,-1.019184121854865,-0.8792448297276385,-0.15511095915099204,-0.9359378831729854,-1.0580121669516354,-0.7350781226467378,-0.8425523164988027
0.0,0.0,0.0,-0.24637309924627893,-0.8235931213427499,0.0,0.0,0.0
-1.144865612711281,-2.5387917655183454,-0.03152916367789427,-0.21999001407118524,-0.6940387623051762,-0.0017984544800135893,-1.4131828154354809,-0.2950700392777392
0.0,-0.32117695823951653,0.0,-0.7036539770282504,0.0,-0.10695278608260494,0.0,-0.7588385660588077
-0.9747348347898095,-0.5529082305820658,-0.08769404511890855,-0.10592899187873872,-0.19163589131763725,-0.8263209347217844,-0.860476090461705,-0.14680439960238
0.0,0.0,-0.5487726318991992,-0.8762552454184362,-0.799681154229047,0.0,-0.9223586762022364,0.0
-0.15129567814433909,-0.00012575740758880016,-1.5587793410679422,-0.010478452292096208,-1.4824097852235942,-2.0784784686088216,-0.4433148608264874,-0.5430834068773489
0.0,0.0,0.0,0.0,-0.09778120946435642,-1.0345216215792226,0.0,-1.8754672280128553
-0.21153823646992365,-1.0952353788597735,-0.32890485800048097,-1.3448549019746814,-0.6549996867549073,-0.2596176419882035,-0.09240860100947046,-0.47374995593868974
-1.1057103664298493,-1.0763920476068076,-1.853847324661137,-0.4065603911059652,0.0,0.0,0.0,-0.925798844303344
-0.4805736099317972,-0.09470481398604313,-1.097141725624243,-1.6560460332655413,-0.5045405262064726,-1.1699817227470106,-0.8407412314194609,-0.2711434816567744
-0.06372757722914457,-0.9743154012120439,-0.7367517301852944,-0.991726537768125,-0.8685751342491557,0.0,-1.0621383610974293,-0.2450449470624365
-2.3677186748045056,-0.26411551536468814,-0.19799692825800896,-0.5663506954882092,-0.12633683258912676,-1.7209130464670501,-0.19278606225831396,-0.060361164682398716
0.0,0.0,0.0,-0.5207056840793616,0.0,-0.33693231480300323,-0.46411317226544213,-0.8834315362593177
-0.4763961404081236,-0.4297111891461123,-0.5530132270220607,-0.016389527539626414,-0.41174729947749533,-1.096307632772218,-1.2614629754887545,-2.7263480314872206
-0.0699871686895639,-0.25323187549342663,-0.8356207926322892,0.0,-1.871855125433199,-0.3571438878733213,0.0,-3.0413789726014206
-0.8354025890318848,-1.7011226135307265,-1.240628710644068,-0.18949584146389054,-0.4898988817342227,-0.1387142137198154,-1.1579082530737308,-0.9060774387354069
-0.2217787094421455,0.0,-1.4522751448857,-1.1859934243149075,-0.18876744173994897,0.0,-0.8570420083159904,-0.8636046721551818
-0.37088139668936293,-0.003671138609840696,-0.007780672309666059,-1.2514225722050032,-0.2392686318962376,-0.6255721415518858,-0.5999093297110978,-3.5376925939960158
-0.5985384659576871,-0.6076529526906365,0.0,-1.1534471071153005,-0.2574186653506745,-0.3935403490101006,-2.151101080547538,-0.8553841332565923
-1.2496171874930315,-0.20063551001966573,-0.6764094259972904,-0.23075041867889468,-0.832104758372199,-0.253990459920443,-1.2730710697255256,-1.9760000556406823
-0.3828895416570859,-1.5466976317007024,0.0,-2.422643378087688,-0.4422654334500402,-0.3396812548039492,-0.0022205039744536137,0.0
-0.42178861154525915,-0.6320422035926203,-1.1014339919329101,-0.45739446449884635,-0.9294568504879814,-1.2270403440740445,-1.6365198330855106,-0.29987332448773163
-0.17252494387016437,0.0,-0.8109595242857441,0.0,0.0,0.0,-0.5768523231929965,-3.535210148861559
-0.28245313874256706,-1.4762645916302644,-1.137073687131358,-0.5314123056428759,-0.19081940772035466,-2.2497278654630835,-0.2896051894368119,-0.3077500372841744
-2.138403227135127,-0.2344220443348508,-0.2972142562385933,-3.103953542780281,0.0,-0.04628607439558685,-0.5449095777472985,-0.2755784234653582
-1.4740291474497278,-0.7823535813159346,-1.593581263264487,-0.11369946823560895,-1.070967230169959,-0.6017600039367874,-0.7966003457818998,-0.4814559901673112
-0.4964643470992929,-3.3981458277076184,-0.03346371765273215,-1.324067253261032,0.0,-0.914615607882876,0.0,0.0
-0.6760509327593738,-0.5799968068838979,-0.2878248692155667,-3.2094224332532004,-1.0197749781717143,-0.4682712037088166,-0.09098620736552299,-0.4684867674405009
-1.0599633909937367,-0.029565114535334835,-0.44676865068339033,-0.3441916167363859,0.0,-1.9277012439134946,0.0,-0.33304772506254565
-2.3313451421975344,-0.03616227854120613,-0.9108321674675723,-0.6467424714264274,-0.5549049423213583,-0.47982198028014267,-0.45425336298707997,-0.6784432262353333
0.0,-1.3524245704766775,-0.8839036751716289,0.0,-0.8470460542258573,-0.3697180013002539,0.0,-0.039513166245441766
-0.1880107854791735,-0.18334900102491858,-0.7007796359327934,-0.44354663140624595,-1.3036514972720372,-0.7723923053950195,-0.5886529801579838,-0.7429136586516591
0.0,0.0,0.0,0.0,-0.05490775443681706,0.0,0.0,-1.533740677048998
-0.9333774484647126,-0.17759162620358993,-1.866375126826366,-0.17421379320697472,-1.8731722447461614,-0.587694664796591,-0.29203994618164675,-0.5908404931622213
-0.38297975523489125,0.0,0.0,0.0,0.0,0.0,-1.2203071885060748,-0.9239007916258855
-1.8108837415999277,-1.9284227608965985,-0.12788771321287662,-0.2679895214145045,-0.34780662980229504,-1.185933623742578,-0.3412712941341898,-0.598810037512215
-0.35397013455501014,0.0,0.0,0.0,-1.2686863444196401,0.0,-0.36324293314473355,0.0
-0.21686044419436534,-0.2748541913242484,-1.4349287567109963,-1.7024880371421025,-1.5471055900325918,-1.2485229367090165,-0.07473846868335787,-0.4550828986522282
-0.28131723773048645,0.0,0.0,0.0,-1.4109952602335145,-0.12190837858551262,0.0,0.0
-0.145569389654856,-0.06533301946172365,-2.5091786533493003,-0.8368915630363816,-0.972554684537065,-1.8988218964470978,-0.16488275957782417,-0.34076113712097733
-0.15244041039673029,-0.7642896803576962,-0.443845405983903,0.0,0.0,-1.589693443444462,0.0,-0.5081169060409483
-0.45920866025382345,-1.3960151571682182,-0.7624646893272891,-0.4005139682996397,-0.4698339009970667,-0.7066383870497788,-2.126798996943543,-0.5497951399263705
-0.042411530858936786,0.0,-0.8905194737592206,0.0,0.0,-3.3044484258344458,0.0,-0.19975305807154964
-0.15968821124014987,-1.3458473234610588,-0.7194627232706026,-0.4542803311576957,-0.029113403435257368,-1.1962529098105463,-1.8480235103325944,-0.5255409747596227
-1.2721038923823276,0.0,0.0,0.0,0.0,-0.23334455500578954,-0.32980050942658146,0.0
-1.223879858491654,-1.187626743021184,-0.63714446751725,-1.0096175358239794,-0.31651350288970104,-0.5711204804756598,-0.3703642465206203,-0.9800775093221255
0.0,-0.41029692298964093,-0.7771965501804816,-0.6999307933224692,0.0,-0.6905892093757462,0.0,0.0
-1.0744787089692833,-1.3307048637119037,-0.7599504598502387,-0.4823518757055201,-0.17210206270959816,-0.17540950858505067,-0.13455193892642647,-0.7112769028662953
0.0,0.0,-1.4518873294779144,-1.7334921751656847,-0.3333070983654878,-0.8630492945915389,-1.1336149650469345,0.0
-1.9860981817636958,-0.134807469640573,-0.4775560318831866,-1.3516297542850015,-0.7088040452597912,-0.5027289714991552,-0.615148707848693,-0.12926611083962136
0.0,-0.7456928730884202,-0.8029796770288913,-0.8564700412418338,0.0,-0.09339412898760902,-0.6311378303796555,0.0
-2.1698215307906743,-0.5721695902308204,-0.1712673484449656,-0.45885672046577763,-0.45821564973837425,-0.12068497139045409,-0.44938176282012954,-2.4999553664552705
0.0,-0.6654212537418633,0.0,-0.7459984720195294,0.0,0.0,0.0,-0.31399053315941217
-1.2627261123337377,-0.00747299826626957,-0.9585700100257206,-0.06456789017269049,-2.0155174826269837,-0.22995726324300225,-0.37187921377831934,-1.9832679594562626
0.0,-0.05371836947378217,-2.4000073976570757,0.0,-0.9790166040263912,0.0,-0.23192864635928956,0.0
-0.03238491674212085,-0.20882707093043784,-2.2514292044462696,-0.5348360721045085,-0.1944649974091197,-1.8934220066453404,-0.055192973803851686,-0.68766096583151
-1.351072827492258,0.0,-1.2634176003066484,-1.5456934710428492,-0.0019372337208558577,-0.3995076424281878,-0.3596700702280957,0.0
-1.1584978048747407,-0.2949561882794942,-1.383373874302456,-0.2586284036757638,-3.048750870016601,-0.23328394441759848,-0.19940423763422466,-0.3224504149402252
-0.7804581635809296,-0.4107924448864271,0.0,0.0,0.0,0.0,0.0,0.0
-1.4281762850321433,-0.8260294610813661,-0.9787724682583594,-0.0056197839402161165,-1.0869748395575858,-0.1509607107660207,-0.8482017472187975,-1.2120326025083088
0.0,0.0,0.0,-2.3472071326949253,-0.11825700191291943,0.0,0.0,0.0
-0.6371689483071838,-0.4381323976969833,-0.11932146468066573,-0.45446798129481625,-0.4459047902036737,-2.9118642139814366,-1.334522001297664,-0.4669523451883686
0.0,-0.11356011929761944,0.0,-0.4960997693113143,-0.1581341078997065,-1.1988852209489975,-0.8966857855789989,0.0
-0.49312767479895836,-0.02646083733432736,-2.0434436342384767,-1.1823223397512548,-0.48337902060070626,-1.4923754120754484,-0.892223663241106,-0.18439647502873946
-0.5765641414791141,0.0,-0.08544188734745539,-0.39411369080225,-0.09825012958819102,0.0,0.0,-0.04025851322303531
-0.31733905809807084,-1.278697057180226,-1.0475646896679738,-0.013897629781373766,-0.6131430686920005,-1.5069276885194958,-1.2222248729218723,-0.19675318081762772
-0.12844015157358069,0.0,-0.6184272559765462,0.0,-0.9519460933024808,-0.5513203210731978,0.0,0.0
-0.16944318464064345,-0.6171662784079324,-0.8646499260452156,-1.079324139846631,-1.5471838416950323,-0.4627327303216573,-0.0917942950450108,-1.5258578111599448
0.0,-0.36990316394041933,0.0,-0.5374082806525742,-0.45333205393264375,0.0,0.0,0.0
-1.3989277625372631,-2.1156209915416566,-0.2841887806866392,-0.30939166251996664,-0.3801910074624484,-0.23180887877513356,-0.6079762400825635,-0.7094316806707175
-0.4658731617649332,-2.538143871322755,-0.3045911118700806,-0.5842248548586637,-0.14950588680790844,0.0,-0.7732228377770998,0.0
-0.42922056657798,-0.6901305696452447,-0.08035012908031103,-0.9978064925953314,-0.7161943198055303,-1.8086920007103942,-0.836555544406334,-1.1010654576246584
0.0,0.0,-0.5780693567525894,0.0,-1.7156598107002132,0.0,-0.5626191962923777,0.0
-0.5157710692508726,-0.04984723504117117,-1.3551975931644389,-0.27804643736342527,-0.58344706138109,-2.375297326071845,-0.7964165111914898,-0.7088476366811101
0.0,0.0,-0.7138605198416084,-0.5871170315618599,0.0,0.0,0.0,-0.9098654460854902
-1.916816057753243,-0.18776216899861176,-1.4426535622917118,-1.040104117890662,-0.4610113692849147,-0.9951400573265294,-0.49479021315585303,-0.09261488923896177
-0.9405998259486212,0.0,-1.0788419761970198,0.0,0.0,-0.8033539578015239,0.0,-0.27410609783826523
-0.518907498795854,-0.19395103602726937,-2.872260326595115,-0.9920219312562075,-0.7488486913736843,-0.17067085705569252,-0.5914546390232909,-0.6093774627275401
0.0,-0.2697511008748803,0.0,0.0,0.0,0.0,0.0,-1.6555725198281879
-0.6308932172169088,-0.7224813307883453,-1.3525694311799317,-0.6498521827883703,-1.300791016609515,-0.635653196588736,-0.9836581477583444,-0.325869917258756
0.0,-0.18399262291617546,-0.8213795063906169,-0.7706066849598647,-0.4513615506354549,-0.356097429347332,-1.2212198025401158,-0.17278080456532496
-0.917124050117879,-0.11335613276145651,-1.8020057101361937,-0.6850226960451371,-1.7218415477405564,-0.0915341636055862,-0.4668044937910114,-1.1091135216001051
0.0,-2.58107840408858,0.0,-0.8456153896967029,-0.36272410838748836,0.0,0.0,-1.1430452467207148
-0.5965405814911096,-0.003474120664428426,-0.5905536044479947,-0.9968491914598152,-1.0501731268361434,-0.029194217596014482,-1.2620600429545066,-1.6609030050746734
-0.13382568493815228,0.0,-0.46713390264358434,-0.8984062324658799,-0.9920397963462886,0.0,-1.5364102627221916,-1.7513446852315262
-0.8949385822709761,-0.4293954968698843,-1.6252972573248528,-0.037525277678645,-1.1970472831096242,-0.014277153156030842,-1.0300688750202065,-0.6528834134201462
0.0,-0.6830345517282987,-0.6453415758365217,-0.4471621448817915,-2.7473250313057536,-1.3496790016681723,-0.44490408363070255,-0.5210038361354306
-0.8591549737995274,-0.4213746938510923,-1.043949752340514,-0.036142361057799555,-0.5330043671062619,-0.07482134081732283,-0.18411702408570907,-2.425414146397859
-0.046844018379808006,0.0,0.0,-0.6119203402008049,-0.02902182577947432,0.0,-2.0273313296153255,0.0
-1.4856514183195895,-0.5859023458849695,-0.17114964923515252,-0.25080297096512894,-1.3612282222271332,-0.22115001308585658,-0.6484374586318129,-0.8699970841491682
0.0,0.0,0.0,-0.5023222625837942,-0.25254088558969645,-0.03202045846280033,-0.03654698153167768,0.0
-0.3411973224390712,-0.45616316490710673,-0.004534357405806766,-0.6441056675953103,-0.8015777947856275,-2.1602336299326517,-2.3281371224317615,-0.0756757885722914
0.0,-2.057328162232383,0.0,-0.5599058529194165,0.0,-1.8949048976686687,-0.0010729684043138121,-0.7816863489710011
-1.493263217278546,-1.2403188585492568,-0.2625059893110331,-0.45706028843525903,-2.8204413314114545,-0.016275088528961312,-0.12347973715869554,-0.4443076471745737
-0.28871855200902097,0.0,0.0,-0.23483479022876974,-1.6767396326002935,-0.039469868400855646,0.0,-0.8032909229226437
-1.1712271938586065,-0.22378763939850632,-0.018392973933842427,-2.6141580162355442,-0.3687114085276004,-1.0489251032731541,-0.6821307472166227,-0.5155631807272538
0.0,-1.5615800548576724,-0.535473091096021,-0.42308868271423794,0.0,-0.8391880111095373,-0.31579439982865143,-0.12992238202517647
-0.906448631718515,-0.03099878961282254,-0.5178969192767848,-1.300280410674648,-1.2482802318612238,-0.39715071071348085,-0.591585741124069,-0.3022748505729611
-1.765189788834495,-1.0976374296996685,-1.3379494229325628,-0.6923713650217334,0.0,-0.3344180314759253,-0.3911430200505128,-0.20561759106545452
-0.491957575922787,-0.3079372481738307,-0.46944283840810286,-0.0864950870877168,-1.8065625568897348,-1.7931147532365763,-0.6861275369242454,-0.19272359903469383
-0.26673772749342994,0.0,-0.5366422829862962,-0.21771349888420666,-2.3853907977918656,-0.00420860645147858,-0.8719022990949306,-0.8437911935973981
-0.6275863195601685,-0.7330731186975852,-0.5995238469606559,-0.015594049484333183,-1.2027573548578943,-0.6161735870984177,-0.14441144003733886,-0.8032856613366421
0.0,0.0,0.0,-0.4923910927767805,-0.7645130074784197,-0.01741754376587057,0.0,-1.4978088814330563
-0.297254468679343,-0.05075183364721436,-0.9795671730849866,-0.12340653627963771,-0.9805124891602146,-2.026708683753517,-0.40597051309308263,-0.8124580031360411
0.0,0.0,0.0,-0.6133100461529875,0.0,-0.021276722138632742,0.0,0.0
-0.11773161409139643,-0.27752343162327,-1.0697229278585372,-0.2683664752215904,-1.904604995031777,-0.42771743733225165,-1.215116217337731,-0.7189249188347997
0.0,-0.8350395738606373,-1.3693611685967166,0.0,-0.3363528985131756,-0.2831713560470259,-0.3907683344175963,-2.400638378343757
-1.0060244946200863,-1.3166122988406075,-0.5795630718326459,-2.160243900754402,-0.1763851241547858,-0.3771562068152745,-0.6618058917638177,-0.69718652671357
-0.924148543970948,-1.2241253646642853,-0.6187558732516987,0.0,-0.43521344062017064,-0.5878999364617101,0.0,-0.2425670807555962
-0.36631721924977434,-0.025431387795739724,-0.27468241731381404,-0.8727449138917036,-0.04083211809814813,-0.12422147728729982,-0.6853532010847001,-0.3412882697505557
-0.5019734817768988,-0.7101999872477887,0.0,0.0,0.0,-0.16872390572812623,0.0,0.0
-0.6645603583475532,-0.2688906162319453,-0.8420754227811083,-0.6776560905912152,-1.581922871830403,-0.38219547736643555,-0.4773958125880604,-1.432511828540675
-1.083563487571129,-0.21974918887985595,0.0,-1.5456665789831705,0.0,-1.405015254894348,-0.6564509334428079,0.0
-2.0424594125069095,-0.008661262565488492,-0.29548578906574097,-0.6497192715679994,-0.5000037875771044,-0.3026002228717193,-0.524529989165349,-0.06296455488963382
0.0,0.0,-0.32666998870774044,-0.3786372327922134,0.0,0.0,0.0,0.0
-1.0775013435615763,-1.2654022315872675,-0.5945869886649184,-0.40275668428611233,-0.8374808234406048,-1.1231559302112721,-0.42418377228036874,-0.5419771277304068
-0.857872586838023,-2.1948260042610084,0.0,-1.5173433881233613,0.0,-0.757049054064626,-0.1083917491412425,-0.2261828808892936
-0.08816917252598788,-0.653876038004694,-0.6082868972944873,-1.457053737792105,-0.06968720562794317,-1.1654518279536257,-0.28642566652308954,-1.217495660243653
-0.27879489296913285,-0.11418822921517968,0.0,0.0,-1.3146875538923686,-1.841101709570239,-0.3261388622461343,-0.036211337359364215
-0.5507820591061297,-0.7329388164772848,-0.015351879818628511,-3.435588827664481,-0.3354628954317995,-0.5690943097830035,-0.08919546055158101,-1.0406991412695588
-0.28492773722327414,0.0,-1.0947532028665394,0.0,0.0,-0.09171944120179987,0.0,-1.6195565096455589
-0.3019020061791551,-0.7176919887120912,-0.885571913227964,-0.5891239257731655,-0.0753788174021448,-0.9733275697130663,-0.8824111164357165,-0.30397273001908687
-0.5125165724821752,0.0,-0.1038090700202039,0.0,-0.14303474609867184,0.0,0.0,0.0
-0.07810049467089275,-0.3384545757283277,-0.8007948198572015,-0.13350534470973674,-0.10012676884089355,-1.1104138022937367,-0.35766079496918035,-2.847322616878415
-0.0876508259546025,-0.5657542347919904,-0.1888438960989145,-2.80212496456351,-0.29534022290172324,0.0,0.0,-1.1738806715934729
-0.7907643764183634,-0.46632097768955205,-0.6458562246804709,-0.8675396773426876,-0.4307284736092152,-0.30283245451411833,-0.2370892193128329,-1.3013634428792766
0.0,0.0,0.0,-0.7374286766289213,0.0,-1.0470844598743376,-0.3109349951503999,0.0
-0.6039918862847342,-0.6394824107067372,-0.010342633488590991,-0.11381516495860389,-0.91718103374183,-2.158144892078658,-0.4215051515046957,-0.7243227016882621
0.0,0.0,0.0,-0.9648316722130259,0.0,-0.38918814260071777,-0.3251724022074862,-1.7602603982803098
-2.056950562301152,-0.6138509818342017,-0.2709809753771797,-0.15418839669222884,-0.34927647190315625,-0.06269645078706354,-1.3617107367260735,-0.8881480896699383
-0.6128965982390264,0.0,0.0,0.0,-1.3281175792981728,-0.4257021889356949,-1.0744790992912758,-0.5739494240271554
-0.40146557942772443,-0.3707819739793683,-3.0909397922044457,-1.7836998355282105,-0.02520218133130303,-0.21674195378435712,-0.262719644054644,-0.19584427242833513
-0.6869150126192327,0.0,-0.35196736909417226,0.0,-1.5134872379367694,0.0,0.0,-0.3147277770159853
-0.5711064423858891,-0.7590890379077289,-0.07255272471915308,-1.3116566897823496,-0.01830518668361769,-1.4443428825156346,-1.4327169473481387,-0.43270911932961464
0.0,0.0,-2.873164480167901,0.0,-0.03481875372617438,0.0,0.0,0.0
-0.7250675042130377,-0.39392263983981923,-1.8065008683386816,-0.6876992608225168,-0.6132154856134129,-0.04354966468693533,-1.2733159114615615,-0.3670665575516239
-1.2057948240613436,-1.0433399164067545,-0.10695231616740397,0.0,-0.5283011167143652,-1.3630799568443805,-0.5911788554433892,0.0
-0.9856745665291866,-1.48912717362216,-1.1435853186377427,-0.004889160905218404,-1.0521549346273025,-0.564786246207194,-0.06031650230030827,-0.7308471018116025
0.0,0.0,0.0,0.0,-2.4290364116428265,0.0,-0.48854851192871696,0.0
-0.6334199858679366,-0.999200301428866,-1.230652714610038,-0.08581608769686522,-1.40342853142913,-0.26113756887066764,-1.5672853809776734,-0.8152614955717787
-0.16176694123099367,0.0,-0.38803499725408397,0.0,-0.336181033176838,-0.6341589593373023,-0.818570397256142,-0.7851130858197779
-0.3241725529621853,-0.9094493865984692,-1.0965406171042087,-0.6039238130411038,-1.7566952012072878,-0.883747561750055,-0.8998545298229494,-0.25911305278443386
-0.41049139324429085,0.0,-0.06959998506399234,-0.31216725010599156,-0.7899692287728666,0.0,-1.3612716913994403,0.0
-0.2531411477351799,-0.223614322171362,-0.5936668961042146,-0.5729942024082897,-0.10376558756400378,-2.3703743601738907,-0.9723053450173627,-0.8984618813366332
0.0,0.0,0.0,-0.20441743972657367,-1.4674648078473318,0.0,0.0,-0.6018270078422052
-0.24531542820388275,-0.08707067958167425,-1.294841456200321,-1.448891332661466,-0.8947742504690543,-1.029402796196412,-0.8024234573222717,-1.0516949564604143
-0.9788351305353213,0.0,-0.028749097650301536,-1.9122899566595635,0.0,-0.3903049944613164,-0.19912792429091297,0.0
-0.8444719624616432,-0.7306843492783823,-1.544554914940079,-0.5096509016409883,-0.1888495007453299,-0.7196675619882846,-0.9858137222301568,-0.050792555766395964
0.0,0.0,-0.5242920069713906,-0.012128096102563823,0.0,0.0,-0.9868339076735149,0.0
-1.3537354129458112,-0.288901664223177,-2.818200728585002,-0.23274767674202046,-0.17275297726781869,-0.30080288600847815,-0.9885516970128778,-0.8193354905081343
0.0,-0.6984429638090548,0.0,-0.2675082091119796,-0.17202552279317374,-0.08723862027280127,0.0,-1.8230665973035975
-2.0663877480720076,-0.08306280448359171,-0.4870708474335119,-0.11572897711895891,-0.1781968012357611,-2.281012104521909,-0.9808438641007813,-0.24821752931029994
-0.34346265304178747,-0.45059733530388346,-0.7502863277676113,-2.1240881092066557,0.0,-0.9311821529696447,0.0,-1.275901308101397
-1.6377010774902532,-0.07757165431792235,-0.2638889151627817,-0.5497004292455365,-0.37547380635847105,-1.6617470664683545,-0.41519452729519823,-0.44125318916176504
-0.03177980409804171,-2.814420072402256,0.0,-1.22903793996782,-0.1623831987523232,-0.1745026750495855,0.0,0.0
-1.1853978634181477,-0.33919437362800053,-0.14725565150860387,-1.9282446001191849,-0.8793848718847084,-0.5488682557243401,-0.935570941432867,-0.01170437013928538
-0.553342612987656,0.0,0.0,-0.6942678461763068,-0.1777596346992949,-0.2527227624111532,-1.5604566141915601,-0.620631172478296
-2.493571566470318,-0.1397907964830969,-0.5365619964797883,-0.2581848095765231,-1.9646531792381259,-1.026355806929649,-0.42019358892385217,-0.04464282373914319
-0.4667509348752148,0.0,0.0,-0.9659175365928441,0.0,0.0,0.0,-0.17497023261521782
-0.8256375756507275,-0.005553198274313331,-0.2724104701316854,-0.42557693075907466,-0.7468026228123241,-0.8745365576033457,-1.1006426049196012,-0.28754849698826757
0.0,0.0,0.0,0.0,0.0,-0.5082289469394015,-0.051004370246357844,0.0
-0.12739178355471914,-0.3213527817299573,-0.4997398027561504,-0.47855237579200605,-3.0491009173345813,-1.046698991040543,-0.4900730357106058,-0.9133012249267782
0.0,0.0,-0.6535305911515579,-0.5913069725246576,-0.23932525138949146,0.0,-0.9330378910158368,0.0
-0.7163862342904626,-0.2875553271970448,-0.042263864498485404,-1.2047658196168145,-2.6438632886816666,-0.2821788263065823,-0.06736593446928119,-1.564042894525489
-1.9076811345579747,-0.804170627359186,-0.4307211393232455,0.0,0.0,0.0,0.0,-0.4239538372702665
-1.2320994410429416,-0.6470041267107272,-0.06929474408557468,-0.37104250341907274,-1.8199234304859226,-1.6905840023237078,-0.7593559896295163,-0.27590399977994196
0.0,-0.4556905752480134,0.0,0.0,-1.3952393292855083,-0.0830175173582699,-1.4169531883519406,0.0
-0.9233347477402587,-0.45394223748973506,-2.4458718778898767,-0.01440575047292647,-1.1828374421071564,-1.1863319462263613,-0.019715527900906693,-0.7403472553373716
-0.11667324409425461,0.0,0.0,-0.5693412330787666,-0.39088989712871314,-0.7443884374334377,-0.10429905475320655,0.0
-1.5138172959263434,-0.27186096016432515,-1.002910495123766,-0.31175196956995954,-0.2098191582325022,-0.6237030369286041,-2.4678877629354226,-0.05419280339353616
-2.9273842676778585,0.0,-0.2581653509226669,0.0,0.0,0.0,0.0,0.0
-0.34538212459198103,-0.25402891630899216,-1.2519228678901815,-1.0135879573470694,-2.083590490692858,-0.0031194574087214377,-0.7062354444539487,-1.055464525400156
-0.4652995305087879,0.0,0.0,0.0,0.0,0.0,-1.4038509101026584,-0.33987193137622373
-1.6915930045148713,-0.9296219688074983,-1.5291740261873077,-0.23333218115062504,-0.8796319431361042,-0.49030510607430866,-0.7309593660792313,-0.3686161015945233
-0.09296735098108311,0.0,0.0,0.0,0.0,-1.1679885495056155,-0.12240902636904227,0.0
-0.15002706191150939,-2.8505422990938705,-0.43602557707838674,-1.8753787685587264,-0.04346038221820514,-0.7568884537964635,-0.12464271193208809,-0.7405856079284998
0.0,-0.15828381313878737,-1.8631962781636204,0.0,0.0,-0.8051745478570247,-0.9855367927265526,-1.091527440086355
-2.615930454292937,-0.8466488084956811,-0.6548368857917328,-0.8613012492426266,-0.4431030394248747,-0.636789169916625,-0.052225178202943034,-0.317771445545338
-0.21240454810671405,0.0,0.0,-1.679627385362009,-1.9179208548819817,0.0,0.0,0.0
-0.8687891823553606,-2.560487646144126,-1.0751617872883745,-0.10166334126393917,-0.6595902645748843,-0.07836003417209625,-1.0063056219481714,-0.4360676884358732
-1.6285867310715645,-0.3777962361633307,0.0,-0.26347265042011525,0.0,0.0,0.0,-1.2266197106190129
-0.8726320309979707,-0.22840474107992925,-1.2788313937233058,-2.1511149549021313,-1.304751653438153,-0.7381841298625762,-0.10837172315048171,-0.20345979820833016
0.0,-0.19407138545406966,-0.09779794736528125,0.0,0.0,-0.5135568266932022,-0.24019073685805736,0.0
-0.34049793820616525,-1.5170603718075855,-0.07980187928357108,-1.5107621462774743,-1.2852148775156165,-0.7551368840155748,-0.13334033441625248,-0.9266236083138075
0.0,0.0,-1.0647470678917461,-0.08872329164701753,-0.8675440896066915,-0.16016689613332868,-1.3468698249601312,0.0
-2.8337121397834597,-0.341197369414048,-0.999540992204424,-0.4372423762539004,-0.8774920267744912,-0.2705745032502582,-0.07341560241644896,-1.0029230071832727
-1.0858671902478703,0.0,-0.17158765459701453,-1.5255391584557945,0.0,0.0,0.0,-2.2356993268370973
-1.2829932369941384,-0.5463550669865249,-3.118487980747659,-0.11898666373727274,-0.18977764386430707,-0.16470919362872216,-0.08110801148468205,-0.0760931850867701
0.0,0.0,-1.2261611971497501,-0.8579790397686766,-0.5304634898961327,-1.416292210322034,0.0,0.0
-2.456217850767098,-0.08573580424751803,-1.370071263310951,-0.14508847107835354,-0.013145454127329259,-0.05870649614900625,-1.587157824314522,-0.21992514900274962
0.0,-0.1339124824068474,-1.3652349337240368,-0.6964396389351828,-1.1684918009879333,0.0,-0.7286117956006493,-1.427531357909153
-0.23070473859439833,-0.1886055976594605,-1.995344199036941,-0.3442843856143831,-0.15715398040860595,-0.552447075619277,-1.7581908512986741,-1.3293199526107866
-0.08010761499056418,0.0,-1.9734030159597484,-0.08288988288709032,0.0,-0.0026684416604680905,0.0,-0.293987213187072
-0.03388861700016399,-0.17294664250142056,-0.21395245171795274,-0.6773187561634737,-0.45748926543636426,-2.2719560220599844,-0.3660068911474843,-0.1819304676533502
0.0,-1.2718307738078058,-0.03558194161507888,-0.8163039394277316,0.0,-0.4076112044705926,-0.05999376517618149,-0.46069096149307587
-1.6892679425817407,-0.8481134753756638,-0.15273828790415767,-0.4771435851536996,-0.8183356435162867,-0.16210985269841505,-1.6818359016945559,-0.33324284961008566
0.0,0.0,0.0,0.0,-1.4991064223703452,0.0,-0.1735034826838744,-0.4112645240293471
-0.21205544971298096,-0.8302303184356319,-1.7673110073562643,-1.758959118057449,-0.4052903694243435,-0.7757695174122379,-0.18164942203838752,-0.5761464456784262
0.0,0.0,-0.26365543375639433,0.0,-0.03344629040215441,-0.20143210095643926,-1.7075766233963732,0.0
-0.9455749859004374,-1.4008576123583012,-0.32651924931032195,-0.4984734971429994,-0.7991194840490872,-0.9004104483594233,-0.5846861576023761,-0.06792210434241142
-2.647280331960049,0.0,-0.785991209648838,-0.10559181234913417,0.0,-0.10575233293096531,-0.3072705353445562,0.0
-0.7421989495117689,-1.0364322575694525,-1.431581372448191,-2.2020218614740523,-0.14822269790182574,-0.22013296209033317,-0.015487871502920747,-0.8225371858986907
-0.023783085024909667,-1.5646872834806302,-1.4573876901244063,0.0,-0.0636866199022812,-0.5597172679860831,0.0,-0.07082790650505899
-0.12386399256647174,-1.6117984072312037,-0.007483357891501008,-1.3168026841205354,-0.9298272400448573,-1.0448739669719815,-1.308562207475629,-0.24447558784540213
0.0,0.0,0.0,0.0,-0.09939591867860109,-0.43988397281579594,-0.07620409506338355,-1.6964104284212755
-0.7161610126148918,-0.3345791417180015,-0.4419559709117875,-0.2531791396510652,-3.8372891685519708,-0.6970107057587871,-0.0740664680544354,-0.328414190322464
-0.3321550028033675,-1.0157625003560202,-0.4476948261859288,-0.4388782599635537,0.0,-1.5927814982448218,0.0,-1.6323117508957434
-0.5871533936924234,-0.1445660376292377,-0.49544180919145653,-1.2339414526876915,-0.0620727694765133,-1.1342232610879952,-1.1694367575089615,-2.004003198944769
-0.03344063615022641,-0.986680439322857,-2.9007836200008263,-0.7395512791728116,-0.39320628664904156,-0.09215350620331808,0.0,-0.545962133986821
-0.5880574642296876,-0.9609946041430337,-1.0084693767325605,-0.21056410510273071,-1.982781808474388,-0.1765722136062884,-1.9217768517195566,-0.052755339600137674
0.0,-0.9482819978468786,-0.2615665406391008,-0.3369361983132695,-0.5785970884157701,-0.5780403044331237,-2.8588134569176757,-1.2888477503854254
-1.0397608716886078,-0.009253481956657872,-0.31994897573627856,-0.9334901090632499,-1.2662544765206407,-0.5583895442523685,-0.3770898125813451,-0.9227844371607361
0.0,-1.2599820210341806,0.0,-1.012699527594748,-0.6771468961358185,-0.5485566008991931,-0.6076703174318441,-1.832052879838292
-1.238031690351133,-1.5249777270021303,-0.39880178899299423,-1.2318407734818049,-0.25724063330519176,-0.1239930281173871,-1.3555387452056618,-0.5196534844338823
-0.16184964057860096,-1.3277616295248365,0.0,-0.31833675805566486,-0.06744809195551671,-1.9320798906096108,-0.8407295633933618,-0.9708175612995138
-1.4154640928173512,-0.11528041010139845,-0.0818196991979443,-0.5400296910704183,-2.806922663039167,-0.602807696841519,-0.031094092683742858,-1.2381817012736285
-0.32481031618612644,0.0,-0.8400093964091004,-0.622789764710471,-0.46333352805093053,-1.0594450753686466,-0.503381449118943,-0.4900022628935492
-0.45430900675362285,-0.37844298570362866,-0.5493005279038776,-0.6622844405435107,-0.4096773935047686,-1.688902939357103,-1.3472400249932868,-1.2499830271235606
-1.6525825983615716,-0.5143728357721571,-0.3522190165730672,0.0,-0.18979910288680557,0.0,-0.3002064692767341,0.0
-0.427982814376735,-0.6559167234511234,-0.22718832638631614,-0.3731702398718175,-0.6177523503940554,-2.114211907538417,-1.1781967525590753,-0.2988413470281017
-0.017899908857232028,-0.3816602912184548,-1.342937951065946,0.0,0.0,-2.862640234176534,0.0,0.0
-0.22400773513616734,-0.6559216477549334,-0.04612055836633022,-0.23617765093745913,-0.17671170614253917,-1.7417840542604734,-3.151848524545725,-0.07542959263285631
-0.007306297599032341,-0.49806405997877334,-0.044421201093578055,-0.8931480044175677,0.0,0.0,-1.453666140111884,0.0
-1.090166990933139,-0.046498233595254845,-1.071572449129211,-0.5753394916831942,-0.01034197286247629,-0.24551261810618197,-1.2037785121883147,-2.1178462089797145
0.0,-0.04278001367036133,-0.9048246709987282,-1.9428796849296432,0.0,-0.4049990166038926,0.0,0.0
-0.4773762706448821,-0.68260665765097,-0.6381479200914759,-3.1679664123264075,-0.35669056018918166,-0.4233593788136183,-0.8973663161133345,-0.016141621849635968
-1.1976767164582007,-0.28334071971779906,-0.15127209010972642,0.0,-2.310715731371113,0.0,-0.6777360405749357,-0.14314791336082688
-0.14596244176159878,-1.8891336661361668,-1.4117527034138888,-0.5308573565699826,-0.10710152026888231,-1.4483902449997546,-0.9813463867581582,-0.47570112766419825
-0.32052406153467405,-2.5112638060380696,-0.5628166816259181,-0.8779041329309711,-1.4601701286203976,-0.0342502558216875,0.0,-0.918326007074576
-2.2162290157758227,-0.6717221167783363,-1.147354573016674,-0.0304862599662874,-1.0163171235349049,-0.035359451388121244,-0.5024201960602026,-0.17192527879996522
0.0,-1.1294965931695469,0.0,0.0,-0.14710945984566948,0.0,-1.0463818749838456,-0.3631361428545574
-0.3005684400646622,-2.710617244804692,-2.2609969830354135,-0.4772634030505918,-0.09077911166605812,-0.049945550453599274,-0.21484767906190783,-0.07627018665521401
0.0,0.0,-2.1234608076403845,-0.5328107967659008,0.0,-1.1443535009485268,0.0,-0.6613650744396926
-0.9709351909651929,-1.138164203449879,-0.08178329861301492,-0.2119853854796787,-0.9371248385582636,-1.0939137843734654,-0.2476382609078609,-1.6309160201147357
-0.28414564787912067,0.0,-0.5871083791403855,-0.9506975209463269,0.0,-0.28959729050185246,-1.2735176872202354,-0.07910202874313832
-0.8670959105021439,-0.7947358672039755,-0.6101723790877598,-0.9629240270725941,-0.7772515766161128,-0.9964267524607626,-1.67692737302316,-0.01242319589118246
0.0,-0.37097458678545436,-0.26721865774718445,0.0,0.0,0.0,-0.4346358963692367,0.0
-1.5732909490894373,-0.04829017683158732,-1.388180648090299,-0.5205434994093237,-1.2459633489767779,-0.3263341135535409,-0.38536921801453694,-1.2930697346494693
0.0,0.0,-1.24720749567941,-0.25632092207558355,-0.46367515246654367,-0.30200367500383773,-0.5113875584015606,0.0
-0.01523086344510638,-0.7641088833930336,-0.30295157489275404,-1.2205752156617002,-0.668289564615093,-0.007232081815975455,-1.4209233932026821,-1.7676181324502496
-1.3836906010942291,0.0,0.0,-0.8452978186136475,-1.0956289237297892,0.0,0.0,-0.9044391525844331
-0.03340602787588054,-1.4066248136095636,-1.2604352626706419,-1.361522176741035,-2.160155064850147,-0.13524585588238036,-0.38322273365522186,-0.12699362266013736
-0.6713659384724702,0.0,-1.6798091344938504,0.0,-0.17995878515902675,-2.989105116340297,0.0,-0.30877057876008784
-0.7251632492350994,-0.12133073095302027,-0.6675046653261276,-1.7772053005808086,-0.09518185620867659,-0.821111677330288,-0.5430770216735397,-0.03672493163100654
0.0,-1.2192237613838284,0.0,-0.026585934006986278,0.0,-1.227197319106244,-0.6907533887911574,0.0
-0.024294557018354368,-0.5727016906471425,-1.4627054708534688,-0.9212183875570759,-0.9976221817198176,-1.1948136434819645,-0.7362083989911801,-0.4635246480541211
-0.8870692003945937,0.0,-1.193878928287992,-0.0965511097160352,-0.6314545545136072,-0.3423316735630859,-0.48921833185297636,0.0
-1.8814645550881526,-0.15373849423168373,-0.8369322106304011,-1.6080023232801244,-0.19598774415692066,-1.0291291336123365,-0.03839706923432029,-0.23996173192120374
0.0,0.0,0.0,0.0,-0.9809431538397888,-0.9453260712317704,0.0,-0.0053651720207579245
-1.0567593256735028,-0.9281360004575525,-1.8506326593919837,-0.06276650600576783,-1.7737344149101686,-0.22195581425719269,-0.7675554404853138,-0.21719244758493872
0.0,-0.17524007844272482,-3.537011966923351,0.0,-0.01557696685532406,0.0,0.0,0.0
-1.4200871988839987,-1.1189682112676156,-0.1507217778270391,-0.34739688730883334,-0.0923286626417461,-0.009889383013194752,-2.1871625811392255,-0.3970453490950412
-0.21316971807029717,0.0,-0.33754505126224554,0.0,-1.1729048751349858,0.0,0.0,0.0
-0.3720437538126138,-3.2480629317839025,-0.14270727572501318,-0.04099088572619536,-1.7882123449296001,-0.6950390364823686,-0.10820940098594356,-0.3987870180391644
0.0,0.0,-1.4465270863847461,-0.0724777368042897,-0.5157904422625208,-0.42052374176505225,-0.1377509897930187,-0.36229342166292966
-1.5406915608944,-0.042178764877736086,-0.4672868590758652,-0.9265635999966202,-1.092543461675075,-0.11313400462172574,-0.869239137267523,-0.36102631747896474
0.0,0.0,-0.5935917737167937,-0.37010379076636557,-1.5857732172615675,-0.6910973329567538,0.0,0.0
-1.4386052365857749,-1.9317792279663761,-0.4159785535004481,-0.6331005251080049,-1.146801837258053,-0.20174900526599515,-1.0096031760328872,-0.03880033377966008
0.0,-0.41806055476102433,0.0,-0.06949125816888113,0.0,-1.9933597897675224,0.0,-0.16319742709376328
-0.9156384541386213,-0.6199634777951308,-0.28437655723182864,-1.9497772911686502,-2.130815260859535,-0.12455333549328085,-0.05550696453793513,-0.6294225741186938
0.0,0.0,0.0,0.0,-0.06730739066038627,-2.3154028622055822,-0.8370188415690354,0.0
-0.20173907757099663,-0.39306941244388405,-0.4123226757701337,-2.154133704865904,-0.6321753037992801,-1.3021620019820457,-1.0588376424163366,-0.7121107368711694
-0.1928492508890738,-0.5072989445224749,0.0,-0.5312620208437346,0.0,0.0,-0.8297923192197629,0.0
-0.152036168854357,-1.6485342906082172,-0.49367466088412204,-1.1906764118629232,-0.016670999267551778,-1.7108487815768516,-1.1554241829441834,-0.5175061641302285
-1.2872002532087876,-0.881668201578429,-0.18863499434188657,-1.578233867560149,-1.2428777575664505,-0.39714522306949185,0.0,-0.32939782658938555
-1.0754184646701255,-0.3243468970900114,-0.2731924963659287,-0.6390638554196313,-0.0676776243160937,-1.2804301972477994,-0.5934192135989198,-2.543255015778966
0.0,-0.6789529221892163,-0.16568574436255545,0.0,0.0,0.0,0.0,-1.2870273053282473
-0.6870096860783406,-0.09065415421551215,-1.0924782172636078,-0.23640949981876336,-0.5610876567063947,-0.9399410702793869,-1.0570004268738273,-0.32224166415433153
0.0,-0.04015716306471262,0.0,-0.2890983235993634,-0.21169286061205383,-0.0007623418042301822,-0.984337167756359,-1.130789484871488
-1.6076567049889574,-0.6516169165092798,-0.28401269888270075,-0.552227583858711,-1.5881166416520287,-0.004833577704014047,-0.5352945047021365,-0.9611261647629492
-0.4582930337735851,0.0,0.0,-2.167662849493544,0.0,0.0,-0.39673283874297915,0.0
-1.1982305816555572,-0.6688518396153889,-1.067197050038268,-0.23647849251913033,-1.459261905130938,-0.2966041543770377,-0.9773288896318046,-0.9817254092420162
-0.21898499054873355,0.0,-0.09046266545338888,0.0,0.0,0.0,-0.7804603377329027,0.0
-0.26608922335671714,-0.7546745692305112,-0.046970616038555235,-0.42281398859925634,-1.7250252806252782,-1.0965790424000366,-1.763995798300729,-0.2933558692268843
-0.09228453078027243,-0.7695025410815504,-0.8119268302072191,0.0,-0.24479387237177885,-1.363027148558718,0.0,0.0
-0.15545359955872495,-0.08136823261912163,-0.6077965599222726,-1.2653906438160298,-0.27919882036252197,-2.6123692483863143,-1.1640034074198367,-0.46569177175512344
-0.1587065432121264,-0.5807067709042659,-1.6125486155670545,-0.07554934598725449,-0.4793380871560107,0.0,-0.6292019435157048,0.0
-0.013664140575013306,-1.9470725925880785,-3.1629089179960452,-0.39365086866701837,-0.1313014775104806,-0.2979686838429938,-0.2897734342001028,-0.7035245073912133
0.0,-0.1740516363543545,-1.3538090382468084,-1.414552087138027,-0.30970529995166807,-0.07679995202959677,-1.0288099861969373,0.0
-0.09261544978632852,-0.49759753561715847,-1.7075785453117094,-0.5328397178192379,-0.47496533918943307,-0.6623201976720265,-0.2162221358475671,-1.1490848146760264
0.0,-0.8093219757191088,0.0,-0.4929461810364826,0.0,-0.5433520766899367,-1.0376232066239268,-0.24886028146896066
-1.9883191905687827,-2.296267781654148,-0.0011556427860357488,-0.06328718196913385,-0.3438708939694095,-1.3966280974650784,-0.5641501831165527,-0.13664415439264133
0.0,0.0,0.0,-0.2511101717635258,0.0,-0.17304604427189219,-0.10734752146301929,-0.8768848290588185
-1.1809500965710864,-1.4912141951356022,-0.42714970460162593,-0.013698397951276142,-0.32830261841496267,-0.5365462416193134,-2.3286127822177836,-0.35613533216348525
0.0,0.0,0.0,0.0,0.0,-0.8819175304186695,-2.039170156215664,0.0
-0.9083050858168651,-0.2358404654177475,-1.6982616811041131,-1.0221254672917226,-0.32984011367572563,-0.43537939286514327,-0.22495394793118706,-0.4678331605391559
0.0,0.0,-0.6607329912116144,0.0,0.0,0.0,0.0,-1.9936948528336211
-0.152110278109296,-0.5614977872185616,-0.19338466849512415,-0.3119760921440857,-0.15225657414325067,-0.7826865835435894,-0.813410463414673,-1.9417734105101072
0.0,-0.1326640759578872,0.0,-0.2345345514056305,0.0,0.0,0.0,0.0
-0.5781269276787562,-0.1195594935877935,-0.14019532740758756,-1.8649261619373156,-1.097066522096104,-1.890658521691443,-0.7621618165735198,-0.18737104331871102
-0.5982352054725144,-0.039245953279676726,-0.11677905280726097,-0.0663951215979246,-3.082355681352378,0.0,0.0,-0.0016676103280417465
-0.5551381340891428,-0.31804149371080204,-1.1013203146810753,-2.135113225280999,-0.2954777801510371,-0.8537208168040307,-0.2695176323888058,-0.8103589313016988
0.0,-0.018783362456357366,-0.7707362275531686,-0.04138380071704617,-0.8806275071384251,-4.172188145988194,-0.1191569955538121,-0.0719214481617021
-0.7944182504073138,-1.16469578330004,-0.08459295474760165,-0.2348280303954784,-0.12154076628637256,-0.4902859697026649,-1.7930942849964397,-0.16527535958151685
0.0,-0.5046364038473046,0.0,0.0,-0.17129839172030437,-0.6788528802918812,0.0,-3.266805876286098
-0.5910229862430247,-0.053767040695155366,-0.08428563208752493,-0.532411864997969,-1.438006565594537,-0.19557402876262486,-0.7654784358631606,-0.4207118421214533
0.0,-1.416228538863396,-0.6532741125490027,0.0,0.0,0.0,-1.0675687309140827,-0.5485217354186558
-0.402075099064537,-1.1458326384190158,-2.5357097379687206,-0.17527785722260347,-0.26358904876160505,-0.7250833292370302,-0.2105791698172883,-0.8350159127476653
0.0,-2.2730606672840192,-0.4019137850419119,-0.9221971129397142,0.0,-0.9668360170972647,0.0,0.0
-0.8060463595119778,-2.3536676774364604,-0.34398860151534993,-0.3233769265279127,-0.06834107362973185,-0.221121928737535,-1.3198617961998185,-0.7472517220355641
-1.4143530139430691,-1.692206511880081,0.0,-0.5873298422830588,0.0,-0.7511058928097114,0.0,-0.6123911040107455
-0.17439248244830985,-1.6955201377258922,-1.2213792653297295,-0.5266426852276034,-1.0356224475909084,-0.10594148399013736,-0.24649419720152377,-0.09253182466289278
-0.1276192592272425,-0.02855792136411317,-1.8746498323127962,-2.8177808540668945,-0.5882645858377469,-0.22987934680754307,-0.03712821733344995,0.0
-0.4035970210845514,-0.3396021818386279,-0.17202182713195757,-1.114282895578011,-0.31105272241436843,-0.9941554906869623,-0.7138159131590065,-0.5523015555469595
-0.45599148262043876,0.0,-0.893738377363479,-0.29115240746207594,-0.9594649134891604,-0.9843515935989995,-0.18854043378790486,-0.7374375359309342
-0.01812587162008228,-0.913199578029869,-1.036844484461863,-0.8577299095705122,-0.06096076466494349,-2.585362791326042,-0.09807621682590639,-1.005573012165394
0.0,0.0,0.0,-0.4572067605391643,-1.8060691147578547,0.0,0.0,0.0
-1.3349171252847567,-0.595755212104633,-0.8494324289187727,-0.4055721437381301,-0.8502354190550143,-1.0407351445041533,-0.9635464770839581,-0.8102082827236172
0.0,0.0,-0.17898844852166818,0.0,-0.6834180520975979,0.0,-0.7006598174703393,-0.9217445162225104
-2.210518440926153,-0.530135802391495,-0.3582366133016883,-0.5786413847587477,-0.0250987325915748,-0.09094454369362737,-0.020674474033994805,-2.5519655339148555
-0.23972522384619133,-0.9096961841192419,0.0,0.0,-0.8999065651715892,-1.5744333002253672,0.0,0.0
-0.8425057793164381,-0.1237950965719179,-2.6825682310552477,-0.06379686993691269,-0.5152363935036233,-0.5093412023820676,-0.7016004591598088,-1.2197010944885127
0.0,0.0,0.0,-0.5040265993832431,-0.21490534681747064,0.0,-0.023145551649161433,-0.5760352416802341
-0.24327451090580698,-1.7251293902308973,-0.27979019058207477,-0.11745273387063371,-0.37617257003993476,-0.04636100399844256,-3.33586885657369,-0.031779731827852764
0.0,-0.41455276176056977,0.0,-1.2644726809526503,-0.7592347735881502,0.0,-0.027175488732710917,-1.206469570953594
-0.3088894202939514,-1.5376609684096412,-0.17667691098629312,-0.13470587653874055,-0.8165755352945734,-2.8378187977318667,-0.7361125803546118,-0.004703608068726162
-0.44348870070714064,0.0,0.0,-1.3905449747472414,-1.1351100871257493,0.0,-0.5361510606528199,-0.1678820689289484
-1.1443011178075677,-1.753975193206541,-2.8018831044885726,-0.4984097957842044,-0.5359644975942244,-0.005582766482773671,-0.04406811436892255,-0.0009549615890982466
0.0,-0.20925057242241163,-2.0811027141062945,-0.9297991070989413,0.0,-0.7752650020968579,-0.11145544597771728,-0.35616891883194235
-1.4500453445651118,-1.3725507244071062,-0.3821948802388455,-0.1384899827175765,-0.8767126400549117,-0.962801147574682,-0.5847389450433518,-0.651728687920115
-0.364963765709688,-0.7519576954373335,-0.376384330143984,-0.21350291522821507,-0.2351182608051685,-0.05809987641264058,0.0,-0.7667042308658871
-1.1972630077391155,-0.9809263700736004,-0.02515660649058926,-1.473972518984855,-0.5737540222266242,-0.9731500397724338,-0.7325637842486499,-0.5134192174434897
-0.6145423938034407,-0.525684383469744,-1.243273702284025,-0.26060281993219103,0.0,-0.1546739095013585,-2.766820232770356,-0.1778588515541646
-0.2552318368873765,-2.269929770685718,-1.0514044441920714,-0.6067334761061529,-0.47133561951919845,-0.25804240739398043,-1.3111365565592399,-0.04333385375953647
0.0,-0.0974647272494833,-1.3438700022989671,-2.399718986042865,-0.11503085660595413,-1.2006276694712668,-0.8143337020296251,-0.14777020914632022
-0.9092281072808639,-1.454619320054194,-0.06484757244900052,-0.058378014042019366,-0.37782460458561573,-1.0119731906817808,-0.3355167888944166,-0.9768558146977613
0.0,0.0,-0.7071022840641117,-0.6828076555543374,-0.9959888771287062,-0.9735888088536822,-0.3755614984510389,-1.159216386644724
-0.4075057270285587,-2.5510176642919653,-0.44202099136299466,-1.4954391405120209,-0.5146902233938242,-0.2695751701637583,-0.777335587182507,-0.48469185575132734
-1.8583517424736247,-0.2714811351280364,-0.032318372981461785,-0.39441656285721205,-0.909384615726248,-1.8301574420743485,0.0,-1.0708145492019714
-0.5297268730496487,-0.5009424768358492,-0.6240601345217893,-0.7681355539928658,-0.7850001360668788,-0.07464297185777635,-0.7106053252513433,-0.48260341503140225
0.0,-0.24413295237756572,-0.8964738047110918,-0.813365477397979,-0.7243758009823624,0.0,-0.07288147267878209,0.0
-0.19916828845892187,-0.999439408888021,-0.7854151745784055,-1.0663520837355147,-0.25418038486496286,-0.6816138080906402,-0.29653174518337355,-1.9436323248951934
0.0,-0.3079836928892048,0.0,-0.8654889375835051,-0.8388059987703791,0.0,0.0,-0.27309051275059826
-1.2980947614513507,-0.45477507514374516,-1.5689530467966613,-0.2309728633859418,-1.3958510608094095,-0.5088853768256776,-0.8208495053670113,-0.41479711703901057
0.0,-0.20583817061335097,-0.9173875943043193,-1.2013392081220253,-1.0830342744557484,0.0,-0.09610322488213807,-1.188872247382914
-0.7842756586677613,-0.331800321079073,-0.5565955411269012,-0.6034984915631707,-0.4732572647322284,-0.8054686448203956,-2.2993206217852524,-0.7418024752981349
-0.7478205218749556,-1.9854091863529426,0.0,0.0,0.0,-1.2030860798512553,-0.6943803252739453,0.0
-0.9258390969509165,-0.913639412393362,-0.9466503400306676,-0.0662787538971088,-0.5194620057899808,-1.2120165748102618,-0.42456590212839984,-1.3280258676573693
0.0,-1.0747283806715906,-0.31215481368667053,-1.506677390415052,0.0,-2.960787011321103,0.0,-0.00494424026873741
-3.6555092851479403,-0.16462003902998656,-0.23146253278583995,-0.5173260290082409,-0.021092629385949024,-0.28364397623707394,-0.2972701780178655,-0.4569139414772456
0.0,-1.297597818918681,0.0,-0.024335590539668495,0.0,-0.2265690768781372,-0.6325086026659221,-0.3124509963522222
-0.4773962936259446,-0.181840829495437,-0.4701466898880131,-0.8930601210345781,-2.6645497791597785,-1.0160922432456534,-0.8915333481015209,-0.03180174720382567
-0.982027260792182,-1.7581000386980676,-0.7604389028502112,-1.8011275662376196,-0.07652252548954941,0.0,-0.4819494930747972,-0.04843294866457004
-1.5837384244039088,-0.5055132361218142,-0.6862968751810463,-1.8596707904931247,-0.4310370648589723,-0.06523911258316062,-0.7309367582097837,-0.05039836410757648
-1.446448636882141,-0.029089860143974633,0.0,-0.7422371064140876,-0.6266261379977598,-0.6955979716837994,0.0,0.0
-0.41142419757501614,-0.16592982374178078,-1.4183107759183624,-1.1505506992309709,-0.43743013319627977,-0.689092639345743,-2.062425725762097,-0.06516729851053782
-0.10434247043337397,-1.4180957553209872,0.0,0.0,-0.33937953081363226,0.0,-0.27419606456805123,-2.6361463265739387
-0.6067485243900688,-0.4184168286042249,-0.017895460387558515,-0.8083262056237972,-3.048931199001369,-0.5292674097853078,-0.06861224657022724,-1.160778521642401
0.0,-0.8197481402080342,-1.7430395992153853,0.0,0.0,-0.25489594919912584,0.0,0.0
-1.1326503021341887,-0.2159633974902837,-1.391174806751959,-0.5813836609175702,-0.11679360998998511,-1.8642366136710526,-0.7381306821045817,-0.6414946467861471
-0.7543129556775954,0.0,0.0,0.0,-2.131655902152632,0.0,-2.096534006806687,0.0
-0.049147218691162564,-0.9581955026982119,-0.34803897401148554,-1.4345886147622737,-0.14532108338932304,-0.07417811727571433,-2.1520604845059257,-0.3768193734887699
-1.003026501023971,0.0,-0.8313015308822189,-1.7571564689095514,0.0,-0.24038351352023124,-0.698801006192264,-0.5478341904545596
-0.8877599425085334,-0.36392159098020826,-0.8957297985309038,-0.5253286789345575,-2.6636627472569563,-1.1830105731492084,-0.3801105095322752,-0.011354251441363594
0.0,-0.8911269039561693,-0.7290550236026059,-1.052614434245167,-0.19407704796029446,-0.7670769552188901,0.0,-1.1700391101314542
-0.6453005844703492,-1.0145215335237872,-1.5761223062174512,-0.24794533949251374,-0.6094952276445316,-0.9261856365662897,-0.5779070165129427,-0.34469604030855017
-0.5362020626001431,-0.19923498339275536,-0.4044658199827822,-0.6639411911594415,-1.049839731549688,0.0,-1.1782033735447355,0.0
-0.38329786477112293,-1.6478380810889917,-1.9242588775404403,-0.015213418898130548,-0.5828963738569337,-0.30903627135679024,-0.2739017296335504,-0.5180347205114586
-0.861473019467172,0.0,0.0,-0.36330040981854683,-0.9195809568331663,0.0,-0.16844018697583607,-0.7753312016678855
-1.772131244325644,-0.08327957247149875,-0.31468605936351324,-0.9618027765725534,-0.8652805770180718,-0.055713631163488486,-2.487438822718934,-0.1801034545139979
0.0,-0.7368160245364725,-0.30334672005228747,-0.14479421955352212,0.0,0.0,-0.04743618045152331,0.0
-0.16627918531351327,-0.4955687291540469,-0.69711488530199,-1.696894572250578,-1.037864479302688,-0.3237667637234267,-0.3848564240170864,-1.74571980414001
-0.14912795317628547,0.0,-0.016910687253631096,-0.8880136098476337,-1.8390586636048205,-1.821311569438536,0.0,-0.21087217815894554
-0.2559952613997263,-2.245372766900579,-3.0539471680459624,-0.12296395511993818,-0.03585694763784897,-0.34227088780168735,-0.18950829955031168,-0.001629330797931594
-2.643028978028088,-0.0038210693328570855,0.0,-0.0020336197368830966,0.0,-0.11457177164165433,-0.5217036700620321,0.0
-1.888632351375434,-0.8782659545135916,-1.6517602144134669,-0.13590202811866092,-0.7113791800542142,-0.47351869298140414,-0.21156267955649088,-0.6180212135543979
-0.2495488627678064,0.0,-0.5894038981657364,0.0,-0.3442128868228691,-0.5310110471869489,-1.0235513286592228,-0.12565234785907986
-0.5416107501063037,-0.2915095050410903,-1.9339379141609028,-1.8067553097018294,-0.512335539978853,-0.14986999334372175,-0.9571981630480995,-0.5776232744130461
-0.41597682933114566,0.0,0.0,0.0,-1.5712563592078306,-0.04824188592766809,-1.3441297139682886,0.0
-0.2473444984847104,-0.34453629809672925,-1.9031073309323867,-0.05688106081568556,-0.6949726752774339,-0.6616240102640445,-1.0006314671960377,-1.54852402210543
0.0,-0.15635340349357207,0.0,-0.5697981649867927,0.0,-0.027726977259898256,-0.39471887568897834,-0.26255971296766933
-0.4266182204958051,-0.43387969119045966,-0.5415085813658171,-0.12221738869057219,-0.7975217829338632,-3.9512168370260516,-0.44921897827971957,-0.25697445104607475
-0.5176520463988732,-0.2592445944564252,-2.361566947989602,0.0,0.0,0.0,0.0,-0.7089581420764617
-0.7971309647040252,-1.8876627462997284,-0.2545442610655124,-0.58031222853558,-0.8190108771142395,-0.13457579626129768,-1.451912834965957,-0.6242923985925088
-0.3221734732662389,-0.07763122329103567,0.0,0.0,0.0,-0.4096220355108864,-2.9492763179493124,0.0
-0.7034422445150383,-0.03960547179183749,-0.34681869119678055,-0.7795291564299882,-2.032549585963002,-1.9737124308184697,-0.5095213502725393,-0.048631242173382105
0.0,0.0,-0.32482820498967513,0.0,0.0,-0.1946143095508921,-0.6374394408096515,-0.8037406553372763
-0.5547463764840597,-0.07251965328931576,-0.6714048219293334,-0.3624925711537923,-0.3926737935333833,-2.9988961896296873,-0.15008092410225693,-0.5370973483837931
-0.32925526558289153,-0.23533260454548888,-0.7997193752591452,-0.9110232225048884,-0.2908831949856836,0.0,0.0,-0.0049992098134028495
-3.4217402803258556,-0.10455029777148273,-0.09770116507656024,-0.7497304031748762,-0.04661911165138832,-0.16383442824744954,-0.39400789109563394,-0.1770234771055197
-1.2040244691284538,0.0,-0.4297878522733507,0.0,0.0,0.0,0.0,-3.9871523351306215
-0.815741393413794,-0.0664542237511263,-1.1383999117804287,-1.1334511020184097,-0.7441021528912843,-1.8080510376282746,-0.11433287320037877,-0.32704803863325616
-2.8703619120794173,-0.20966836372389075,-0.04536506070992452,0.0,-0.7958907782430753,-0.48300392365797506,0.0,-1.3554911504662899
-0.12958999365247337,-0.9498183446238881,-0.3212852597969684,-0.3319525382843356,-0.4930125062896247,-1.375323269945583,-0.6558352715095541,-0.9245450589715265
-0.17570746487845046,0.0,-0.12241234272391566,-0.5680195592766406,-2.6776706837702804,0.0,0.0,-0.015983371853661055
-1.9783764845131948,-1.1914707102439799,-0.5909929413713861,-0.7409876502851187,-0.005649424946082782,-0.48204900083581936,-0.04685608586899104,-1.8497539382403847
0.0,-1.123013517722204,0.0,0.0,0.0,-0.4415416078518728,-0.20443174931835006,0.0
-2.890635942791987,-0.6097317058627496,-0.8944637336386707,-0.21574321250216943,-1.0923181015892869,-0.38948472966803127,-0.167965699748434,-0.2770023404121318
-0.40098556444091216,0.0,-0.8070750576910832,-0.5096119370593737,0.0,-0.5741252525035456,0.0,0.0
-0.11217058090198151,-0.3854787254081735,-0.08520994125275294,-0.3679484896987546,-2.6538347580799115,-0.48092941402060596,-0.5975246923508122,-0.7965384733589751
-1.4854438941344617,-0.21991793887095312,-0.2711048110837293,-0.15966010929340513,0.0,-0.24493008868434618,0.0,-3.502200061008982
-0.38933417202582543,-1.846554527209558,-0.08293152377604507,-0.9734011081773568,-0.2162091137936759,-1.4112741904772719,-0.4957124915736486,-0.24733969932947808
0.0,0.0,-0.38822928826064107,0.0,0.0,0.0,0.0,-0.28302119248737156
-1.1851430320081988,-0.8029464684778009,-0.4164365134167314,-0.14287931943707122,-0.8986566864722327,-0.10107472814343499,-0.12476013523191742,-0.08726582784124659
-0.7141026173766054,0.0,-1.5789679229706355,-1.4967645960453968,0.0,-0.6093371723468985,0.0,-0.43987965545645746
-0.1234696343170274,-0.8138661036734778,-0.18648752509002353,-0.09507910755240356,-0.4773458503012087,-2.5759388491178727,-1.7954912691946578,-0.22115370573422144
0.0,0.0,-1.955587606081095,-0.05972149141768046,0.0,0.0,0.0,-1.3801767311497546
-0.44036235325299167,-0.7623779780221529,-1.4069151883440218,-0.899572684903168,-1.606924931139302,-0.1831064619295404,-0.5398771821500095,-0.026501630225080675
0.0,-0.4160415232645418,-0.537400451348601,-0.4936806984659672,-0.20616922045530917,-0.870275390154406,-0.8909841106862926,-0.6861423605326884
-0.22258525244515948,-0.3994946850813479,-3.5740645681439727,-0.13330192719957346,-0.2931631043134235,-0.6398098952880691,-0.9798961188346746,-0.4661330904801506
-0.7689802691770202,0.0,-1.757368849179195,-0.12947447218308827,0.0,-0.6428049029958638,0.0,0.0
-0.6609105975719816,-0.5164303091249725,-0.40196661663466227,-0.5720708486664243,-0.6730105110890889,-0.3959146529537625,-0.3093717945031944,-0.10520483061276575
0.0,0.0,-0.8225822945868622,-0.7860112987888623,0.0,-2.1666609303146505,-0.07754850659569623,0.0
-0.8499513219442019,-0.22872067082009906,-0.12361531158265482,-0.30477581837171464,-0.23401956852961003,-1.4921552779965168,-0.5177314996843743,-1.0739087159449845
-0.533946624842935,-1.9918178974553564,0.0,-0.2076784494887285,0.0,0.0,0.0,0.0
-1.0294486789562782,-0.32092683455358806,-0.8398324661511909,-1.4435020578585647,-0.5231380244629324,-1.632261361744848,-0.2853138006957412,-0.27310879703442925
0.0,-0.9213466708085081,-0.2932504880970077,-0.9053507832481449,0.0,-0.6420277971743111,-0.40276535145114867,-0.7186322309729514
-0.3983429524004638,-0.04699736078524541,-1.4071625149554592,-2.0941419649811754,-0.7851485283566904,-0.2586795725305677,-0.9781645339568703,-0.7782101794269636
-0.6060873861107536,0.0,-1.9008390229572978,-0.36444145266207517,0.0,-0.8297769056492408,-0.7918891870101898,-0.2959960825701877
-0.6011942929403515,-1.9334651293463372,-0.02379262013989525,-0.14248170929290627,-1.457760958622826,-1.8529294411108204,-0.48388468055128797,-0.43699022533989407
-0.09893760539091101,0.0,0.0,-0.945558444546875,-0.9788293310480594,-0.49817471645134326,-0.3331877118263149,0.0
-0.26046031894874133,-0.6087429636412498,-1.442200233403069,-0.7703599125625811,-0.21817832311119822,-1.668319778145407,-0.4243868405402864,-0.4233881727742306
0.0,0.0,-0.10407605807390219,0.0,-1.0590024359633023,-0.13525640501240588,-1.4226151185230274,-1.7878404489142232
-1.1027996576008574,-0.5972474987524166,-0.656219796472687,-1.4975524165850684,-1.861208761654531,-0.4082664687408615,-0.27490409679866534,-0.415539499125825
0.0,0.0,0.0,-0.3036354509889181,0.0,0.0,-1.173481983008065,0.0
-1.0771415258376642,-0.37856993552253826,-0.7694615447525051,-0.5020105805839963,-1.3230072592112911,-0.10680514114307105,-0.42215093360874256,-1.9980559373650681
0.0,0.0,0.0,0.0,-0.6401090386292534,0.0,0.0,-1.16203445470987
-0.48203953558754264,-0.5879941350677873,-0.12801303893634497,-0.7874494716337814,-0.3621895479616857,-0.2105336662294377,-0.13441244242816275,-3.0321002730535036
-1.8496335051817239,0.0,0.0,-0.4314837604046353,0.0,0.0,0.0,-1.380630271016944
-1.498853189385411,-0.0940183644296324,-0.13609290358621795,-1.7435783944968355,-0.48777788724689763,-1.5890467130154926,-0.9168540100492208,-0.5263842824437104
-0.8222386763423915,-1.0794476733827576,-0.17012955502432625,-0.4701090144614035,-0.3049590989546571,0.0,-0.5436059633088917,-0.6951073828667029
-0.8285336188338324,-0.18782156555309104,-0.8078459501378665,-0.3173177301637544,-0.9793097083631768,-0.3856476659408541,-0.9524624094259702,-0.7314907017234225
0.0,-0.6052044025734755,0.0,-1.4799036518389856,0.0,0.0,-1.6682819682181256,-0.6296100739758188
-0.37294332475842396,-1.4142949957476878,-0.04889763402832781,-0.9906631797943337,-1.3464500452993624,-1.6794935417862593,-0.8653082254787794,-0.28047267927796327
-0.29425015771237817,-0.24062018653450412,-0.6301407470857843,-0.6147530868323976,0.0,0.0,-2.8430546092888527,0.0
-2.489120524962864,-1.5309909099368726,-0.4607579792891894,-0.5038082641726636,-0.313485731892726,-0.4559840550729488,-0.23011414000965846,-0.06438692316858763
0.0,-0.504463412875678,-0.20863466860733837,0.0,-0.5167785038819765,-0.11017656149594757,-1.2068245547273495,-2.523766918936121
-0.39322265274345636,-1.9746948516457508,-1.5123092123652766,-0.29002388222169806,-0.18656769618614621,-0.3625854517438363,-0.41946356412540187,-1.442442410175433
-0.7818993060573813,0.0,-0.10721667001620183,0.0,-1.1435943681735257,-0.03475846760963908,0.0,0.0
-0.3666274520365844,-0.9891631722807173,-1.2849162877449638,-1.3131375846605922,-0.42889851033824034,-0.54381493419839,-1.1682331710504537,-0.012390312524207303
0.0,-0.2957046067203155,0.0,-0.8555849504574295,0.0,0.0,-1.467278332155301,0.0
-0.5948592240807153,-0.6161723346767269,-0.7591982550162069,-0.111661438411641,-1.0290028820308441,-0.611881461467477,-2.037403616934359,-1.1768750231987974
-1.8082995401180133,0.0,0.0,-0.35118876437095903,-0.08048923885633741,-0.8558941263047704,-0.5962005707714724,0.0
-2.448891279844366,-0.21496690752666225,-0.31852549990943224,-0.9097707629293561,-0.3859009171718766,-0.7096080244265011,-1.2457439480420733,-0.22664385686432986
-0.39929705874903654,0.0,0.0,0.0,-1.8917816354675052,-0.5941123004478257,-0.13711362505252733,-2.5148607301672996
-0.38563992443606576,-0.12074864569851762,-1.0251264913266844,-0.06674483442705981,-0.8296977755540773,-1.051696927935616,-0.5605610976706092,-0.708384174760841
0.0,0.0,-0.4673587244135806,-1.5901708064817814,0.0,0.0,-0.05235783703808128,-0.8510988007515587
-0.9759996154123307,-0.5215526021288523,-0.7877048800458697,-2.559347409813486,-0.037629381874748624,-0.6691277386884202,-0.8006391121938963,-0.3997225457459228
0.0,0.0,0.0,-0.7734173366707875,-0.6108049115217744,0.0,0.0,0.0
-0.08045753280135415,-1.0201290810344448,-1.3681315274126327,-3.217822749398682,-0.21254500177399827,-0.10193104503041894,-0.8280874953794477,-0.09099979775473521
0.0,-1.1946551393086269,-0.04901070076070102,0.0,0.0,0.0,0.0,-0.6460512521344333
-0.32353501945184426,-0.1728549199654239,-0.5573904923061876,-4.439870735276208,-0.30341409532574115,-0.49670539546570325,-0.3360636344192267,-0.31256706432497605
-1.758530747993147,-0.33683121207273636,-2.465350886947193,-0.017845794211852173,0.0,0.0,-0.09504599591637053,-0.02805231817877729
-1.3430559706699166,-0.6353237381950532,-0.003599910007155316,-0.5625483970048979,-1.1175470761762494,-1.4734622789416028,-1.0783564719723229,-0.31602933079641726
-0.19831824771278406,-0.14288028790473817,0.0,0.0,0.0,0.0,-1.1811949365971337,0.0
-1.5437502343183978,-1.6588652078608845,-1.228169208450038,-0.03345993176620343,-1.4617537422224771,-0.010860427054243615,-0.07985678881878577,-0.9655508220958078
0.0,-1.32041639265152,-0.11582313191526694,-0.03922663101306689,-0.6232971859458987,-0.44987255364810075,-1.3332132287208331,-2.377504451645497
-0.04443417288301088,-2.5115854057938636,-0.234973163850432,-0.8514470340987206,-0.4915046495033568,-0.3266524108280757,-0.24764277275897673,-0.19019582611385832
-0.9921349651151861,-0.6586616354683983,-0.24438814965829803,-0.40290773489507625,-0.12304788918898257,-1.8870078261953216,-0.08751117251239737,0.0
-0.06900573096338292,-0.5965746618793171,-0.8175304964524859,-0.7746235118269489,-1.1056798590051296,-1.697688068979228,-0.2015057164434486,-1.1993705628724758
-0.5859254548959916,-1.0980121116839197,0.0,0.0,0.0,0.0,-0.4009918194014128,0.0
-1.8468683969490005,-0.07166606258399799,-0.5442589724268814,-0.6098036115201468,-1.045167522539808,-1.1046591592783974,-0.864749274338549,-0.0896549640623574
0.0,-2.169567724482423,-0.049722387065070706,0.0,-1.5542685842532569,0.0,-1.1288346841298225,0.0
-0.35389655243075513,-2.4354662462494883,-0.08841719758076305,-0.18058491110273422,-0.6173608205901697,-0.3954280944984063,-1.2106096071884487,-1.0777540832736898
-2.9943066003730765,0.0,-0.055349254288126204,0.0,0.0,0.0,-0.7788708186383637,0.0
-0.691359991057718,-0.09484820132240479,-1.0591417928031612,-0.7682661759996794,-0.6702280259759377,-0.13207959693842142,-0.48212956909784666,-2.074622962121407
0.0,-1.9017905538073219,0.0,-0.9399649568838297,-0.28270596239231516,0.0,0.0,0.0
-1.092032987507678,-1.0304401813464317,-0.18246590424024411,-0.5153979921146963,-0.29595590463706145,-0.9433276816802483,-1.4295658108918419,-1.498183828076833
0.0,0.0,-0.3723711749991132,-3.5523062503204184,0.0,0.0,-0.04299700793848338,-0.28850088287728326
-0.4174534385642712,-0.20761082954140786,-2.1921223522346356,-0.7659907907391688,-0.22864333918263036,-0.33921898487739455,-1.2267694215161198,-1.4619610246991455
0.0,-0.6671449095361837,-0.6351471846972094,-0.7065982776944129,0.0,-0.4695549756697339,0.0,-0.4634421275064602
-0.08930347886162604,-0.9444185863141108,-1.6895093698963057,-0.08188721374079222,-0.1202232051694807,-0.6118570302443018,-1.325714659600811,-0.19273819605206555
0.0,0.0,0.0,0.0,0.0,0.0,-0.3214660983280302,-0.7733437577272495
-1.1327601793757367,-0.49051374086015276,-0.17537650012772144,-0.018122376595059997,-0.8528270365505719,-3.6319140965753545,-0.33361024416621454,-0.08464311722417328
0.0,0.0,-0.24313486001330453,-0.31422309400400117,-0.9766403867804136,-1.2682274787409549,-0.557964632522018,-0.2100536741636656
-0.13926505232869069,-1.9425551721166903,-1.8160089825294268,-0.14628305629077865,-0.1985384737300233,-0.8168719770134425,-0.6958505742730772,-0.45143831069253615
-0.2071400168359796,-0.8097402078967004,-1.2273312433563222,-0.8051918409664074,-0.15988622834435873,0.0,0.0,-0.41653959547110553
-0.4502290100202906,-0.3630679765395586,-0.9723942149739875,-0.9846722222687667,-1.4795014371561521,-0.9373746909916045,-0.14896111439371396,-0.08453538135144534
0.0,0.0,-0.6746539236725013,0.0,-0.3419555086014965,0.0,0.0,-0.6829916708637791
-0.9101922339571749,-1.270885488335427,-1.5073011716837783,-0.13908873028217883,-0.09179146790647597,-0.5508795945243508,-0.2065089777672373,-1.04813272803609
0.0,-0.012878788198515956,0.0,-0.5724515104410308,-0.4040837694029422,-0.07809219425481029,-1.0058837119813235,-0.9207526611769516
-0.16332158884531278,-0.04311390241843949,-0.2179063116305331,-1.09574277032051,-0.5751480948773153,-0.2876871472486826,-2.571127737023329,-0.8884814018811724
-0.16133153388068866,-0.3746986026356023,-0.1549142895533242,-0.7941647096314526,0.0,0.0,-0.577069144236602,-2.1485879211285415
-1.4050127154140384,-0.2840196800165202,-0.13797963845342132,-0.2754886923647506,-1.590933286710956,-0.17418241596389716,-0.5170111393562715,-0.858917011885314
-0.3400084357265678,0.0,0.0,0.0,0.0,-0.2544328000354259,-0.48017420294354096,-2.550558952632776
-1.3205171944663379,-1.4523001427153517,-0.9784623215594905,-1.0812847860127484,-0.2990933838383256,-0.195310293940282,-0.05743436018139647,-0.5812115704632683
-0.27609648166211365,-0.6942077707530698,0.0,0.0,0.0,-0.05955308925888758,0.0,0.0
-0.03787687659638017,-0.8272973718707961,-0.1013349612419443,-1.5010812601205643,-0.2679579178147664,-1.2320318109880288,-1.068863832226957,-0.8239070639482255
-1.600106203578,-0.36450640524314437,-0.5975306138641505,-0.26261559284828717,-0.31752658848370885,-0.01006672352807847,-2.70932798095141,0.0
-2.249506268691234,-0.038847147206012345,-0.7137269348190731,-0.17251766896651866,-0.8298420207977557,-0.9125066946903457,-0.06769174226567731,-1.0274769832708994
-0.5984614963934796,-0.40593798709307904,0.0,-3.2175922729531288,-0.2056851342164565,-0.3791157155117464,-0.6009395748814974,0.0
-1.1764625604613084,-0.13211572381077907,-0.36539259084386266,-1.1593809768681504,-1.9929001347861632,-0.566288214767658,-0.4089014486856595,-1.1651437164919054
0.0,0.0,-0.8909855498247703,-1.073031248587684,0.0,-0.6309439733019504,0.0,0.0
-0.7902602015980182,-0.8493217258319845,-1.707894277684053,-1.813893473983967,-0.3266746730864236,-0.7301175224738907,-0.20836782721868374,-0.13866832346769264
-0.4176871011066563,-2.177851693880678,-0.7326441832363617,0.0,-0.9951267105520412,-0.13737452915080084,-0.26248178511935016,0.0
-0.11664729347743208,-1.8453163242480715,-1.7154967843077547,-0.6699152365012848,-0.5173830177520777,-0.20318077938529377,-0.04820185653360376,-1.1569251348369205
-2.623536499636021,-1.2612768286601606,-0.2634794964923133,-0.07706152267241162,-0.6245681574788513,0.0,-0.3750976947498712,0.0
-0.00602046145610835,-0.37815255539547366,-0.7336828511444571,-0.17796914880970327,-0.7600008877855089,-1.0672574113368434,-0.24324893069174802,-1.0656723029862878
0.0,0.0,-0.45759437960332505,-3.3638016081391826,0.0,0.0,-0.6206710726412101,0.0
-2.3210779993975343,-0.28844746236443,-0.4558303599216451,-0.15563222267580112,-0.4479227494515179,-0.47761819957739693,-1.7636021805418798,-0.6513349952662884
0.0,-0.17212696773369007,-1.1144267079055261,-2.155009179257611,0.0,-1.365990154996135,-0.216482627806597,0.0
-0.13433232700732312,-0.705016480221615,-1.0874851525618432,-0.9576755884762349,-0.2064959279616998,-0.9136432004108412,-0.36816610534783756,-2.1848223815040555
-2.6054054341103523,-0.4961240066143997,0.0,0.0,-0.33305676643296245,0.0,-0.6160774321731424,0.0
-0.2234876494259943,-0.19149941581933394,-0.22670314529555124,-1.959081111566248,-0.007236882450402327,-3.5000651561352423,-0.555530833283866,-0.01186691514099003
0.0,-1.4581204398586634,-0.49390605098200346,0.0,-0.20704403460736565,-0.5030230914105189,-1.028350996781568,-0.20899926737765817
-1.092014761091387,-0.2117800696336234,-1.49432478736309,-0.1306919286182815,-0.84729716207723,-1.8346939331908887,-0.32536895556777434,-0.8112678165428386
0.0,-0.1241800155318229,0.0,-0.7023616227784473,-1.0354330452081406,-0.9638495464015344,0.0,-0.30248526352937777
-0.1880057779294626,-1.0195553765793788,-0.3296628931856196,-1.7851698877221995,-1.9346615394652886,-0.3897161725966445,-0.2979522144556226,-0.45231170120140707
-0.10862970631635172,-0.10481438875400162,-0.508496034770916,-0.05271703828635843,0.0,-1.3192801189977548,0.0,-1.9583979578872546
-0.059744397682671035,-1.29953442729155,-0.852115919395942,-0.3991784485477421,-1.4408831844882162,-0.015267735296132123,-1.1592448929392631,-0.04470205686488171
0.0,-0.09533546756765432,-0.6573240120970896,-0.38439157450533923,0.0,0.0,-0.7913585034780404,-0.28635546659486444
-0.7000289236459647,-0.56238541124356,-0.12046462797122093,-1.2187773873859662,-0.05887559630789152,-1.1988406540147238,-1.0271595572356045,-0.33778308521015266
0.0,0.0,-1.55751663370481,-2.5689301543703937,0.0,0.0,-0.28214326656812716,0.0
-0.109842524072854,-0.5238418250221013,-0.5794106999413202,-1.7296993524736184,-0.5156835683868515,-0.813093350197744,-0.5520210616977392,-0.37808550265710483
-0.6546890502396456,-0.189239189502171,-0.4591884430355835,-0.4238216695829662,0.0,-0.06244542988892299,0.0,-1.9303621919641767
-2.4009804992621833,-0.18711041778011062,-0.7964910256980744,-0.019749598378918876,-1.5825581507391275,-0.5098973573011207,-0.10087236950274647,-0.22390151692477112
0.0,-0.9070781748999712,0.0,-0.1548552672864636,0.0,0.0,-0.7260335465734284,-0.03571493749080101
-1.0945872945247368,-0.3514626761881914,-0.3907269958190547,-1.6898150074813518,-0.841924372993458,-0.0331162139754948,-0.10216953232890003,-1.9669649451875477
-0.09999541780281529,0.0,-0.04569295824593578,0.0,-1.9207269705621703,-0.07932351673721971,0.0,-0.44290086195040335
-0.45833452424793997,-0.2894403589761021,-1.7807358377480966,-0.4395866081984341,-2.31948074643077,-0.24913423089424658,-0.01710758384697364,-1.0407356849690323
-0.8911727632733157,-0.5505260880928216,-0.354468554219193,-0.10974959784991167,-0.06792603904840355,-0.08684982685414955,0.0,-3.8380535701151093
-0.4649265447929807,-1.3468355157471263,-2.390543156306906,-0.35134259071055585,-0.27940329171972955,-0.31321083158982166,-0.07694751924445509,-0.009357963726248641
-0.37645832668162527,0.0,0.0,-0.8658009216349312,0.0,0.0,-1.6866563171668822,0.0
-2.5649648297346577,-0.3280192094542418,-0.5018345429590756,-1.452737325141153,-1.0281254986576114,-0.5351953822921995,-0.15961179275568504,-0.18560642026320906
-0.3125778086518629,0.0,-0.23698726646714974,0.0,-0.33590381267752445,-1.7475408428097658,-0.07592821882658018,-1.5176991266468027
-0.6088447100206817,-0.07487860746814512,-1.1304040624814151,-0.47244182007590396,-0.8066212207219472,-1.1182227031078975,-1.1688167658585131,-0.989192972202039
0.0,-0.02235002867257041,0.0,-0.11827450779197246,-1.4123228915624253,0.0,-1.273332144366007,0.0
-0.009925711068479615,-1.2576714299845717,-0.7241040841117714,-0.612880078203907,-0.7514475115048507,-0.7257068845559873,-0.5948547229406032,-0.9198992744235612
0.0,-1.6201073761514815,0.0,-1.457382251660106,0.0,-0.5142767324015427,-0.1581153825656756,0.0
-2.0852419216176052,-0.6692017154225987,-0.05144235381089857,-0.3137612764553106,-1.4180325156304248,-0.8061247256919639,-0.5427602412065067,-0.021110530316063247
-1.0466827254684983,0.0,0.0,-0.025980870589121352,-0.3775194058598448,-1.0301107087615362,-0.3019830272583084,0.0
-0.8556527871452984,-0.6612299410107001,-0.43952935719880504,-0.7339139866962334,-0.12778795225131034,-0.5399425965417741,-0.6955588022643369,-1.5004798436127418
-0.24011005262117635,-0.5666412689986515,-0.1397906030090077,0.0,0.0,-0.8876572120784552,0.0,0.0
-0.20970294606367457,-1.1764870153183047,-1.458638702556751,-1.772925565277359,-0.15268059101062992,-0.07749613468676841,-0.5226041767554248,-1.3168458320405767
-0.8448616281194603,0.0,-0.4008352437567835,-0.5230137425304848,0.0,0.0,-1.0741320245270485,-1.0923364159572797
-0.13916969864080464,-0.46146294908074204,-2.0654687253287642,-0.2756981576370201,-0.35689331331662544,-2.8865862433807843,-0.619358895339932,-0.12513900650970555
0.0,0.0,0.0,0.0,-1.8653770739955426,-1.3757061751907624,-0.5723029307065639,-0.578911458569161
-3.1574184166193238,-0.21347481628311282,-1.3966488836756161,-0.6539252089626331,-1.1305833851056297,-0.009825132010121251,-0.21921006992976277,-0.18454665119314928
0.0,0.0,-1.532027202880653,0.0,-0.14207218067119154,-0.461130533146207,0.0,-1.0621176101758945
-1.2300406503277976,-0.03512767114659976,-0.7731918067537444,-0.015892826246554748,-0.05538749406477983,-0.3536257968298102,-2.007478872325388,-0.15030842165013958
0.0,0.0,0.0,-1.1470127146491755,0.0,0.0,-0.614754937883573,-0.8327209617124085
-0.9035854004040287,-0.04241490046694896,-0.5268845464026617,-0.3317402928211406,-1.2640998413157734,-0.3632227679496447,-0.929416431853447,-2.0528838749554428
-0.8246644778681107,0.0,-0.07080540749001951,0.0,-1.8499090386702761,0.0,-0.3834565392678275,-1.359799769047073
-1.6978004868830618,-0.11350922483211079,-0.7102657087044362,-0.4476021033079256,-0.07861256694578511,-3.0680639875102016,-0.24166738651658992,-0.06977442410707724
0.0,-0.3089884995170573,-0.6386945053290889,-0.3835168262296955,-0.25389365232691397,-1.1946292338518987,-1.6286402917042997,0.0
-1.0666729957036543,-0.13642746094513658,-1.7671493833157594,-0.9224200927511657,-1.5666586434182292,-0.13259649990494005,-0.28489876833969685,-0.014205206565125472
-0.852499688810477,0.0,-1.8044977281695678,-1.2047203821235195,-0.09822148190712987,-0.16260951649890742,-0.7981597261767446,0.0
-0.016247575688300486,-1.16292878987477,-0.33966657303983183,-0.32653947486000057,-0.6204935148874391,-0.16498646723845045,-1.0094247071976108,-2.295278457541335
0.0,-0.968185667631503,-0.07472726003702679,-1.726955682385281,0.0,-1.7977139114979694,0.0,-0.9726541315005122
-0.33410312488530547,-0.6191004402503788,-0.18601521610906158,-0.9762975929212114,-0.7401711778942959,-0.28281100775924095,-0.4981077141900023,-1.726637197110974
0.0,-0.37171339267093284,0.0,0.0,-1.8110265326446644,0.0,0.0,0.0
-0.6454323564518827,-1.4972156128199972,-0.7298526657501698,-0.8145119481348262,-1.3625563858299632,-1.3519994668678725,-0.07910184746415361,-0.216993439072227
0.0,0.0,-0.3601707945181811,0.0,0.0,0.0,-0.619907867850241,-0.4000141051781778
-0.9059245559335833,-0.029592049631311568,-0.19354798465109369,-0.5937616513658917,-0.020084829843893814,-0.9635779524187393,-0.5037101544866758,-3.2097826616681653
0.0,-0.26302943095616094,-0.5628429168014932,0.0,-0.5288129157745924,-0.6878739900573247,0.0,-0.1652062464358739
-0.9548367556861157,-0.12625423515905432,-0.08376397524611967,-1.3559182769134432,-1.1699629829699747,-1.6561211847864463,-0.5677761856500698,-0.14103820480247986
-0.11925176627543088,-1.1538767845676698,0.0,-2.100378727607591,-1.3216031418282084,0.0,-0.3970238145708933,-0.3304983426760053
-0.8350098596219846,-0.014380512206008333,-0.6867485873923354,-1.3264639483047,-1.7093514098188658,-0.5867593409284257,-0.5436686017960701,-0.11615864619702077
0.0,-1.1075188293566756,-0.047182161615325846,0.0,0.0,-0.46844901647831527,-0.7456569891206657,-0.7649767311999494
-1.2940113035993273,-0.0050821330388748365,-0.5181211241785713,-0.348564867221679,-0.4595186574847876,-0.4028146577383014,-0.08155452136743868,-0.14772239131889098
0.0,0.0,-1.241941325264384,0.0,-0.4562272414044548,0.0,0.0,0.0
-0.00982115617957735,-2.4893072417483744,-0.24085916866353507,-0.28731344862512387,-0.9534125028871605,-0.7523255469140517,-0.7977803350754824,-0.7804465888928798
-0.6031365418489951,0.0,-0.30602558406276703,0.0,0.0,0.0,-0.1522901630663407,-0.7939107150506475
-0.32167210718864325,-1.5653504956492883,-0.6733592186780628,-0.7940909910274785,-0.6848924072563527,-0.43339666154447887,-0.3627610116260609,-0.06194704502373671
0.0,-0.6410262001102911,-0.5636910178352874,0.0,-1.2957477986804111,0.0,0.0,0.0
-0.8250501677667916,-0.42760890538190033,-3.0627969635336356,-0.009518629002848833,-0.5073312073283116,-0.8528834701646808,-0.7338920476799728,-0.25827822800673594
0.0,0.0,0.0,0.0,-0.10446014052923758,-1.234403618179786,0.0,0.0
-0.3432114726431168,-0.16662991428592466,-0.6201968119121863,-0.6534213533954238,-1.5258372418561912,-0.6081875712755584,-1.8995843027071135,-0.7154625578743605
0.0,-0.058241268983555194,-0.0635866703506629,0.0,-1.245505853627602,-0.33027741401387,-1.0002988697681747,-0.7915933696471908
-0.06664145184730685,-0.4404456653649387,-1.369917902482718,-0.7689633418785968,-0.7744230601656685,-0.3407236689501687,-0.27202553520924067,-0.2947919024182868
-0.6486700339821221,-0.11194512814521662,0.0,0.0,0.0,0.0,-0.5516559219901147,-3.007127017412867
-0.14902389322858411,-1.489616614421596,-0.1036882217298638,-0.9849358269005721,-0.06313498644164817,-1.101094930263156,-0.9833626805963505,-1.4176862014978235
-0.5305521319523905,-2.910745971873058,0.0,-0.2905892739773934,0.0,-0.3474074253456001,-0.888442790319389,-0.5436936842615836
-1.484831913565957,-0.5863548285454598,-0.03743853217670967,-0.25332879989425905,-1.588280515785625,-0.4613146483076145,-0.42949943465161944,-0.013720466546860877
0.0,0.0,-0.6685721944136489,-0.0007151317551219449,0.0,0.0,0.0,0.0
-0.4408396495340723,-0.7097538259003002,-0.6698832877991903,-0.5617861875515153,-0.08054660620761744,-1.3095192886472509,-0.6714473297359698,-1.6512550931482117
0.0,0.0,0.0,-0.7701298815640962,-0.024781348697598737,0.0,-0.11506162488204286,-0.0011045732010837028
-0.10321982168529686,-2.8557630011909962,-0.49005500332148166,-0.9701740504669782,-0.9183396126915246,-0.03319144743442504,-0.21191505628874374,-0.5701580380769773
-0.9411106265473244,-0.2252786829022453,0.0,-1.6067901667088123,-0.9039521842279932,0.0,-0.028618795678408304,-0.8817977466939357
-1.0585970574433032,-1.2398163861331852,-0.2064153640481896,-0.42119586579006807,-0.9502934270154757,-0.23134286530257686,-1.30254606279997,-0.5008183493335956
-0.9026866888131266,0.0,-1.3364161296013473,-1.8870730812895733,0.0,-0.3761594389333718,-0.02378393454856287,-0.9039188999881382
-0.00430119631287873,-1.8495154520798565,-0.15765140517727172,-0.011473563113136187,-0.3429372356747349,-2.519684837889436,-1.2977167431711614,-0.6042469356885807
-0.09079594523235635,-0.9992755860524714,0.0,-0.9344240634851371,0.0,-0.8090444796001002,0.0,-0.9660298253498958
-0.8101927751546594,-0.4274346680761507,-1.2907626135253851,-0.1681901260861256,-0.4128039053391852,-0.9979290921565616,-0.4703069457005107,-0.6734863295370745
0.0,-1.3409259897448385,-1.5287642022325274,0.0,0.0,0.0,-0.3399741739533404,-0.1996981771726105
-0.1386017307475047,-0.9027457405048498,-0.40371015914615427,-0.5697378613526487,-0.7803515115865469,-0.2984581500155361,-1.6781626663269353,-2.014889621475702
0.0,-0.6793169468398528,-0.11234563330217906,-1.4949104421796005,-0.46982924423885386,-0.5295169431027436,-0.33305027882207927,0.0
-0.3738711918223956,-0.159986946662122,-0.45925133800537576,-0.16187044686384677,-1.6846446420599746,-0.4489239771573983,-1.850380839583079,-1.0426697258603062
-0.7817932027962629,0.0,0.0,-0.9939885544452061,0.0,0.0,-0.5621259563019922,-1.0895401773387974
-0.5365855895878067,-1.8944855297849754,-0.07993391318011511,-0.042716841955193985,-1.2435320265827903,-0.5264613402830483,-0.04073354859096412,-2.598953056315822
0.0,-0.7368868709958596,-0.6740335512435252,0.0,-0.1679414800887571,-0.9275588509901924,-0.8046021685761069,-1.9545500418389823
-2.0827596600157667,-0.5006493699741972,-0.35847147230816123,-0.64205162459516,-1.518411822890231,-0.2835863039375486,-0.13456710339033773,-1.0868685734125219
-0.36150404461573515,-1.2835933122481542,-0.8935901830308826,-1.0254977236681437,-0.8548597743911248,-0.025443850379774702,-0.27143941328789367,0.0
-0.1640347594052587,-0.1949798925095214,-0.9235184638159009,-0.215056881484335,-0.3202527662401087,-0.5732529449401795,-2.741706056961344,-1.160217132602666
-0.5510016614127409,0.0,0.0,-0.5665347198098853,-0.3363176325842314,-0.5046280614660157,-0.0869595370974201,-1.6055620345419106
-0.4020700713681302,-1.3330529449873243,-0.27811910807666607,-0.6022797585524291,-2.3357343943956206,-0.3116099999937134,-0.08534047048769633,-0.49489983271946514
0.0,0.0,-0.6320905847587994,0.0,-0.5095669790077313,0.0,0.0,-0.02748063828481495
-1.245157841410209,-0.37389839244165834,-0.7699182396720508,-1.4482462289866724,-0.7158872377010423,-0.44535726676787135,-0.12373512675567344,-0.9171387394745603
-1.477526415220738,-0.3683398542031737,-0.08881945872943309,0.0,-0.28973470421794545,-1.0404843430440067,-1.8508328061116215,0.0
-2.157264248922144,-0.43738611584103637,-1.290762261636952,-0.6092029070145406,-0.3596045234744327,-1.6320878953218587,-0.2364502312616681,-0.20891718639837098
-0.5656657241108807,0.0,0.0,0.0,-0.7043074970297276,0.0,0.0,0.0
-0.232851858308317,-2.8806740384269274,-1.384950304056387,-0.3097849636306629,-0.7520061032235699,-0.002694737039004025,-0.0699980423017097,-1.0218424264572112
0.0,-0.6499888457023566,-1.526453752996754,-1.3500680372878548,-0.08718042262662884,0.0,0.0,-1.6738083620226822
-1.6418429580841014,-1.7248337271728316,-0.5227986019979607,-0.577055786905186,-0.7877189975771337,-0.6444330958250868,-0.3564624948598887,-0.34557170929019776
-1.0998381262202823,-0.41901586337557095,-0.8378135523653825,-1.7932922239163407,0.0,-0.3553512933341336,-1.0699551667238705,-0.7353529893811732
-1.9559892068522045,-0.14127865805000894,-0.9276861589036551,-0.21603811325902633,-0.12831747555514816,-0.46598231978852667,-2.0182712082085823,-0.8977680376739077
-0.27704406332883913,-1.0728207358847035,-0.6212988705111275,-0.01730511868704987,-0.3751283914897616,0.0,-1.0208065797959254,-1.6355028868745682
-0.9265165389170278,-1.5792201639154317,-0.7325270757404558,-0.3342596559591664,-0.12022982858759601,-0.007780422520316854,-1.1268319673779281,-0.8002934017976298
-0.5356856678393207,-0.7708905328781279,-0.5138641408834568,-1.6355537328690541,-0.27016316848221233,-1.1746172257927094,-0.41377821983708785,0.0
-0.4711706531611677,-2.225109378552787,-0.29484476379683855,-0.9448250599251411,-2.078801716011366,-0.22509385828124628,-0.01223267401183925,-0.4564077796320509
0.0,0.0,-0.4104752117398034,-0.8597458773854694,-0.8726029094144785,-0.23312360470734994,0.0,0.0
-1.4213222035817044,-2.646122155569608,-0.4918915460120967,-0.3567048229189824,-0.08190627406668405,-0.24273674769620168,-0.3246632010887245,-1.4156316444608947
-0.08003147007015166,0.0,0.0,0.0,-0.5851534882253357,0.0,0.0,0.0
-0.25701385296634793,-1.259050205312569,-0.22406225417143766,-0.03807388588852234,-0.7446859991969461,-0.40187652520018347,-0.960060057684645,-1.085690594425877
-2.239104021086675,0.0,0.0,-0.09914480267783432,-1.4211781560921741,0.0,0.0,0.0
-0.3233034928205756,-1.5110571666845676,-0.013785225860270423,-0.4774594939027983,-0.029186699253333614,-1.7096388421010769,-0.007477648435632922,-1.22481919769921
0.0,-0.9571715178388915,-0.6813742915187797,0.0,-0.8484884793921479,0.0,0.0,0.0
-0.7491405837804166,-1.8008936526932375,-0.677603728152552,-0.15630499484217708,-0.7753884090517262,-1.5842011809532552,-0.5185873293315248,-0.2642840246665594
-1.5391474107875291,-0.006428286825789442,-0.1733092109901202,-0.016729080505680116,0.0,-1.8647484222417265,0.0,-1.1743477216349554
-0.9370709653916958,-0.9395153997822732,-0.042404162167891,-0.8410593572834806,-0.3276936203652845,-0.1877902287234976,-1.3683507005026163,-1.6551955843065187
-2.094583838215832,0.0,0.0,0.0,0.0,-0.9434049217774501,0.0,-0.6523071896224142
-0.12450895462008393,-0.28019141117411195,-0.1447910297291859,-1.1064228806825698,-1.0821055027928104,-0.6443392524218581,-0.07481037445888017,-1.2184133494816614
-3.9568383837605947,-0.9044857324485251,0.0,0.0,0.0,0.0,0.0,0.0
-4.192646578242217,-0.024536513755572642,-0.15012586344768497,-0.04961551792307528,-0.3298420541409133,-0.9758218856634908,-0.14890635430308308,-0.5846264195805997
0.0,-0.20340464695707716,-0.37793640602656353,-0.7960617535019727,0.0,-0.8702794858405447,0.0,-2.654598524592121
-1.5553276325354215,-1.0749302159048764,-0.22722622777211043,-0.6422666669191166,-0.7244367547475719,-0.34327178312249984,-1.7252316544716795,-0.6667620261401481
-1.7967643640902322,0.0,0.0,-1.3405968723225117,0.0,0.0,0.0,-0.10703562083102725
-0.1031083182136614,-0.4515426180486628,-0.4146843146152479,-1.2671135713833195,-0.978317797034685,-0.1593061617401954,-2.188611979428633,-0.9606913121639691
0.0,-0.5975701695906492,-2.341345175411865,0.0,0.0,-0.16605865185337976,0.0,-0.37041511542567296
-0.35837899398608997,-0.7558837526122222,-0.6295404240602434,-0.020930612428689876,-0.617729229269127,-0.2718417894097991,-0.07303996272152524,-1.3209218750327532
0.0,-0.045288762851940056,-0.6857927317170418,0.0,0.0,-0.3107515430055052,-1.1262884141310714,-0.2089623979517583
-0.9186450899835723,-0.4349727344877543,-0.28771443398326646,-0.48846327153340585,-2.8798660347170237,-0.497481397121744,-0.8565505115423839,-0.05295707722436038
0.0,0.0,-1.3460554373605422,-0.2669761646253228,0.0,-1.296760578775455,0.0,0.0
-0.8581250992576104,-0.3462374505369894,-0.6479434063953562,-0.6829906952042819,-1.2157037222351859,-1.0042667422163447,-0.9006172137316355,-0.5223200845115548
0.0,-0.36903234118158323,-2.081826339743806,-1.5845358802465404,0.0,-0.9109905846597632,-0.47767770414222355,-0.13692977733191825
-0.45688329711620757,-0.19564872892807728,-0.9344405145399559,-0.5442888501650707,-0.27111500537721867,-0.30028602360452883,-0.5841054706010977,-0.49216640355857244
-0.3471389761495747,-1.1596934450594985,-0.5454192900763699,-0.8466480463225121,-0.03439710786001715,0.0,0.0,-1.106332175692228
-0.36312019181220556,-0.6870467253426371,-0.3398580602522303,-3.7796727654271702,-0.5666443948076711,-0.6173530266845475,-0.1502376586061871,-0.021215679187881697
-0.12901422398902085,-2.618930047528872,0.0,-0.99856875667147,-0.6074845891845362,0.0,0.0,-0.16160718483437453
-0.6876321101138512,-0.20284702072633198,-0.2843016973940502,-1.4335007902644605,-0.01471198018134423,-1.3571243907505188,-2.144708250269762,-0.6821428806952072
-0.31842042713210184,-0.5555757211706975,0.0,0.0,0.0,0.0,-0.4619356536986903,-0.26128939254763406
-0.20333724009988785,-1.420144595571367,-0.09662785826821807,-0.30777393112852014,-2.535761434874339,-0.07466173017281985,-0.43901278344309613,-1.3292579317380664
0.0,-0.9417792303721804,-0.5076736154379855,-1.638971582049229,-1.1934329505775008,-0.006316773901861694,0.0,-0.41072792782619505
-0.07348154045804645,-0.6736602463764054,-1.0493882538164314,-2.8513504109611922,-0.14889758624200589,-0.4845732270541241,-0.6388894088884527,-0.34192442495500774
-0.790484090620371,0.0,0.0,-0.035553495892648,0.0,0.0,-0.2890691270847139,-0.10873881350567416
-0.6919662220355782,-0.26403858154805704,-0.19703440431093444,-0.039346694087710965,-2.119779402717594,-2.004537058508565,-0.6701170921153592,-0.5053064025113088
-0.7182937102306433,-1.9097517143627396,-0.2610994139727385,-0.29593496618151516,-0.5445517761909136,0.0,-1.5993841816986443,-1.4429467817932258
-0.4521014549963249,-0.32386711567112947,-0.3652164684151602,-0.14584974951717378,-0.1368119613068428,-1.9030213911276892,-2.1419584802062577,-0.8199418472413367
-0.6032284750415418,-1.2639763634171732,-2.6524589569845194,0.0,-0.43491607169300117,-1.0347699425297634,-0.2858506909359617,0.0
-0.9317606314624651,-0.6021920235582261,-0.7963855292857653,-2.4353063799080115,-0.8631131007082793,-0.4442956758790064,-0.5350723990349531,-0.21319623367557128
-0.23010235031879667,0.0,0.0,-0.8548223702754996,-0.08930927455761228,0.0,-0.5456516062819095,0.0
-0.644133052172271,-1.394769317351198,-0.814976939297309,-1.7401271203729607,-0.6432957191530981,-0.031129427510200536,-0.5786025362348095,-0.6422428818331234
-1.1200765702151099,-1.1225290809550783,0.0,0.0,0.0,0.0,-0.025001426593520115,-0.4249086608437338
-0.014227046803043208,-0.7981943092651322,-0.3277391677719681,-0.33922225034801734,-2.10116762778678,-0.270544965015004,-1.4015605788564134,-0.878752219229435
0.0,-0.17995779606642337,-0.08104482581545902,0.0,0.0,-1.0665532931474493,-3.448069234466855,0.0
-0.7567564890880938,-0.5882148963216531,-0.49123740739067934,-0.40660249844416096,-1.0138274632872095,-0.04138540539583069,-0.4168778896123664,-0.7762689228870459
-0.09359927485982489,0.0,-1.5586703686604135,-2.7872929446708454,0.0,0.0,0.0,0.0
-1.5533568922237793,-0.24801530066740796,-0.12707501388825015,-0.9613473553804921,-0.3949932293064,-1.1553086290766403,-2.003114196221916,-0.2802072838120786
-1.3846705463635285,-0.30839619948622055,-0.3803530616910642,-0.982151800513261,0.0,-0.02279840925476062,-0.7724301539521328,-0.7758504324510556
-0.07588497298286523,-1.112965202173057,-0.8567221160630591,-0.4874734972366612,-1.949835687001631,-0.34197835472048155,-2.0987118014603734,-0.024886065064056773
-0.75117044264739,-1.3955059434850545,0.0,0.0,-0.7248403566554957,-1.8302364619927394,0.0,-1.5063804939822951
-1.30171163556264,-0.4593799745184759,-1.878052445213366,-0.9521412407502217,-0.2807638171760125,-0.36990648595702336,-0.6933990020951679,-0.050636797397128674
-0.04418378613140739,-2.6535748670562285,-0.10810198653433911,0.0,0.0,-0.6264120946296057,-0.5374607373266596,0.0
-1.2250960275837501,-0.40072817460595367,-1.1980843366076446,-0.8412131008273338,-0.9111273594456399,-0.6015131498126021,-0.1211474430482804,-0.6462331601708637
0.0,-0.5559639312342499,-2.8523309114517588,-0.47780549464552813,0.0,-0.5327521604328656,0.0,-0.002098662242483229
-0.36176740375824146,-0.8728549951782334,-0.5336760906605242,-0.1388919304663485,-0.20075142548155966,-0.7058360625711959,-1.3192470152252378,-1.4148790882931728
-1.7253966193772055,-0.25000084613615936,0.0,-0.5131677861928816,0.0,0.0,0.0,-0.11523662883620833
-1.226892681790762,-0.017148925474599785,-0.379316836255005,-0.8223670004410852,-2.4333641665219803,-0.23337574683917062,-0.40294014719434657,-0.3204732378567572
0.0,-1.1697519509954732,-0.5443723080449425,-1.071893319675704,0.0,-0.41029296710265584,0.0,0.0
-2.461275369026131,-0.33995842561895984,-1.3317957471996191,-0.0798507775019699,-1.6757782735727025,-0.18677204178791307,-0.8065562326548754,-0.07129184057106563
-0.4628622538533964,0.0,0.0,-0.8478085561276725,-0.20919261826805613,-1.237960474035602,-0.8476032776831728,-0.4074307953004457
-0.24801681956421362,-1.2733992111009025,-0.6321623148899693,-2.0250374049398774,-0.1748264705567797,-0.36788245149130105,-0.25875463074340477,-1.0562234948345965
-1.5542207252507243,-0.24810541740568226,0.0,-1.267063265223202,-0.32386143848662385,0.0,-0.19412334845610957,-2.1145278578629094
-1.7844629930127454,-1.3358610452003514,-0.4610163412289179,-1.9524916469266742,-0.19693629426550885,-0.4604958776259718,-0.23099733279725854,-0.21516497430853043
-1.3487092904030709,-1.689317168124111,0.0,0.0,0.0,0.0,0.0,0.0
-0.5747920867951724,-0.0036452004748515066,-1.2401010445258907,-0.3906956926507217,-0.1370581237897488,-0.07418328030415644,-2.2075505618029503,-1.0330171596708704
0.0,0.0,0.0,-2.103525863638686,0.0,-1.5584736515563593,0.0,0.0
-1.965222020353698,-0.27788214176549886,-0.09867646090431137,-0.33055412256161976,-0.41604316689988163,-0.47653342142527766,-0.21474333250670696,-0.5687472564528697
-0.6998685756315552,0.0,0.0,0.0,-1.0562565683824232,0.0,-0.9271808391192451,0.0
-1.0544780886964888,-0.05707565899675515,-0.23435431731445266,-0.3439269770261051,-1.9223989913695743,-1.0800886813445043,-0.22713924236053717,-1.6228824401629645
-1.379969320922518,-0.18596310459553145,-0.9175124726138781,0.0,0.0,0.0,-0.29894859599272827,0.0
-0.37083669624754556,-1.4976289399994416,-0.07668474551176807,-2.7909570546654017,-0.3374191958997166,-0.628487651974452,-0.38768307751882247,-0.6494268019643057
0.0,-1.2923319688542874,-0.2244442043574537,0.0,-0.535543108561928,-1.4257116837692907,0.0,0.0
-0.8607101763779754,-0.23007945797452312,-0.11059315876440312,-2.5819228996279646,-0.6174924314799606,-0.5926997936815477,-0.7314016113307993,-0.774721233487381
-0.6960013862930827,-0.25104912289692294,-0.6771765922847761,0.0,0.0,0.0,0.0,0.0
-0.5496377554133849,-0.6443338235373499,-1.4283852870652591,-0.44186967717267134,-0.46977827083146284,-0.11176859433001685,-1.0986827062381117,-0.7001054902234651
0.0,-0.5101375026054402,-0.07047845148395648,-0.11111935585965593,0.0,-0.0380540272591805,-0.30361948539699046,-3.4595957409684184
-0.34505051177051627,-0.7293396673301125,-0.19878287029012398,-0.13931734738458879,-0.03149102874855725,-0.7382913375261309,-0.1772678568119348,-3.6639753299464117
-1.1692465792660025,-0.9889292273347419,0.0,-0.25378106287469304,-0.8790995552311589,-1.029089059711838,-0.8512462907248874,0.0
-0.6434680289993331,-2.006523667523811,-0.13036962325916424,-1.0559084277151358,-0.8081209999474375,-0.9877885222648057,-0.46327191870084583,-0.4136906899914061
-0.0389754790915271,-1.7953652218430562,0.0,-0.5500351800512018,0.0,-0.9454596559373689,0.0,-0.35509387079826293
-0.6224840210041798,-0.0945088844479196,-0.017378743508232652,-1.220922923702675,-0.7185693761189649,-1.1329344552558815,-1.8738527558824725,-1.1669213187009593
-0.11659304008059035,-0.24384319514722286,-2.0865666576123028,0.0,-0.2638254032651597,-1.5956654911644232,-0.5763007848071098,-1.4814522236303205
-0.22262352859183654,-0.005799394198154673,-2.2609164272244966,-1.9314555689329964,-0.024310195688025615,-0.10331134353500904,-0.1332847562451578,-1.531324087913803
0.0,0.0,0.0,0.0,-0.26219212712272366,0.0,-0.2899281946279526,0.0
-2.637022283822035,-0.45555632129803314,-0.14045283696005129,-0.06323370418412377,-0.6494531672406589,-0.9037799365223345,-0.7569743976326198,-1.062399404277044
0.0,0.0,-1.2080580516379147,-2.3455924468021934,-0.22196074759381457,0.0,-0.02340173253891109,-1.0084544265053825
-0.022534098198418562,-0.8228019999161473,-0.2994892994242626,-0.3027290972309151,-2.9698398313756957,-0.3661283742328125,-0.696042746004812,-1.0441749784423973
0.0,-0.060887809900340706,-1.573768756269195,-1.3067554248582685,-1.701157003703166,-0.25128067408536303,0.0,0.0
-1.2384744815798543,-1.6675025245298185,-0.707742357458617,-1.9788247868858235,-0.14327575015030725,-0.2974533007524869,-0.49382734783074334,-0.3231909047126118
0.0,0.0,-0.4587874430566705,-0.5972086998264503,-0.6620319512248241,-1.1594051264050185,0.0,0.0
-1.2906228210548063,-0.05805891514239825,-0.4515362629865045,-0.6061210238499832,-0.2100826375272682,-0.6739045633644594,-2.992728232376086,-0.36412822253915333
-0.6501412313860815,-0.36821549255463637,-0.6968611213119864,-0.8105098689824572,-0.30785475507710913,0.0,-0.7762404299153625,-1.1704747553069774
-0.8544313403358892,-0.6254731893470158,-0.9168122103298657,-0.7009389055549526,-2.1867570423902665,-0.24639835494719264,-0.04051900086917737,-1.1752297582495155
-0.7606117055431332,-1.1092254418557719,0.0,-0.6214270328552054,0.0,0.0,0.0,-0.19307583530878336
-0.9774729794811803,-0.5548236595117766,-2.650992248046717,-0.31725800769700285,-0.4803423433251508,-0.5499565606950201,-0.12752584598215488,-0.0018705015526450097
-0.44429977500598916,-0.18042025067678047,-0.26403526317955706,-1.0177569758486378,-1.3792638479774597,0.0,0.0,-0.20067376932296277
-0.628557279548505,-0.02953562428814127,-0.7623234980974445,-0.1376542823590281,-3.139088314951,-0.3484360323047424,-0.20216177020124526,-0.9381345450279239
0.0,-0.0894290845834309,0.0,0.0,-0.2930172097315067,-0.7217893357047753,0.0,0.0
-2.727955891225495,-0.29117641442540254,-1.1806976930790842,-0.009237542240200014,-1.4731411305515616,-0.011348148610044184,-0.8678967009888217,-0.20071000688561913
0.0,0.0,0.0,0.0,-0.2815106844914155,-2.307219585303253,-1.204500553106131,-0.5322672006929956
-0.25326352889473114,-0.24044322786394012,-0.1092212412193696,-1.8001488368447864,-0.438682754057953,-1.4450001241905355,-0.590650896033301,-1.2859822351965438
-0.24872747181997212,-0.5553351810738452,-1.2212501933866893,-1.1227364997403146,-0.865528540611332,-0.19073936667093072,0.0,0.0
-0.2867901624016973,-0.3225718150926751,-0.8465952303944082,-2.771019124671793,-0.45445471081720523,-0.03943641883878435,-0.351484874206613,-1.884365278198052
0.0,-0.6719320066008958,0.0,0.0,-0.34746828664549145,0.0,-0.26690040720297503,-2.193477961981211
-1.1062675813365406,-0.7207231928710041,-1.260771018272071,-1.2884140369800603,-1.4532269634262658,-0.1100924987821843,-0.7672453869117692,-0.28896632646602605
-0.4916783279687724,-0.19942302730754236,-0.19128268648323044,0.0,-0.8994131147676105,-1.3317497932151232,-1.7594979874549566,-0.731831723083963
-0.03804350759444741,-0.050443624950897714,-0.8101736918956606,-1.081559509660413,-1.1513029709060545,-0.2839358337528006,-2.029966976494684,-0.24817514896413062
0.0,0.0,-0.08772199542329684,-0.24352247857699272,-0.6703381330582721,-2.4379100814904886,0.0,-1.0182782034830042
-0.2875490312301112,-2.808770645180994,-0.38365201787237435,-0.0006963584962607072,-1.438396948316739,-0.8424610960759846,-0.5329932565723929,-0.092376079115704
-1.893522927684553,-0.3612634538669415,-0.3662256521163636,-0.031633089347565146,-0.03421924188492742,0.0,-2.489259681695234,0.0
-0.15239110155217617,-0.45010491125029084,-2.904977484327566,-0.1738810289820396,-1.2771948425120163,-0.08385612054158997,-1.2863326302224545,-0.6077338884258063
-0.25627399372419646,0.0,0.0,0.0,0.0,0.0,0.0,-2.008434357623818
-1.3986813325540464,-1.3938534134645533,-0.2707122543511167,-0.4885616698521904,-0.2601874682598684,-1.0845690193187476,-0.8671621222955972,-1.2139332096002562
0.0,-0.994466188871379,0.0,-1.1443284837024938,-0.8077862760242249,0.0,-0.007398901177628758,-0.5848156079361653
-0.8435271139436926,-0.04303747475389397,-0.5078793979514602,-0.91529415197307,-0.12753131946240437,-0.45971059510645507,-3.4058009009422907,-0.08426551598335763
-0.6076306523966828,-0.7053016896965092,0.0,0.0,-0.293227950955381,-0.056999377742100066,-0.31540626828774165,-1.1754386785573532
-1.883495746048518,-0.8292351101020072,-0.18298727625455413,-0.08691033952995753,-0.4761786021454322,-1.3941211438934227,-0.23051598488517921,-0.45998131737473447
0.0,-1.1151857736037005,0.0,-0.28595012431761546,-0.09592134382524886,-0.1236368379113788,-0.07772449691892014,-2.056893957495574
-0.44714636570859234,-1.4715581592468245,-0.022524900427254302,-0.5840863298754151,-0.07800654959390307,-0.05793014263858254,-0.11970870567430314,-3.121032072134232
-0.25701773596133215,-0.3089015137966653,-1.7766068853394152,-0.11023434238580876,-0.8166047215637819,0.0,-1.979891110442642,0.0
-0.906953476052494,-0.45175804103392103,-0.2581098828670516,-1.645776862406219,-0.13868176086292383,-0.5666370266630647,-0.30527864527968696,-1.3398671788032992
0.0,-0.5879123277751743,0.0,0.0,0.0,-0.31342300161099423,-0.9427279110928648,-0.11017955939246882
-0.5670697841115793,-0.9752843307315358,-0.17554874384572905,-1.0827240885706173,-0.4648671209139641,-0.7104782720184852,-2.1430826357966106,-0.5175970355910433
0.0,-0.6518899925060015,-0.3753804885566474,0.0,-0.20715649654597357,-0.12218734049820057,-1.4803020963845865,-1.268947013968436
-1.609879885865567,-0.074507315068292,-1.8757719374554647,-0.061478016759970444,-0.9322238494605015,-0.3591591059729984,-0.34837020111036576,-0.46021114135796637
0.0,0.0,0.0,-0.3589108451514669,-0.3547930357079174,-0.5566921569498371,0.0,-1.881587061869375
-2.241599780750871,-0.7989301642957596,-0.07985004155844866,-0.008928610238593038,-0.007086060294302143,-0.5387456720095729,-1.5715813833770937,-1.4689523183037334
0.0,-0.40983270871557487,-1.8582108512806537,0.0,0.0,0.0,-0.37033303691837904,0.0
-0.01297103981640646,-1.5932357300511626,-0.2698292363934973,-0.610142718801697,-0.3604315867498986,-1.5233358169827218,-0.09275931917562907,-1.8653998571969428
0.0,0.0,0.0,-2.183884332274337,0.0,0.0,0.0,-0.441281179497075
-0.5346242685603402,-0.39442440251563404,-0.15609357797023904,-2.3250932508334676,-0.4164328212746735,-0.31325485332556546,-0.23061807338678086,-0.4659393393715252
-0.19445485254219808,-1.251077404810296,0.0,0.0,0.0,0.0,-1.9810722003369259,-1.8224344293282089
-0.24915965520035677,-0.3768192889493518,-0.17189416384660827,-0.8419752906991542,-2.2417129891810976,-0.47527036040992243,-0.32122560950696055,-2.1946044175955723
-0.48735943949001204,-0.26508603554173327,0.0,0.0,0.0,0.0,-0.4969312814865905,0.0
-0.5996579149350127,-1.3020253109885669,-0.9072836722831159,-0.05101747514573862,-1.4871926078340252,-0.104500897903538,-0.5191800008953456,-1.2984053657710692
0.0,-0.9402685016481982,-1.1081978107918076,-0.179739962945761,-1.0561795382947228,0.0,-0.172650070259035,0.0
-0.23221407516949366,-0.07232608545654529,-0.8305876272270272,-1.8427848589300746,-1.7772275897281977,-0.8943119671901467,-0.36415929521534984,-0.9108659426362316
0.0,-1.729551810536102,-0.36768913275593196,0.0,-1.5045395477299248,-0.11345828735368357,-1.3716186783779962,-0.04478428606036999
-0.3746857748690964,-0.32306725934727876,-1.8719953599782855,-1.2618004432070773,-0.6847429221925649,-0.32534872263356185,-0.09580685129377553,-1.8728780127694442
-0.5767969670678408,-0.8074732486866489,-1.2106417613529716,-0.8921832719721934,-0.949691544039954,-0.4253195998935677,0.0,-0.3179796403515107
-0.2549203542024596,-0.17673406832948313,-1.250218471449692,-0.8630154406930686,-1.125999247119788,-0.7719430864054697,-1.7754583272889919,-0.04897360303379816
-1.0255872587015107,-0.9174286082700682,-0.09585037809901209,0.0,0.0,-1.036110662965779,0.0,-1.1689136567404876
-1.1432906920847294,-0.7817379611323165,-1.0669604230661314,-0.2110069488609847,-2.0274483095715308,-0.38484208303747813,-0.18810877147283556,-1.1081578814546011
0.0,-0.29361543012914915,0.0,-2.6918118527746575,0.0,-1.1800911777898513,0.0,0.0
-1.9774917461322197,-1.0698529126120544,-0.5391233994208147,-0.26157525312533636,-0.022691629464082652,-1.807465558886375,-1.0141867685830501,-0.1911573556832522
-0.5489057201898486,0.0,-0.780097885592113,0.0,-0.626345470562093,-0.3350222667931533,-0.457486358075081,-0.44281723416783336
-0.08765199846791916,-0.5544738514384919,-0.591951814011086,-0.12040325825603304,-0.05255244281277882,-1.3698834245003422,-1.0917832008914266,-1.1767566053039804
-0.043380575548834344,0.0,0.0,0.0,-0.7015239660402823,-0.2721002241976098,0.0,-0.2760890529528748
-0.6495165555055973,-3.6089942158933273,-0.24469613415176283,-0.0696047761389158,-0.35748369414465575,-0.20574774129071383,-0.25731954008280766,-0.9408793365997825
0.0,0.0,-0.7223039852988347,-0.8401162208900628,0.0,-0.02280707484076583,0.0,-3.7141534633368027
-1.7303883908540474,-0.43612909592136795,-0.3801282230676044,-0.28485047370146965,-2.2442462705165935,-0.6895718082575719,-0.28399584844523496,-0.4384530700290732
0.0,0.0,-1.990681600444292,-0.8211777140549534,-0.9569146733451257,0.0,-0.5823388772555642,0.0
-0.35065648049581366,-1.2725900000021806,-0.8166191514321799,-0.7078206090432424,-1.1479344300530006,-0.9314052752021897,-1.2849555406244004,-0.25011639758753734
-0.09715696881670421,0.0,-0.3210353953564473,-1.2254944805037296,0.0,0.0,0.0,-0.3025440052185564
-0.29436204440216507,-0.6091346851123642,-2.539079757037875,-0.05328348900480151,-0.03237251748833181,-0.3897354469019234,-0.26797843136859,-2.7712257161793517
-1.705575139236796,-0.027763495975720254,0.0,-1.122921845247447,-0.9358334599438605,0.0,0.0,0.0
-0.9405845081570456,-0.059283711647722726,-0.5661741587023865,-1.302061266474034,-0.28910867450257527,-1.4057425130333465,-1.483946399673914,-0.08820321595807812
0.0,0.0,-0.7617038653368589,-0.16000477715978256,-0.12443336857050902,0.0,0.0,0.0
-0.35693331547306073,-0.47343911479634215,-1.0575577219641552,-0.4908787899308109,-0.05423879130913356,-0.7830341679448019,-0.19375304021173445,-0.4954982509883674
-0.5171852382785058,-0.9841729613583325,0.0,-0.5915706558921832,-0.019739362432416918,-0.742982664751425,-0.4508081476187895,-0.30936213943406266
-0.01811430384362911,-3.3001936055685293,-0.4027189035026195,-0.01284285355629855,-0.394792463524408,-0.19791932791773093,-0.7684271133302216,-1.1118853485145532
-2.0702434828075376,-0.17642790954132526,0.0,0.0,-0.5264283829700611,-0.9462141258538956,-0.531842891346253,-1.8854823468539426
-2.786610611774237,-0.3053514535800659,-0.31114179927859276,-1.4629637634449644,-0.3077623825052891,-0.2388898347008368,-0.37572991739659667,-0.14552576421699115
0.0,0.0,-2.3122494384393972,-1.7235299873363177,-0.22534125587251186,0.0,-0.845796962571784,0.0
-2.15865630253664,-2.1907799807097064,-0.0049436221790326584,-0.48030018304015876,-0.31827538923958,-0.875358638741873,-0.5942087404102816,-0.31497846087140413
-0.8834284121010008,0.0,-0.5736563241947739,-0.06250812437902464,-1.0568107657024326,0.0,-1.2526439994577983,0.0
-0.7251087984738716,-0.5453227509103051,-0.5132468622295585,-0.7445655893871734,-1.0239802881194109,-1.1582698862245921,-0.12089893316058742,-1.2011593574393178
-0.13454616528758745,-0.057759597684388986,0.0,-0.458415891522419,-2.8574725932821305,0.0,-0.25075182084151315,-2.0420102453406344
-0.23408304990761408,-0.1282229133611379,-2.1649664524101775,-0.6765690596509568,-1.840038818519587,-1.5933130424193997,-0.11971105586457398,-0.09067450268365995
-0.504805893080527,0.0,-0.4502970615277908,-0.15786301760642463,0.0,0.0,-1.1785212502779379,0.0
-0.036015377693324524,-1.0662645123305898,-0.2157385477809921,-2.441223273551687,-0.9642032296343421,-0.12289372095303097,-0.8054526162730697,-0.5011377218066926
0.0,-1.1253295822682263,-3.0606074392547895,-0.17303667658773936,-0.33459360363185997,-0.24499070266880363,0.0,-0.12448055243541756
-0.250613483502903,-2.010887936988227,-1.2828262317311667,-0.084596398192339,-0.15039812024554067,-0.9648193663137947,-0.6612830776812144,-0.16441804939248428
-0.9022777192237319,-0.17028263081964212,-0.04878255139490939,-0.6755674664447344,-1.7271339244410617,-0.6962494383107654,0.0,0.0
-1.0145175285226475,-0.3887356798543493,-1.2225617229734187,-1.5496195912039044,-0.3862950600253745,-0.03015180392969974,-0.08866612618926961,-1.2990090195028436
-1.0272609636649896,0.0,0.0,0.0,-1.0545772646980582,-1.804819874776049,-0.8198322867005388,-0.027987730504183794
-0.26963631431035306,-0.8718080178282026,-0.9592766543257811,-0.7278922323474237,-0.3907112975193199,-0.6442554014019564,-0.6718992952108458,-1.2290156411851196
-0.19022029340926672,0.0,-0.7732982724176818,-0.26478907215667924,-0.2940358070319631,0.0,-0.8472201852859698,-0.8196592241149636
-0.44237659309494237,-0.07927666182203374,-1.2262731822350759,-0.802982696822812,-0.37778079560213307,-0.835327183186994,-1.5256167187070213,-1.3032712049608852
0.0,0.0,-1.0491135760163859,0.0,0.0,0.0,-0.2880344255028149,-1.336854895125768
-1.9235742385350125,-0.5540778439971854,-0.263391117043394,-0.48101510020427174,-0.7954259815369342,-0.8892788839998662,-1.014529707417636,-0.9679434741161268
-0.3117873568200906,-0.019439931459418247,0.0,0.0,-0.5706023856430749,0.0,0.0,-0.42091767433822636
-0.9379406690929137,-0.1446806819196631,-0.3570080394040902,-1.3317573207203761,-0.27779977152383406,-0.17351828248071755,-3.4619238935847063,-0.020561712362853868
-0.4937741805051292,-0.690506692583666,-0.9219510364421843,0.0,-0.1752620189210239,-1.53497451799658,-1.2585169810537167,0.0
-1.429374313180661,-0.05907198503950983,-0.5912854367654505,-1.2617912572618915,-0.2537667884491892,-1.1413973098211567,-1.480907623648008,-0.2223871454423625
0.0,0.0,0.0,0.0,-1.6193765401398021,-0.05408210967081928,0.0,0.0
-0.21568322580659238,-0.15803204344982547,-1.465790216265484,-1.4665426621517135,-0.49281482765584705,-0.6188188663240233,-0.5512126632858214,-1.027459935237938
0.0,-1.4273238860313961,-1.1941893568825996,-1.843631538916405,-0.3798348131589506,-0.1682106009608484,-0.8330139842807789,0.0
-0.9112035009415074,-1.170600408498884,-0.8620832600297099,-0.5764283410328268,-0.4931507498372927,-0.5684171109098406,-0.803343140242788,-0.3638938291029197
-0.6513424426793275,-0.9975235355099468,-0.04679607183839085,-0.43961547975933524,-0.9654482898766092,0.0,-2.4538794966459285,-0.15577284945406955
-0.5804544031926371,-0.16668729999406828,-1.0781658505862977,-1.3747844081379572,-0.775111025494529,-0.9267087409040329,-0.1367456725344427,-1.918210663530921
-0.5640975173187268,0.0,-0.545242457874024,-1.3949410950202417,0.0,-0.5173714348316363,0.0,-0.5741052959856257
-0.0011416649613735785,-0.3219374112425637,-0.4015661015883456,-0.68577972089148,-0.5933105236767684,-3.446175733748265,-0.9297604569436677,-0.5074202053474259
-0.0017404307815711562,0.0,-0.42393784223867037,0.0,-0.2429289673241124,-1.5264386797966623,-2.808840535941745,-0.6557667371415263
-0.9500430261901807,-0.6099942671335894,-0.2366721105422238,-0.07022800981325172,-1.3825522469394,-0.9092017496627669,-0.8489493050394232,-1.6179138575784329
0.0,-0.9781140385146632,0.0,-1.3594102758935618,-1.058880837579176,0.0,0.0,0.0
-0.960246049744268,-1.2353150350707516,-0.16684664410608985,-0.793984265179164,-0.547612684951921,-0.314126513793191,-0.9210518784204513,-1.2959306563907536
0.0,-1.8998083616215773,-0.5079200169085638,0.0,-0.14633730898024044,0.0,0.0,0.0
-0.2222551691098733,-0.9552026200000174,-2.522048368823368,-1.313522723356554,-0.23706130387510793,-0.29567156465195055,-0.35698263258658347,-0.01815248670442493
-1.7952789529723532,-2.3694140445810703,0.0,0.0,-0.10318975883507253,0.0,0.0,0.0
-0.10477048435534542,-1.9231023334486093,-0.6863274623240461,-2.1072892306038504,-0.19364928060885056,-0.23208768481846231,-0.169488496326192,-1.2843327439227235
-0.5573577808018904,-0.5520349172250052,-0.18778010020276437,-1.1864446494876049,-1.1224600015163686,-0.09744762173515298,-1.085586358756883,0.0
-3.2238238542393276,-0.4661160439176273,-0.871032705107706,-0.041023310158157855,-0.6189103568615986,-0.1323127561489441,-0.5891460536170507,-0.9415663742090921
-2.095271132741016,-1.4924493173711788,-1.1893089451202634,0.0,0.0,0.0,-0.6437607042325517,-0.3389965537882267
-0.48596210420105557,-0.7908311560366714,-0.07038320441471502,-0.34992310217900613,-0.5483703447680339,-0.0008338404403023247,-2.076923833008185,-2.2945971705226027
0.0,0.0,0.0,-0.46357309750292863,-0.005780622842724625,-0.5151881455804954,0.0,-2.0052673292378804
-0.08428295071509329,-0.2892136569591379,-0.054786058359290735,-0.5561676715977839,-2.0447084247794916,-0.6215815286043895,-0.9750813376795566,-2.102305454062968
0.0,0.0,-1.7411183373953856,-0.10681832004211778,0.0,0.0,-0.0764585505196127,0.0
-1.5191896830725486,-0.3402691056290106,-0.007479486323104467,-0.5212680556744047,-0.3566283681582423,-0.7386787551668643,-2.1362217364958616,-0.7321000367476183
-1.9592766227418794,0.0,-0.5393132352520178,0.0,0.0,-0.8936657305527058,0.0,0.0
-0.45663547139204574,-0.5149445964862522,-1.1186655133667243,-0.2731159062840218,-0.9472561457185282,-0.27151715372394314,-0.0175492174681251,-2.44653700013974
-1.5196900657422105,-0.23315394831208458,0.0,0.0,-0.25997700896254017,-0.3238021374197624,-1.3430075861952853,0.0
-1.6651496051068309,-0.54613138143102,-0.18749655125392817,-0.6364484327313775,-0.2498473665817249,-1.2942013226341675,-0.46249160445275805,-0.3265429057739606
0.0,0.0,-0.5413850663626834,0.0,0.0,-1.0395823784714109,0.0,-0.16732582845109434
-0.805322028677895,-0.7363779211096437,-0.4627486736463453,-1.620768673987114,-1.3548166117274354,-0.9365994093511487,-0.7612755912659566,-0.10409209244218065
0.0,-0.5094974154505021,0.0,0.0,-1.6717412591757714,0.0,-0.7966735249343033,0.0
-1.3212140295114763,-1.070844392976607,-0.8717304290726053,-0.7086169219707932,-0.7438409522828966,-0.42642143764258655,-0.04323400837343172,-1.8021527959401524
0.0,-1.4150000866776615,-0.31256898918876264,-0.2986357627806475,-0.5409864412425449,-1.437660552108266,-0.5531475362089449,-1.221210238256317
-0.4648041021625797,-0.6022199353572129,-0.5715415459939548,-1.3796448659957115,-0.9713295168762439,-2.2801244720986658,-0.5134958604440287,-0.2133840879375617
0.0,0.0,-0.0958028721331905,0.0,0.0,-1.181100444852901,0.0,0.0
-0.0771338051438688,-0.996116296722632,-0.16504496952451486,-0.7341642029558306,-0.7754155442188697,-2.8178625754579434,-0.3903081128949557,-0.40707617820210196
-0.6802847236405638,0.0,0.0,-0.08978214352671898,-0.10000165257264904,0.0,0.0,-0.8538937938742519
-0.1668177701808924,-0.043323380411685264,-0.5578332464463589,-0.12377011420045836,-1.4045734393686882,-1.2017081858158312,-2.601491883707487,-0.5776577884449479
-0.44214890019769193,-2.2440274799911126,-1.2193015796073503,0.0,-0.5770391279294138,0.0,-0.07234656060778999,-0.9126009636965895
-1.7703260657778808,-0.15215039512723294,-1.0001607284353202,-2.084192952267398,-0.07900834103299115,-1.0038054781169006,-0.09744650291409407,-0.4022745904367344
0.0,0.0,-1.3721137902205252,0.0,0.0,-0.49409919332526453,-0.31756921179722575,0.0
-0.0986023570043546,-0.5650677164795344,-0.503194261528634,-0.8372759983222986,-0.18437885669048093,-0.4821360881461505,-2.3928630981918477,-1.3363600436949667
0.0,0.0,0.0,0.0,-0.343307085980987,0.0,-1.4309586030625,0.0
-1.7964118362659462,-0.194652700678847,-0.14248311934428592,-2.1477434377111475,-1.1914397522081694,-0.643811805901902,-0.7166987793330062,-0.1499127659742392
-0.02445992590062751,0.0,-0.1891419893144093,0.0,-0.1405508129762989,0.0,-1.213372997535914,0.0
-0.09931391993228456,-0.09721870208404493,-0.9209119168351156,-1.5998096086804194,-0.23249959782295004,-0.046626995150096384,-0.8608505995290372,-2.25163400971595
0.0,-0.7780629510387929,0.0,0.0,0.0,-0.3502469285665235,0.0,0.0
-0.3288508606056739,-1.3657544508549258,-1.2205527054347831,-0.9544133131199821,-0.20993462963271625,-1.6875732736553157,-0.5068690186856575,-0.3870056625002949
-0.2099253209292442,-0.057738786072330406,-1.3699709692980102,-0.6786006378629708,-0.7123565537158667,-1.306692268945861,0.0,0.0
-0.968925572312199,-1.5571088153970676,-0.26800523316497404,-0.2346303890901753,-0.27248170825113505,-0.8355100409919345,-0.2697895358606175,-2.2679412169921758
-0.13941115871688936,-0.21640322849283677,-3.3600689516667126,0.0,0.0,0.0,0.0,0.0
-2.695243517791556,-0.24581791511964557,-0.48118113193051926,-0.10596884326196854,-0.08133390256363615,-0.9892777764919529,-0.6562265489455257,-1.0694320850627443
-1.2851948426547173,-1.724170081272569,0.0,0.0,-1.2300627157732569,-1.0910792171773496,-0.44675493286196133,-0.37241838837980534
-1.4066786813564471,-0.2681830574711723,-1.7613620898264957,-0.9938303624152356,-0.8569432617029307,-0.9933362237805934,-0.286792418824124,-0.19820610692881413
-0.19975785549726055,0.0,0.0,0.0,-0.34303120838019296,-0.8208814494107131,0.0,0.0
-1.7091215420839694,-0.7620052694842272,-0.9102643602412126,-0.19976079732915508,-1.0910619610731684,-0.10896441226418219,-0.5708634269520934,-1.0902580528241046
0.0,0.0,-2.2308488191481164,-0.1690874013319661,0.0,-1.786067008809086,0.0,0.0
-0.5121536008527157,-0.04162789244560372,-0.14591321741684204,-0.5127427526739563,-1.644979853927084,-1.1002083427024116,-0.7911515440010319,-1.375690668153874
0.0,-1.1192935946345486,-1.0311560473531376,-0.41887722002298133,-0.3894564793327273,0.0,-1.6376900807240107,-1.0786866910891657
-2.393013308178932,-0.6529613869157354,-0.08464209632127329,-0.44850311035266,-0.5735694671362168,-0.02837672149823689,-1.1528744876556072,-0.09847621868351375
-0.1460701138920948,-2.0695073910905784,-0.3923817306431374,-0.6230962023919853,0.0,-0.8311216714916476,-0.46792392322885057,0.0
-0.8120643723416485,-2.535427451397288,-0.1959284218300592,-0.6202074366461288,-0.31350843496514447,-0.9021744763737187,-0.90131057241876,-0.45270339531280435
-0.6069756822493595,-1.0155985428200562,0.0,-0.33613239474726786,-0.043696784414966494,-2.12797064526152,0.0,-0.9589399114966897
-0.22843614865684003,-0.3108051072221203,-0.2210208747541591,-1.132772999456825,-0.8775503300732828,-2.152175461251824,-0.6528189379597125,-0.4395557886876409
0.0,0.0,-0.15651633160912937,-0.44084811755483866,0.0,0.0,-0.6124998757498297,0.0
-0.2989370281534933,-0.4725507606162731,-0.8580626432442644,-0.33334910328570455,-0.7773954046779821,-1.9510538381998774,-0.7566451542064865,-0.8819267345242396
-0.7268363049297637,-0.539962125665399,-0.16264181679532097,0.0,-0.2262379235232661,-0.5593734374878769,-0.9203919701274152,-1.9147822197866793
-0.39261624586659316,-1.2466155600527156,-0.7919411797042741,-0.3551438212648783,-0.14827486359612685,-0.5600750501472831,-0.3985055256230865,-0.6528182177274431
0.0,-0.059399197807291415,-2.5346310268496497,0.0,0.0,0.0,0.0,-0.21537415079771627
-0.44904882078528807,-0.21241270368177645,-0.1802188549143171,-0.1210948865766639,-3.616888254752466,-0.9481903825711244,-0.7250509139193664,-0.559442343713485
-1.3408637151652796,0.0,0.0,-0.38732901133681974,0.0,-0.23249696142553145,0.0,-0.49773568661565015
-0.5102186750669793,-0.7807351563916445,-0.6550524337181294,-0.11639933593991625,-0.937533652808269,-1.3056937712861831,-0.9571956515373916,-1.7041981933928456
-1.170457866439401,0.0,-1.1971688429966987,0.0,-1.8004510113618002,0.0,-0.5419848814624322,-1.471210752714435
-0.18394814411209026,-1.5997459149045294,-0.008201752819538832,-1.1927858634182824,-0.23482997518903836,-0.5032065771941578,-0.14649351181175874,-2.890671360582963
-0.02865461727777152,-0.20250784314063086,0.0,0.0,-0.862372023044709,-1.2308934116926364,-2.996342834513576,0.0
-0.8040659545874647,-0.44874714888573486,-0.6143743505836623,-1.2723964033907276,-0.16313200360674696,-0.38632526239715936,-1.2130209737031636,-0.9029495042294124
-0.1823485697900784,-0.5762436382568499,-0.27978928814446125,-0.23421552812056579,-0.927541516597131,0.0,0.0,-3.263609886240746
-0.6241872709537981,-0.4660643171631671,-2.5114160718758214,-0.6459690269754965,-1.1520904776522203,-0.9293574265743079,-0.366447413095468,-0.14239829119869718
0.0,-0.06490986019300227,-0.4136451849552216,-1.9378917691687336,-0.35255862686327877,0.0,0.0,0.0
-0.6047069010536559,-0.11758923954346656,-0.09504405846675201,-0.041203420262101,-0.3383525580909321,-1.2494525646869672,-0.09167318697889826,-3.1175900044156863
0.0,-1.9582082317188743,-1.1107751513426658,-0.4433058403594643,0.0,-1.4393251711022028,-0.6290551204245158,0.0
-1.1087779286536623,-1.1248342301079353,-1.1181679728600704,-1.175723727206483,-0.5522343092680613,-0.3298700693622978,-0.17901408667820284,-1.2174549890708786
0.0,-0.21610343717019198,-0.4587106389479638,-0.7537544195227381,0.0,-2.0857812356757206,-0.3546745948544796,-0.1835092150918074
-1.5698652019719095,-1.3129792834925214,-1.598403934525896,-0.17298318753561048,-0.9280295858776668,-0.17386665470688722,-0.3841782371215139,-0.49203287026921494
-0.929534035528448,0.0,-0.6995010887896722,0.0,0.0,-1.332530605207669,0.0,0.0
-0.5050233206436605,-0.10375993221982949,-0.6551551069283104,-0.17550404802487662,-0.5121525158142033,-0.8400912714325424,-3.265425274645574,-0.39255096961315594
-0.09749571636731602,-0.18246207194941633,-0.3320400141544102,0.0,-0.07147796665526585,-0.7702488190745385,-0.6301488154947474,0.0
-0.2545630793439635,-0.5797793614164792,-1.9720396967480482,-0.22107871649920519,-0.045315279685682164,-0.4568323995537975,-0.31160614558157285,-0.7440878939515256
0.0,0.0,-0.782710096756869,-0.691408993023078,-1.1112650906118589,-1.0661609972457011,0.0,-0.7050665632909627
-0.926841347765798,-1.1718066953559934,-0.09156159488987559,-1.2650562193734958,-0.46840412015435096,-0.11188670477833629,-2.2770520565252115,-0.0830135351360255
-1.3444408762995117,0.0,0.0,-0.6202069727857706,0.0,0.0,-0.23758582957760677,-0.6562731077366051
-0.9288378563166804,-1.8125896478541632,-0.24017868187549407,-1.2944144105726032,-0.22832922957605994,-0.3744627025408205,-0.5474617684080592,-0.38754167740668777
-1.344585054949146,0.0,-2.3022900523821725,-0.14881026463550562,-0.30773414007708766,-0.8420987902954087,-0.9608358433376933,-0.22381261045649303
-0.5462069102549671,-0.49535957947299103,-0.6481205870634463,-0.6800152093225114,-0.24412520052516573,-2.684233934980403,-0.027134702150951817,-0.010348883818956267
0.0,0.0,-0.7693348635407888,0.0,0.0,0.0,0.0,-0.09600190342607196
-0.30453806045931753,-1.511832658035427,-0.28259268114653135,-0.19001966772789824,-0.6401154795429926,-0.6586277431854617,-0.11570925197394288,-2.0971285380157054
-0.12774296273330243,-0.4751212626477024,-1.2192499734862619,-2.130469246179449,-0.09011528848794903,-1.2869272728106793,-1.2517696693788594,0.0
-0.7794865583297277,-1.1424251026899608,-0.2567468537285418,-0.8393184420342044,-0.05283631553926593,-2.679304785951987,-0.23743472275008948,-1.0026784685193233
0.0,0.0,-0.5206721860488726,0.0,0.0,0.0,-0.1880390159006904,0.0
-0.08484614560411963,-0.4308773972119049,-1.046983021690254,-2.5257338441136676,-0.29864092494208183,-0.04894448018008024,-1.0064797275419544,-0.34289360665130886
0.0,-1.179686992223087,-0.5475668416537056,-0.197267237339239,-0.2153920436173884,-1.6655012793311474,-0.14274655736346453,-0.537780093665992
-0.7727886380232487,-0.08366062398738983,-1.1165920724994365,-0.9437514958072857,-0.6812517348851799,-0.3350847611847776,-0.7945339466575065,-1.396876497039334
0.0,0.0,-1.2141409298255805,0.0,0.0,-0.6197209346934773,0.0,-1.5889733354295679
-0.19680395776106785,-1.6856550575187281,-0.13657265714383016,-0.07548999029954206,-0.32749661986974044,-0.9592684630738422,-3.2214924398163465,-0.15970864410306707
0.0,-0.46967305555422634,-0.9313159394487025,-0.21885952813991594,0.0,-0.6015539140679609,-1.6280404644232203,-0.5699816364117325
-0.5608672417320806,-1.2055661213724775,-1.876946527744865,-0.3616315518543347,-1.3016522674244886,-0.5972003416938039,-0.34205157824130517,-0.14382339011629153
0.0,0.0,-1.0011399846753655,0.0,0.0,0.0,-0.12310112805247542,-0.2598534856525987
-0.5358512494411078,-0.0496078221403593,-1.299628402616431,-1.3394260415723203,-1.2921113378712619,-0.7245320545915801,-0.1771833648155221,-0.03142819840601341
0.0,-0.47331821487927517,-1.1701892332640522,-0.7198794656545981,-0.34498926569979727,0.0,-0.9567501489792276,-0.5823105366538135
-0.7880324747447789,-0.45646824495691085,-0.6374972871435514,-0.9263621058189182,-0.11823671223607501,-2.5668735499740976,-0.7985333122485896,-0.013282355644768984
-0.1138899661335504,0.0,0.0,-0.8122007094444035,-0.9917660074386685,0.0,0.0,-0.27387126467502654
-1.59654730990139,-0.4864879117066385,-1.2034546066168135,-0.08358090224212056,-1.1735228132562856,-0.010544253621890931,-0.045384182529654815,-2.25502100013603
0.0,-2.9920075615772816,-0.5402545199782987,0.0,-0.34085577671651723,-0.08712664629317146,0.0,0.0
-0.19861985913630242,-0.8366508456526915,-1.3873980925286977,-0.07604443415696238,-0.21682920877311673,-1.4375130619794572,-0.15011255666726253,-1.1182894474325522
-1.405984637175452,-0.06066295740477212,0.0,-0.8314722664256831,-1.225551589555109,0.0,-0.19048482210337703,0.0
-0.4623206021774813,-0.04847981325199591,-0.061834187872808144,-0.5926396180245455,-1.445684197574324,-1.3653877825335519,-1.6985036300095082,-0.5890910570519443
-0.1536707014439287,-0.2611634072850002,0.0,-0.8669725353990732,0.0,0.0,0.0,0.0
-1.3838388221865356,-0.18937874580925573,-0.31756663997605106,-0.19913139930582702,-0.42559896771065997,-2.554006263487766,-1.15989293308217,-0.6752349788477545
0.0,0.0,-2.468891864031976,-0.46427384296585483,0.0,-0.1471252305777453,0.0,-0.42992013891624836
-1.1796007195875502,-1.239540022061611,-0.7207117805984025,-0.9276142041210873,-0.17028575636158472,-0.24375379352229665,-0.6782169216522069,-0.809297329795017
0.0,-0.8349330956533016,0.0,-1.6888765207584724,-1.1040767382572492,0.0,0.0,-0.032830215408583996
-2.412589311377544,-1.591197903227635,-0.2758909548128976,-0.0585053293656248,-0.6079208058723591,-0.09012497571446332,-0.6266872982763223,-0.4064242770322757
-0.5206117443604121,-0.3930033596486284,-0.35598556793107594,-1.6345305858361145,-0.1957675266926424,0.0,-2.5184739348899647,-0.6007640874151221
-0.2996558471004729,-0.5606274613576074,-0.48754410585714947,-0.5470428899556925,-0.9588090992044922,-1.2963254744530932,-0.08431440156663683,-1.6182227744969628
0.0,-0.08221216595453562,0.0,0.0,0.0,-0.060359644483934716,0.0,0.0
-0.9467889898455368,-0.1258294140255387,-1.2384056872651303,-1.8557767772504397,-0.6997845481987266,-0.6777958105010553,-0.9103960068112098,-0.48272624238030115
-0.5353250936345804,-1.6832090716137467,-0.3597224463060549,-0.38629405426908026,-2.2336857451601633,-0.04337978086985661,-0.3823164238228003,0.0
-0.3716482062025941,-1.5382039901675073,-0.4473610338629257,-0.19777308046527597,-0.6129316575254622,-0.19849962911183905,-1.7413815667106132,-0.0696802371990275
-0.3971329789866216,0.0,-1.3609390379309998,-1.330254110911298,0.0,0.0,0.0,0.0
-1.0143901006989724,-0.5450723049154398,-0.11508356629717387,-0.2722762746905252,-0.6482759210587314,-1.6553991884810433,-0.744334890667262,-1.0357999259905961
-1.688856390688474,0.0,-0.10984620309681858,0.0,0.0,0.0,-0.1494202246130243,0.0
-0.7145253768284956,-0.18998268619875702,-1.3421257395673365,-0.1951665955170636,-0.5402627032247089,-2.160745733641199,-1.0838050930952292,-0.6323747693788695
-2.832404919488681,0.0,-0.4739666400821969,0.0,0.0,0.0,-0.3883959650889084,0.0
-0.41732221195376873,-0.8322559969664178,-0.3528430853001634,-0.09839839040540266,-0.952833938167875,-2.9357931333506695,-0.654476087926465,-0.6790549069904941
0.0,0.0,-1.9963556190160352,-0.09363454797161452,-0.08709975277640325,-2.5990990720878386,-0.00441100974047437,-1.3758848661011784
-0.09578110009037566,-0.5491901919299629,-0.10111807315963617,-0.2590574411975881,-1.8930828504229158,-2.5257617506254455,-0.10873182174082352,-0.43607110239740887
-0.09586938592500438,-0.3529452960152337,0.0,0.0,-1.5191095166721365,-0.8201815706859241,-1.4523159831327908,-0.7825018924476872
-0.20224767383148645,-1.6038931771789926,-2.034893122017424,-0.21495815459255407,-0.9405948570182989,-0.0027979405707352356,-1.5352904187533465,-0.15705375965302348
-0.6255092829651181,0.0,0.0,0.0,0.0,-1.710162901161369,0.0,0.0
-0.6356337463786197,-1.4498359624739638,-1.8368505262681296,-0.556192580582378,-0.5959564970188405,-0.2630010264826552,-0.8950479608869628,-0.5600041066239054
0.0,0.0,-3.2203639674973967,-0.6278955075089403,-0.17778450381324795,-0.169996996871574,0.0,0.0
-0.0410402974910955,-0.0026288564922278823,-0.38394586156767385,-0.5997322119596937,-0.6702293219243067,-0.2498002501463814,-0.5019876834710661,-1.124197032096803
-0.5432664168884704,-0.43638186658641764,0.0,-0.4465364031385626,-1.2635530049441535,-0.22411735346261707,-0.19386030326508497,-0.5775653611124074
-0.05033505651489989,-0.07642916919554033,-1.147855112670877,-0.1754041156066295,-0.9677593490846021,-2.6898023601139265,-0.8744089715456855,-0.503132928555555
0.0,-1.1770483351142529,-0.6024501703564322,0.0,-0.3236117283722306,-0.578365060379423,-0.37240552404067095,-0.6837579539227914
-0.7884546103644245,-0.26455750074412965,-0.08801965972075987,-1.2769381879397734,-0.6383295126894977,-1.1287959268808159,-1.643144464890276,-0.02728906259798425
-0.5002709368393718,-0.09179666356444915,-1.7013213233726434,0.0,-0.12561696208980866,-0.05644730407180898,-0.29294454817762006,-0.1692745327231835
-0.01453159547055538,-0.25400560758132507,-0.17387213814326685,-0.6471100213994232,-0.017447273893429482,-3.8625816869090506,-1.080222467815747,-0.23334086044986613
-1.9842093568404309,0.0,0.0,0.0,-1.0161847790077116,-0.4862881466804101,0.0,0.0
-0.16014914779723632,-0.6425227724523133,-1.7118717462954542,-1.2513038200371174,-0.15569767223664854,-0.9861597801258224,-0.5866207489200086,-0.18302954176118114
-0.6364824247414766,0.0,-1.0809945049821508,0.0,0.0,0.0,-1.8737994665469895,0.0
-1.2390199569300666,-1.911849475496556,-0.24014719944754326,-0.3305610085856836,-0.49990636467816785,-0.5463793794878748,-0.0060446810451821875,-1.5740826372652723
-0.18719046554729335,-0.7359808170392981,-1.5478911805591116,-0.9794420292120929,-0.543591375299286,-0.09753911216581734,0.0,-2.0906744351076547
-0.7129848164724377,-0.09243508468153205,-1.1892381039257236,-0.8162153269591803,-0.2855198736751552,-0.08331081149044817,-0.30310384887153763,-1.6223391403281244
-0.2799218056060546,0.0,0.0,0.0,0.0,0.0,0.0,-0.4685658941616069
-1.4257540355136804,-0.1876787476530275,-1.2172806621446908,-1.0692928698183222,-0.8970451218979711,-0.017458335942227343,-0.17602008380458667,-1.409793652847335
-1.2643436757064617,0.0,-1.1539648751384401,0.0,-1.1474404624571992,0.0,-0.012689774319291303,-1.1217321562306193
-0.2961895655258129,-0.11584162814756382,-2.3711741461881646,-0.6837022352877842,-0.9241943547659579,-0.9590004807577692,-0.010869730472671257,-0.9841157046619706
0.0,-0.3407586599316019,0.0,-0.40834816611034075,-0.8686102630027985,-0.4593505279897485,0.0,-0.8194702111091967
-0.29291959842429005,-1.6051949347125651,-0.9518822055954095,-0.612670708138304,-0.5892508699092094,-0.2412862990091842,-0.3348148487917779,-0.43696226437558927
-0.8181848656287105,-0.35511895727122056,-0.1804360277294066,-1.514981223527414,-0.9470536781829679,-2.4085853034569045,0.0,-0.09873869656485734
-2.129825103473758,-1.4084209523983473,-0.2451333797144466,-0.17937203265259605,-1.2270030111050252,-0.49538552130266034,-0.06854616570281191,-0.9934738221129438
-0.24715474640836632,0.0,-0.5370076436163291,0.0,-0.84251184681289,-0.18025130934080202,-0.7541963353818382,-0.7554705999628171
-0.6653009870637687,-0.3144248424563383,-0.2863216914410769,-0.08075139024642208,-0.03846062190343158,-0.4716741925208021,-0.5749257880978176,-2.0855856024941097
0.0,0.0,-1.4225202786892437,-0.1836064575033607,-1.3381793189203801,-0.8697868573190553,-0.28559841710101885,-0.23057632349428658
-0.47846812156205587,-0.04096050763529391,-0.09408554483467935,-1.4323426802178956,-0.3769001808814263,-1.6744113329521628,-0.029389960348686905,-0.08997156110764148
-0.40273569352924454,-0.7170610900614651,0.0,-0.2219393637547027,-0.16469249233107508,0.0,0.0,0.0
-1.2824713766934455,-0.4523878245086381,-0.9426180526536614,-1.3184576719662795,-0.5592616293555155,-1.2292307446304704,-0.613050946793888,-0.31800229275852043
-0.6564777898853471,0.0,0.0,0.0,0.0,0.0,-0.5852037965547234,-0.8158708500063483
-1.3932484957927427,-0.5262986040697584,-0.7716204824526862,-0.744923893983704,-0.7893123813316514,-1.5685503559286786,-0.49205865732685794,-0.11067474354543272
-2.632102674301078,0.0,-0.04579482463092699,0.0,0.0,-2.4737614448237855,0.0,-0.2858254949833361
-0.28486005500165223,-0.052945139075927905,-1.5251424546547163,-1.3075529903214882,-0.1420356505668785,-0.9843218658920314,-0.18312586709408585,-0.7639861531887071
-0.2103376959345553,-1.33537798580055,-0.2733309768519607,0.0,-0.6755258307163752,-3.08774405436063,-0.10293514704505213,-0.01829847554867925
-1.7878186051019727,-0.35390146597817296,-0.13752478696284864,-1.9232047017218505,-0.2636417551369643,-1.9458723283395063,-0.06158886700242405,-0.4582160215439721
0.0,0.0,-1.6523694252555892,0.0,-0.2918825394377613,-1.8775359842384836,-0.25377243160380925,-0.5510648646598595
-1.6688159636996573,-0.8188168211042033,-0.6283671953790986,-0.1313827640707057,-0.08407281277714773,-0.4555784369140312,-2.302500035147892,-0.4493484600946962
-0.07205613217394902,0.0,0.0,-0.32879906996338626,-2.0051513179725555,-0.142254837241941,0.0,0.0
-0.34752381275110267,-2.057962429431268,-0.15858830826910886,-2.4811671938598643,-0.40036249404241886,-0.031895112552860816,-0.04984573054182917,-1.1174588746175518
-1.938753408599295,0.0,0.0,0.0,0.0,-0.017252355125828345,0.0,-0.9321684388124742
-1.0316978893850655,-0.8538534612784092,-1.0174119255031693,-1.2182985770944148,-1.0118843046931056,-1.0538439376360946,-0.1820198458612765,-0.46863556241819104
-1.5445077181258577,-0.035919554593553116,-1.9679385655776915,0.0,-0.8116568633455987,0.0,0.0,-0.372512613164
-0.8916102908113634,-0.30945755297750654,-1.696863467279373,-0.6236117745292784,-1.2324954743946455,-0.3628711855691984,-1.1981726862279736,-0.3399898629106346
0.0,0.0,0.0,-0.03691001789011139,0.0,0.0,-0.5661521403331236,0.0
-0.504483278115603,-0.7055386788839941,-0.7405104891190817,-2.2888914717693414,-0.02200654046945516,-0.8598323547601137,-0.6844367007307222,-0.9540687013745393
0.0,0.0,-0.3748813226241321,-0.12186809720984737,0.0,-0.9082972208621882,-0.08652640159672931,-1.6544511403898339
-0.9893899042486813,-0.33721514290680243,-0.7523056059755016,-1.9653245659147247,-1.5651058272402096,-0.2035879479061551,-0.06406893208069508,-0.8356184653761982
-0.8355981795405176,-0.16411285050617241,-0.6473677816986738,0.0,0.0,-0.3948405483494488,-0.7707515143594703,-0.03936000200762724
-1.3496404160508817,-2.02143102693375,-0.2621539993265687,-0.3585551334838737,-0.0007111436955700157,-0.0644761720049658,-0.6419993775279851,-2.2460308756435268
0.0,0.0,-0.44340243751672315,0.0,-2.269966814098492,0.0,0.0,0.0
-2.27296042063559,-1.2496419033491444,-0.7065517466729911,-0.5134877477588358,-0.7652381517330262,-0.36264391072069735,-0.3690598673036556,-0.09652942510189177
-1.6779160780120934,-1.0265258539331814,0.0,-0.0009938869979251308,-0.7694569165863099,-0.018854946782637327,0.0,-0.45433432108084837
-0.04262672985218696,-0.6263319182549942,-0.4018061346153745,-0.14517655599843682,-1.3275139438650942,-0.5173718909423117,-1.1054504320668554,-0.2794168234292913
0.0,-2.0342037741915435,0.0,0.0,-2.508691168242107,0.0,-0.3022111768268152,0.0
-0.30022478165307387,-0.2895265307935242,-0.5321887495314375,-2.794966814589044,-0.7171573758465302,-0.4857839005671485,-0.06775587568049968,-0.37435769700759014
0.0,0.0,0.0,0.0,-0.05988459896815801,0.0,-0.9030692201935775,0.0
-0.35518602151204526,-0.1929703748561682,-0.06201399104638039,-0.49372922978070743,-0.24293343571448478,-0.10766114282367933,-0.9007342555632345,-0.5665402298685045
0.0,-1.1004792765815452,0.0,-2.131230144282968,-0.5399577492350414,0.0,-0.04709389044153056,-0.28916043985194406
-0.08224914672438466,-1.1707585708003787,-2.6077602529353037,-0.6462754999103861,-1.018755323762102,-0.0047034078741132745,-0.4099018167941093,-0.38903035728863955
-0.6344855210975391,-1.5165630671982804,-1.591793072634724,0.0,-0.423035903661229,0.0,0.0,-0.20298529342402372
-1.3240368361870836,-1.284926497640793,-2.4172515952846654,-0.26024577573108765,-0.12561269014128307,-0.12571257334974106,-0.3841419126013417,-0.7481326848212424
0.0,-1.2743234675456314,0.0,-0.2790463678289452,-0.32666773595347376,0.0,-0.201560879426407,0.0
-2.8756212816779856,-0.8348543735746103,-0.08411058648274672,-0.38663532528461,-0.03536341287720823,-1.5746037473560168,-0.6220975769060262,-0.2643002146031854
0.0,0.0,-1.4901042313495978,0.0,-0.7283651763362391,0.0,-0.07470533383906286,0.0
-1.1305987320447066,-2.5135620267894128,-0.8158975503557002,-0.10084627988666384,-0.5764611159509965,-0.15466510156422508,-0.8977415014572037,-0.4965855523825331
-0.31890938570416516,-1.3548600560185848,-0.2934257213249811,0.0,0.0,-0.9100577054708756,0.0,0.0
-2.8096596501925735,-0.5542036527889209,-0.20018423982981748,-0.6808168521935603,-0.6365690637048589,-0.14998239522637835,-1.0246284468149813,-0.24728881765338517
0.0,-0.16657831581010818,0.0,-0.5983459458416309,0.0,-0.4596065539865357,0.0,-0.49533824763577883
-0.004470617122926512,-0.02689608332151394,-0.10276608208487747,-1.2088690001949862,-0.6395658691545094,-1.2602338859687219,-1.3589878531760098,-0.7372244768074951
-1.3147556707792294,0.0,0.0,-0.9713223000897653,0.0,0.0,-0.31170584097931453,-1.503771461234371
-1.9978991838882347,-0.4102741336909599,-0.4016060792936367,-1.975174886331005,-0.1548945467923426,-0.6427017769051799,-1.1945408438864922,-0.025419330730414025
-0.2808695503234677,-1.3787479808660335,-1.2981529167177541e-06,0.0,-0.768570833770525,-0.09056797787457338,0.0,0.0
-1.1994562547883518,-1.2483653992851131,-0.42562579606182105,-0.45144842949130304,-1.7786855551343361,-0.0085540142307714,-1.1016799979096543,-0.47407433915866903
0.0,0.0,-0.1494513728595228,0.0,0.0,0.0,0.0,-1.0894967258169928
-0.11643872021933266,-0.05716518251858993,-1.3226443711355653,-0.2334370985760783,-0.7143439764980606,-0.8282446379868222,-2.4929536465757653,-0.33221413107442554
-0.7209767350458005,-0.036903239668045984,-0.34556407494776487,-1.5769035838382663,-1.5058991637617654,0.0,0.0,-1.1931582408693586
-0.35251391523427333,-1.3072198106608806,-2.084492648617143,-0.038116375944987624,-0.02218570147590171,-0.3707547477952593,-0.014180097611840026,-2.5206065838266367
0.0,0.0,-0.3080830340129008,0.0,-0.7941323155679525,-0.32191664965223143,0.0,-3.561306561508188
-1.0379908461531597,-1.2030779856059768,-1.1047470061163747,-0.09090409470900074,-0.591102349334534,-0.7295970315156897,-1.3218622143841632,-0.1819546894034092
0.0,-1.1169237358061643,0.0,-0.4508848089487465,0.0,-1.913766117171348,-1.3233689701512965,-0.8404963298040933
-1.141952438818028,-2.1826549050135995,-0.4593295321536104,-0.29440632924119914,-0.5776964659089323,-0.8152260246363365,-0.29000476367697736,-0.05356612580574538
-0.01581082660391875,-0.2484728327152732,-1.0190528189773538,-0.4097793011023043,-2.4478802725280513,0.0,-0.85342352054864,-0.8043915938685213
-1.1817368275295523,-2.6749416892907103,-0.753075811577963,-0.9450344158206923,-0.15463354104195304,-0.12024627740078841,-0.32378331114527015,-0.475331431902684
0.0,-0.1196534384066279,-0.2043745627961453,0.0,0.0,0.0,0.0,-0.991952767254304
-0.988908125040334,-0.7032133980583719,-0.7160287104834673,-0.3008431180882756,-0.08754143604772135,-1.2801850808387751,-2.2476613199323516,-0.45357454370390826
-0.005936233566119498,-0.41046645315681385,0.0,0.0,-0.21703868609096233,-0.23045631460253269,-0.1492952701410708,-1.2739214869625197
-0.5301672089897487,-1.4982553935392735,-0.5343572171943212,-0.3112423860362279,-0.09567494260170406,-1.3621631056913142,-1.837270337217662,-0.13169026892214308
0.0,0.0,0.0,-1.5451960862818348,-0.45447984734757174,0.0,0.0,0.0
-1.3331266027464856,-0.7014195868426158,-0.4295685428582283,-0.6490375479092556,-1.9475118784011158,-0.04629696124967797,-0.36882886918988156,-0.2766542574152959
0.0,0.0,-0.8348804221568669,0.0,-0.17121808020725204,0.0,0.0,-3.1442194661860823
-0.7082401859205616,-0.43716253058379095,-0.2023389188714173,-2.3147951195869503,-0.3361790387907151,-1.6304806732240271,-0.47587851398132663,-0.019844707404502948
-1.0864625643947408,-0.8972792880041851,-0.21058320047916013,0.0,-0.7808910843036418,-0.23439953867601382,-0.5637568225410883,-0.057839269387239156
-1.5526943909962156,-0.8855482118467037,-0.032051276980794796,-1.313504933328021,-0.44317796757252026,-0.38103359147521765,-1.0614380978441558,-0.17382627735929734
-0.7964300841435614,0.0,0.0,0.0,-0.018160238252691308,0.0,0.0,0.0
-2.5115775497987416,-0.32792461411252916,-0.05490986878006332,-0.2284000867600282,-1.2558989070229138,-0.6091431051718343,-1.1251928405058225,-0.13296458104898168
-0.15623227705934095,-1.1359322375950223,-1.030957991905205,-0.30656710630017514,-0.5676086215707823,0.0,-2.5151054898560083,-1.163657694132585
-0.2285374957596371,-0.07983893664728914,-0.005778472827721259,-0.8215521470686227,-1.7338337665114816,-2.2676128280334593,-1.1888319697503462,-0.3426832308580572
-0.29207728748644257,0.0,0.0,0.0,-0.48485632079125107,-0.089645031794924,-0.5392022686860862,0.0
-0.10112723513330213,-0.3449686602891813,-2.391957839383501,-0.6193306149903037,-0.436903204771081,-0.0249251809927733,-2.709045487478953,-0.11977254778242763
0.0,0.0,-0.6793963255242641,-0.14716127237025578,0.0,-0.29816233081670074,-0.3189662009145229,-0.9337524005556777
-0.2709111702986773,-0.6549449948913004,-1.6130896981205485,-0.6929811835064843,-1.7702606999583441,-0.2849127894057588,-1.579902786674424,-0.020987464755444663
-1.3216128583619717,0.0,0.0,-0.21325433048478715,0.0,0.0,-2.3282035776119567,0.0
-0.877772743735532,-0.498039218043977,-0.1954923904438024,-0.19647289522242506,-0.3416112935590876,-1.009578776266899,-1.4747188411873413,-1.1206405599301528
-0.1389455784266902,-0.7946504947063504,-2.6379717300936605,-0.5682144389800143,-1.1527032668108266,-0.452734504326469,0.0,0.0
-0.6439087882886492,-0.2572225882007757,-0.24486300916313475,-0.8521509268034793,-1.3031124827236704,-0.009303709686576234,-1.3005794509867226,-1.8682005948455513
0.0,0.0,0.0,-0.4214661026746027,-0.5692295439240267,0.0,0.0,-0.48524167642583027
-0.16521156559158268,-0.8282321366915752,-3.1931016155965257,-0.05503880541984607,-1.0161217463713248,-0.13124837590480354,-0.2286303286394702,-0.5798968463594445
0.0,0.0,-1.0355784893966247,0.0,-1.9488233251068037,-0.14696625464121382,-0.08324957522603871,0.0
-2.102098793787081,-0.47841158109240123,-1.8423648124136225,-1.4395229896000838,-0.26439436490679125,-0.2716428926036931,-0.3649516877213994,-0.18624049705527312
0.0,0.0,-1.5753196934866098,0.0,-0.8296484273023825,-1.1018416217902942,0.0,0.0
-0.09633107969373356,-1.6459725753376668,-0.006442296459654884,-0.2862692573713641,-1.1750253045808972,-0.4055497436653681,-1.1129242993668615,-0.2824810654841805
0.0,-0.09589660304709646,-0.8329479174212473,0.0,0.0,-0.21218853041207897,0.0,0.0
-0.9292078264047001,-1.2433979676857971,-1.0928482950852185,-0.3371213238629558,-1.9007416857734878,-0.1505362857862531,-0.5672780959720676,-0.1774280769072929
-0.1837165704906374,0.0,-1.1778990147128008,-0.5847415357944561,-0.1672896374095334,0.0,-0.6779933141379813,0.0
-2.6406674490081077,-0.30262965372432404,-0.046798703163028144,-0.9661625820551158,-1.3332025441315647,-0.3117702758099732,-0.16054696858762174,-0.9518621633460604
0.0,0.0,-0.48092851914228074,0.0,-1.7767431912457257,-0.6114666984485364,0.0,-1.2851271843163943
-0.02453944577180156,-0.12790146077258058,-1.084256526254113,-0.23368067960932049,-0.3572882931525445,-1.4597217227204746,-1.2343001733816026,-0.34458071081525343
-0.9409779427878195,0.0,-1.3471186133779716,0.0,-0.5144052931969476,0.0,-1.2652976234716062,-0.05596779072867086
-0.3432700981415655,-0.8728394783025513,-0.07857702630957863,-0.014079368141977966,-2.144557687995894,-1.0221763339863728,-0.16744901416220337,-0.7325524226508335
0.0,0.0,-0.13435038277546862,-1.2503461238362616,-0.20990769298354728,-0.873011991861322,-0.2809711944504185,0.0
-2.230887955723605,-0.1928275691413912,-0.5706512478585193,-0.4326839004666674,-0.9369080325220382,-0.6415645426722207,-0.7900417692313626,-0.749121973872044
0.0,0.0,0.0,-0.01234898471588508,-0.6796951483886957,0.0,0.0,-0.05450836690160532
-0.48761722909298566,-0.11726556422589596,-1.4114599141564002,-0.6297758606339006,-0.8194981416672009,-2.0800140113877754,-0.559412278961279,-0.33890620563546303
-0.7642621241749792,0.0,0.0,-0.4192730107000946,-0.9327105043562645,0.0,-0.11068262723982158,0.0
-0.46090392701873917,-0.21562177505744362,-0.780566465370117,-0.6975665725739058,-0.652890630736648,-0.5950024119890838,-1.8577559415122984,-1.6763417641671774
-0.7976164054003334,0.0,0.0,0.0,0.0,0.0,0.0,-0.9958752314920538
-1.013497268699397,-1.2354420952681036,-0.19332416633781602,-0.9563076663130969,-0.1033138933276252,-1.7156572872756168,-1.1358871694519683,-0.4423744062594297
-0.1837464791957535,-0.2880116892439153,0.0,-1.185304249175605,-1.1507043288890255,-0.8863252715815033,-0.9377651488636634,-1.2379776395250621
-0.2969120261860523,-0.6025585988027995,-1.812486762691183,-2.061549085347961,-1.0489141518488427,-0.27692896428734315,-0.5532321134567573,-0.1754964515652757
0.0,-0.5056646754866403,0.0,0.0,-0.3716307311515932,-1.6313200362156728,-0.45944286678186685,0.0
-0.16450276817177656,-0.3546883093825386,-0.9452383009901695,-1.8146809099825365,-0.14913735530960714,-1.1039697296793634,-0.8926233543526916,-0.375754327021788
-0.9656413593207445,0.0,0.0,0.0,0.0,-0.19807654607398195,0.0,0.0
-0.16100902859573285,-0.1419564258381536,-0.9034145039735639,-0.6526448972478791,-1.227207721120096,-1.3202747363993552,-0.36421391906989786,-0.5698949952636472
-0.301902086140835,0.0,-0.897984556216751,-0.6470744013155549,0.0,-1.3775915997474408,-0.548412723973076,0.0
-0.5876463665796816,-1.71361292423523,-0.06907069684324618,-0.06360332237912925,-0.4634690254076226,-0.26311376928030406,-2.2423992184918937,-0.060026898346459134
-0.20107538853422735,0.0,0.0,-1.2301274281014933,0.0,0.0,-0.4721742782516314,-0.3327685754990677
-0.06465935929626365,-0.23767883765549502,-0.5480102609074411,-0.12564214550419806,-3.804507137569759,-1.7778396928736537,-0.13824929084212112,-0.0439926114164404
-1.5438644215698067,-0.9953416295967115,0.0,0.0,0.0,0.0,-1.2711866013454962,-0.682855440422327
-0.9095752233584431,-1.1748969120791077,-2.3154021082447365,-0.026207243321752394,-0.04832209909315832,-0.675537795973626,-0.014558375277390567,-0.14929147331829373
0.0,-0.1644088726787878,-0.4495152094677257,0.0,0.0,0.0,-0.955260154595158,-3.36880651848014
-1.938993043875577,-0.6492895764800766,-0.18931244185030227,-0.7204391249984985,-0.10236657529235949,-0.3654061047562509,-1.2941765062530086,-0.9947721529648996
0.0,-0.6603673375187888,0.0,0.0,0.0,0.0,-1.1437990855914757,0.0
-0.2592638680507431,-0.2965789521130393,-0.5270503264185251,-2.532012220714738,-0.22351134426514552,-0.8112081980589352,-0.8246599132546555,-1.0304897712297238
-0.4499669205444947,0.0,0.0,-0.2749122812564062,0.0,-3.2335728539943682,0.0,-0.19712528712548139
-1.3056048978553765,-0.5787222303695749,-0.8319012875457243,-0.055401753515504915,-0.6544639648369159,-1.6341094048667166,-1.014303218694292,-0.7203783105028094
0.0,0.0,-0.6405687945779954,0.0,0.0,-2.097837776464127,-0.17587132675951622,-1.5768678601928308
-1.0937239538853198,-1.0898058001411695,-0.30069115085611564,-0.898785038785678,-0.35931998869585424,-0.6957094169562712,-1.9023036762535064,-0.6132164695854776
0.0,-0.2603576729233277,-0.24770717276663134,0.0,-0.9132171332798702,0.0,0.0,-1.061323910341458
-0.3566713891321891,-0.0897170761416124,-0.102774173886643,-0.26716321255204356,-0.04465328480977071,-2.515066842472743,-0.787763749719061,-1.775511671639519
0.0,0.0,0.0,-0.12807756043778173,-2.639631134524439,0.0,0.0,0.0
-1.5027666419561445,-0.5227034106652653,-0.5891703393656185,-1.2857956429341506,-0.5747682975067718,-0.616059497569533,-0.7546429485450332,-0.41100234262231705
0.0,0.0,0.0,-0.7278600714005563,0.0,-0.38391289773337345,0.0,0.0
-0.2954867934342724,-0.8165643537171832,-2.5441319768601574,-0.8413724495739068,-0.5337807357101134,-0.03492386726497987,-1.4412097540012176,-0.4628833027969277
-1.161709181768555,0.0,0.0,-0.24655807477854985,-0.5687577230426895,-0.1232287320960248,-1.6561308210898034,-0.04173246771471817
-0.8192757295110713,-0.6946775771547795,-1.1361746647767497,-0.5734872675286171,-0.39827146415100234,-0.07240290524866921,-1.8159857470033485,-0.40099782828186115
0.0,-0.4570766938401869,0.0,-0.507274794069259,0.0,-0.15702241513501658,0.0,0.0
-0.5486074721423204,-1.2301660901574136,-0.0897094877516098,-0.0013394313975219063,-0.2693568193303397,-0.9229280308936527,-2.023959576345928,-1.395989469846679
0.0,0.0,-1.493862841496183,-2.1107904194915994,-0.3932240296623499,-1.0344489605424059,-0.17750020997237215,0.0
-0.4615730389093775,-0.10330916332815043,-0.4148359486557549,-0.39630409574638925,-0.060530996741618104,-2.5614408773519957,-0.2829205950680995,-0.7026210964709225
-0.26360455444268815,0.0,-2.494881818087749,0.0,-0.7586876116673551,0.0,0.0,0.0
-2.3030589903213095,-0.34691087786779207,-0.670924401048067,-0.1964633307669157,-0.6968871686699627,-1.6787545264818222,-0.4709470150878685,-0.09747045980791658
0.0,-0.38227845915922565,-0.25270827733301005,-0.7517622230812453,-0.021759298548089667,-0.18534363343135674,-1.0472765131925925,-1.9474674426765128
-0.8672351212061633,-1.4401284594393822,-0.07845997926124326,-0.3081311918390863,-0.9873386276521678,-0.20137745166975662,-0.1354302091511288,-1.6159995767135218
0.0,-0.09352936653826305,-1.560308433613029,0.0,-0.9024439107753537,-0.7296969781199234,-0.4259262611166825,-0.35919398567525196
-1.1060460550424818,-0.15355777229387524,-0.5296138591258712,-3.5176491940684,-0.07074697291671228,-0.24248811988161112,-0.4855852387984694,-0.08254263330394629
0.0,-2.4102531475356086,-0.286441102460687,-0.976455517297036,-1.1623329952518056,-0.2314857315325991,-0.44212733627560574,0.0
-0.6265778418480021,-0.5460200711050494,-1.4658708232865596,-1.7246769772049442,-0.07988615224811735,-0.8956989897817129,-0.4485769291105921,-0.98672989778927
-0.42119418505531137,-0.1782724084335019,0.0,-1.1000361067481226,-0.648064939194005,-0.4608504331858825,0.0,-1.5836445875274503
-0.17809138192084983,-0.9825926636864546,-4.741936204202942,-0.180279287881695,-0.08680505361751223,-0.2205144431762136,-0.020438768748824998,-0.4180392249161926
0.0,-2.140818169792446,0.0,0.0,0.0,-0.28248402402661554,-0.24702236848949877,-0.4225727566039925
-1.2301717575695017,-1.8913976675643056,-0.28924850446809725,-0.5452385548653069,-0.35261126579267277,-0.02913890473370806,-0.13664434456406394,-2.0717094718004647
0.0,-0.853165054989538,-2.777191206336737,-0.22168135622052443,0.0,-0.3500673252852122,0.0,0.0
-1.6108910693338734,-0.90683423671749,-1.2618506076137477,-0.3448328186758376,-0.9074626269132935,-1.4376976620424262,-0.032134682418986316,-0.14123909491082465
-0.2349807271892539,-0.3608556143922277,0.0,-0.8831078588668637,-0.3993092305342074,-1.6564186735696893,0.0,-1.5264997609983908
-0.8720813674309467,-0.32139013778098313,-0.2550949259221147,-1.8970199136333648,-0.3135715124285188,-1.085353244398533,-1.1406962216764365,-0.37179502669673337
-0.8122506555608631,-0.7231345731905812,0.0,0.0,-0.05751426122528169,-0.14700115216112408,0.0,0.0
-1.93110432105133,-1.5675545665342323,-0.7696332210473402,-0.9800448748691668,-0.2954634159882641,-0.20422940999126116,-0.17809665950950038,-0.24976387350238305
0.0,-0.025250339622331808,0.0,-0.1178338046907621,0.0,-0.7581834710752275,-1.287033654061272,-0.13004545587736516
-0.8120822436722381,-0.7893408642250908,-0.009713118086512651,-1.5394495749893036,-1.7989829673987998,-0.9074587650872257,-0.19452920105022997,-0.5780058523959548
-0.06953216663473594,-0.11070184832472929,-0.06149431692906315,0.0,0.0,-1.5515444990339144,-0.501057652057928,-0.17987376872554428
-0.8117081816437013,-0.7182965258446892,-0.055449186523658156,-0.8087462359885276,-0.04333265123224006,-2.9199911025118794,-0.9703889471096838,-0.6648766941110775
-1.5669852765114118,0.0,-0.09603121379456336,-0.3503119054721173,0.0,-0.34770807889624766,-1.3852439688106157,0.0
-0.3163729185805728,-0.24971717871326238,-1.625618586528092,-0.23464811984704426,-0.5703882269807137,-1.4803290791656405,-0.18269150150717195,-0.17356818512461558
0.0,-0.7532716780805391,-0.4378023833507356,-0.6120913989536714,0.0,-0.04769767177586903,-2.750994283826093,0.0
-0.3117111566526898,-1.2123559936825954,-2.3919574069146003,-0.2532388394489091,-1.2431070429091644,-0.06174308700091924,-0.06881373680858971,-0.5548360564157955
-0.2729485369779505,-0.4567550129498139,-0.5426986195153374,0.0,-0.17654907574133727,0.0,0.0,-0.03108576022893228
-1.521351246621788,-0.799821534682577,-0.10500085862750996,-0.17525886915359568,-0.7199570039199523,-0.6578146372060285,-0.20593641320363343,-2.0301882848152406
0.0,0.0,0.0,0.0,0.0,-0.18154681938899397,-0.39386840010358526,-1.0745050142659345
-0.5670329447767726,-0.13627866736763572,-0.8414259295026572,-3.096583474471686,-0.5270788995561384,-0.06462134346629878,-0.617440356243991,-0.8599213763304716
-0.21459604574418023,-0.028181958219676062,0.0,-0.6034099949898923,0.0,0.0,0.0,0.0
-0.48822996323644663,-0.06651936955573134,-0.28178709839313676,-2.541743600880653,-1.2878801263986928,-0.43217485999161553,-1.1886309497384477,-0.43358311573965125
0.0,0.0,-0.0872203440818442,0.0,0.0,0.0,-1.8162713195397542,0.0
-0.5712232489573861,-0.3862222827826862,-0.7252241577633605,-1.0471387336782545,-0.2662253090421771,-0.17736027674334132,-3.195037716176993,-0.45184516727193635
0.0,-0.23016259240672454,-2.069664385148707,0.0,-0.21239140661260159,-1.904484055104371,-0.22334673891208556,-0.5352801585381295
-1.1760479795925542,-1.247227409708664,-0.4625372755051078,-2.1285590089610658,-0.8868289509259686,-0.02051647804418444,-0.3939752255566198,-0.0280207823952221
-1.3572694420216767,-0.013403541816249032,-1.348549234323908,-1.1966188531177337,0.0,0.0,0.0,-0.45395319400308054
-0.5106760392169338,-0.5845232289060593,-0.31246036396314203,-0.1565988848820341,-1.0866726661246542,-0.23010766793258597,-0.9612670214286467,-1.8678912322159116
-0.02032583729294224,0.0,0.0,0.0,0.0,-0.7049407635948981,-0.2551075505168585,-0.33437186814725095
-2.824711930121067,-0.9066492163578896,-0.31573199885455594,-0.5839999337427217,-0.04225688268284955,-0.9750754102867258,-0.3730366814142432,-0.7905474252453164
-0.17596254113482424,0.0,0.0,-0.6213698043599649,-0.005070788656809988,-1.8550998499217135,-0.3753233266646312,0.0
-0.06410804798724534,-1.3510928333031744,-0.01898965514264539,-1.9247703687965938,-0.4430625970231654,-0.13087023684647558,-0.3475056591558632,-1.7935049597466328
0.0,-0.5238338312319906,-2.3517299006392864,0.0,0.0,-0.04128301228468079,-0.13255558088706199,0.0
-0.40583269901849484,-0.2814897682087665,-0.6664673206763867,-1.066073324578488,-1.3846936129223861,-2.0448623838585203,-0.057216355689651444,-0.7043494838692173
0.0,0.0,-0.5017828755561586,-0.07684957413906801,0.0,0.0,0.0,0.0
-2.062425457659443,-0.04142550625773467,-1.6166480399834082,-0.6047313124647626,-0.2170211047076549,-0.003689258582896926,-0.9988000039333249,-1.3702496586826065
-0.3027890679264731,-0.068609579368764,-2.1292319787921388,-0.8352415396862432,-0.14337937126660805,-0.09544800544840992,-0.14802715016974943,0.0
-0.09707667687871258,-0.32484902883060673,-0.07002306265183655,-1.5576985507833854,-0.987087593716165,-0.04192249143564464,-0.43189376769691545,-0.10131341121101833
-0.12850158947709822,0.0,0.0,0.0,0.0,-1.1852326431297033,-2.7471983296264444,0.0
-2.3826902970474864,-0.22858206882908672,-0.05866395734718566,-2.357115646089494,-0.02320236007600407,-1.025390414127533,-0.10255313505426855,-0.30951956054907637
0.0,0.0,0.0,-0.0646080735363288,-0.841282688251539,-0.6216108877893554,-0.7111014648464771,0.0
-0.6211417619157116,-0.32860245515603914,-0.17370347680551212,-0.7143188610143207,-1.3463039726242485,-1.4915537045657654,-2.0189635865012523,-0.22202072798340033
-0.10791114646519606,-1.367904995336092,-0.13602689088620323,-0.3899521627245104,0.0,-0.11204509325332879,-0.18977075381631625,-0.8605001584443386
-0.21457029165731,-0.017905071264550543,-0.3496272136347942,-0.8007035954988693,-2.748845651435049,-0.017137509049716115,-2.1033794829861963,-0.3504037030307785
-1.3471675839532935,0.0,-0.9612202977572544,0.0,-0.3206928628574852,-1.5622419645686305,-0.5263168461259591,-0.28379381210375776
-1.3463464990545395,-0.1441997044571961,-0.7074284080400455,-0.12085529427765263,-1.531640401923358,-1.1311835744048722,-1.068277127157418,-0.2957823229171703
-0.6716098478328112,0.0,-0.08119514990001075,-1.1176572053819278,0.0,-0.33884411157124106,-0.18914755861446597,0.0
-0.3419882437952344,-0.18810757303708936,-2.7347496441649977,-1.427052955417559,-0.21024345574297953,-0.1648932712700466,-0.0061874938341492935,-0.7854224784302879
-1.1166032858123538,0.0,-0.3318216919966126,-1.4149416061532252,-0.015117952745224983,0.0,-0.5489591117137298,-0.5002483790777417
-0.14419621273156746,-1.5608240676373946,-0.9373574485807579,-0.5528772940404325,-0.31542973152037135,-0.23535992389604132,-0.6475309815688073,-0.05600147295325009
-0.7514302636620256,0.0,0.0,-2.6893435952138187,-0.7945576474552922,0.0,0.0,-0.11451680855789714
-0.08585816585536588,-1.2486367888918481,-1.0860005541918216,-0.09359307566970632,-1.4244220559370522,-0.11209106839908056,-1.2020516077412084,-0.42778200412089173
-0.012711917477611578,-0.3570007859386921,0.0,0.0,-0.1445717379895699,-0.8235926859484186,-1.8233819645392018,-1.0830026851961065
-2.5730989733822414,-0.38805607264626296,-0.5164859334083625,-0.70555385571513,-0.9171284805870936,-0.051938256629478374,-0.5157049915956309,-1.300306560314036
0.0,-0.8323192919049838,-0.3810036735594089,-1.7576766459141488,-0.10981831138287479,-0.26306693931935676,-0.18499432613409716,-2.6496135949331547
-0.8683776516788999,-1.3982121585348901,-2.0209541236844535,-0.07335330279519603,-0.5367845203348995,-0.26696430913453195,-1.2324079450877967,-0.4400066279874171
0.0,0.0,-1.019104317945632,-0.039027951105458314,0.0,-0.1737050750150182,0.0,0.0
-1.973493289203307,-1.4356230934846543,-0.25854298757812266,-0.6193778240928474,-0.9816458261932635,-0.5631076562691248,-0.47214648329272,-0.6915507175381155
0.0,0.0,-0.5182879016689856,0.0,-0.16704248541805988,0.0,-0.10776562130573719,0.0
-1.365699092433882,-0.3204392290688931,-0.2973181441053043,-1.0014666567883346,-0.9620577893603102,-2.1574105113447413,-0.09414295755580504,-0.37888749975919733
0.0,-0.4860958397685282,-0.44307081228622813,-0.29397260517737855,0.0,-0.6476752296187556,0.0,-2.1705307604563053
-0.8838301786007765,-1.1762186328513682,-0.3200439930584631,-1.202176664181744,-0.10593010484025012,-0.12970748837676283,-1.6734816330169062,-1.3973661243920148
-1.3976160781571858,-0.28087306305846393,-1.282138946102199,-0.34057697463968584,-0.6672863736638632,0.0,-0.5915508162945597,0.0
-0.38726510699472616,-0.5476340885008604,-0.14394743200194782,-3.285387892045998,-0.007172522314498053,-0.9909378729595133,-0.539025901331561,-0.33557464912223356
-1.8186266889566634,-0.6327691988949224,-0.46654287327970145,-0.12793949045407338,0.0,0.0,0.0,-0.1305986706006559
-0.07095234816308782,-0.796265438996798,-1.0875432680618875,-1.1069113012113823,-0.5071433402931582,-0.3690602090623356,-0.830537644638734,-0.8378022554668103
-0.10903246330643412,0.0,-0.6908015480927592,-1.0523949117713869,0.0,-0.20495317973681093,-1.0688707733417253,-0.23442344641293467
-1.1935386679552948,-0.18132325707503227,-1.2939409012572858,-0.011020738846768907,-1.108078793962818,-1.3457911278661019,-0.8165455551089202,-0.2945190886056892
-1.9620718728082958,0.0,-1.041235746926242,-0.26011965884028054,-0.15958074868143957,-0.17123511824526272,-0.6901580617019611,-1.1018380929212448
-0.4010503520218309,-1.2951668745093663,-0.8133346846885763,-2.130054575819198,-0.9162096481651636,-0.05062256191357051,-0.06082961196823611,-0.7586248565475628
0.0,0.0,-0.6093869964222787,0.0,0.0,-0.6750248099656782,0.0,-1.815793149751637
-0.8549952250162596,-1.2717550716998556,-0.26769531071556774,-2.1270680912812425,-0.11524726142034325,-1.3887565375269117,-0.6127161754649153,-0.18932607286274283
0.0,0.0,-1.5371159522067401,0.0,0.0,0.0,0.0,-1.8236330121550264
-0.7315691927438763,-0.7853541581281505,-0.6757531294422652,-1.3980043126559751,-0.6002451353184108,-0.9404875867762508,-0.8051020812399106,-0.285144226431143
-0.04826119047237398,-0.1040268545008658,-1.2697262872264057,-2.3133311101447465,0.0,-0.3276231631302018,-1.107259834319291,-0.4510013464991136
-1.144318193586476,-0.1682674144091143,-1.9358643315080286,-1.3551426841756813,-0.7097175696765596,-0.27309996300689043,-0.014911426318037435,-0.030839852293953918
0.0,-1.1703865494560732,-2.6570835039440768,-0.04384418229522513,-0.12263752384785587,-0.3154713184850282,-0.025090350417996454,-1.502344132306912
-0.5220020629772151,-2.3619668186696776,-0.5551794307028484,-0.05280239374801532,-0.6636914811593773,-0.3849543309086876,-0.07534531120684562,-1.0179706857506003
-0.051060225448530616,0.0,-1.0665202018733382,-0.015674583399808206,-1.1864718141279145,-1.3519609605811977,-0.20473364580768028,-0.6436663685971533
-1.113245602113178,-0.3070635677247946,-0.11327611926113867,-3.47683479506093,-0.007781719764508921,-0.052172039084162236,-0.027882468024487572,-0.5330125047609968
0.0,-0.44424522249823983,-0.11204081756917272,-1.7669141927859267,-0.5199701029565791,0.0,0.0,-0.08599056363589508
-0.04730845908642323,-0.16150201666049302,-0.08552183851742878,-3.547521175958544,-2.7385700154267916,-0.1288357006504084,-0.04982274202957537,-0.1349032922979081
0.0,-0.25134133292674576,-0.007832485221908492,-2.918005393920346,-0.0030085972050386545,0.0,-0.9905880480476181,-0.15067407825476753
-2.0595963860578586,-0.1299718595653978,-0.09839989449666753,-0.5626803847896777,-1.5195105411311198,-0.4145202203755849,-0.5731457292677229,-1.469971336082513
0.0,0.0,-0.11992000181153362,-2.023195874688943,-0.0022105746587071096,-0.19120733174365245,-0.3689997518846484,-0.3708404570476116
-1.8707956466471085,-0.21409812990560884,-1.0059578850657234,-0.5363825968101681,-0.9258023048719979,-0.11812060835123095,-0.7987498732488234,-1.077674786595768
0.0,-1.381516318422789,0.0,-0.9864063690780123,-0.49104679811823004,-1.668286733381703,0.0,0.0
-1.4744820676586983,-0.49926021492971984,-0.9309659849570915,-1.0898746462707836,-1.1388335189229135,-0.015309101234832312,-0.8972645375155244,-0.2260305593496117
0.0,0.0,0.0,-0.6978017585444958,-0.6681509505988608,0.0,-1.945443945680994,-0.3802222698915205
-1.810753392757701,-0.31246336622079784,-1.5731051350064638,-0.7711482126353548,-0.31597877863945634,-0.6050382300467874,-0.15078714013118155,-0.815229010728129
-1.2668074902024378,0.0,-0.3009243012048257,-2.688136366438237,-0.7702249889666639,0.0,0.0,0.0
-0.6643810340230276,-0.3192390493220927,-0.9779492361072446,-0.13279038029662615,-1.0426966787282987,-0.24540963064776822,-1.11778074125895,-1.8555009641246576
0.0,-0.421744790731136,-0.6457424868561645,0.0,-0.5541579566755948,-1.7163413466584636,-0.9441927889328392,0.0
-0.46839501581571596,-0.06203574343394003,-2.111408700509825,-0.4361884692756943,-0.2767803508249269,-1.0326707324590592,-0.849330628491269,-1.606032502068655
-0.5449578887401323,-0.7406169524448787,-0.9822820584388507,0.0,-1.0067496619937275,-0.2910335553913814,-0.3908465729486412,0.0
-0.8386809670555682,-0.0175331750094454,-0.19131529236593448,-0.009964448810876547,-0.303260327804308,-1.4148421851392188,-2.3949173491454747,-0.5854229343902402
-0.7828854492957653,0.0,0.0,0.0,-0.6713824559072927,-1.6817535553005438,0.0,0.0
-0.3208105890315114,-1.9053107234513007,-0.20962216903391973,-0.8884780291579348,-1.6315716369262958,-1.0133084394774237,-0.3791720300402952,-0.24671813531456355
-0.09845711466839902,0.0,-0.13588187646710637,0.0,-1.8921881765965898,-0.1502174016332365,0.0,0.0
-0.7869428776849805,-0.021955982727026147,-0.28107851547999285,-2.2391957526093584,-1.1464165028901974,-0.21244147016255432,-1.2485490645327406,-0.8090553121393844
-0.378297027966493,0.0,0.0,-1.0051087500654337,-1.303041290378724,0.0,0.0,0.0
-0.008737090096158084,-0.39014421284149847,-0.45962853602593157,-1.2489170250683497,-0.7198012699875322,-0.16807329819886174,-1.2783083954556673,-1.367184521343889
-0.2038428586953529,-0.06649741464888859,0.0,-1.5998091136043007,0.0,0.0,-0.980604753202706,0.0
-0.01674185424634711,-0.09085613598634801,-0.012246398250552737,-3.295675390253082,-2.4854656776065367,-0.03376064007133639,-0.6288899834693629,-0.06816647604798298
-0.941923563242332,0.0,-1.2484364547212543,0.0,-0.043758678732553236,0.0,-0.392522107361696,0.0
-1.5961351991205532,-0.7736677582778739,-0.2951663006859384,-0.3163096230846598,-1.7870649913875711,-0.9185121618993044,-0.1426647606434006,-0.4385099525969558
0.0,0.0,-0.04582689968288367,-0.11277666803377784,0.0,-0.2065252868044558,-0.5417147516145606,0.0
-0.1822188577740942,-0.43291148004451596,-0.0365224250529419,-0.45657286056047397,-0.8208288116083491,-3.5262895858359338,-0.49411093041511656,-1.0131280523965653
0.0,0.0,0.0,0.0,0.0,0.0,-2.9443560814138063,-0.07867348544013275
-0.32301175829880613,-1.465711963349107,-0.36820714204500415,-1.1270462826773846,-0.7614175559639813,-0.2844632394340936,-2.381253523114869,-0.2495508397878048
-0.7234870933247439,0.0,-0.13143653407784317,-0.3101403540446892,0.0,0.0,0.0,0.0
-0.9737048139405964,-0.1719690206365314,-0.19745995524864046,-1.7328716090673861,-1.8837094330860786,-0.4785399186695045,-0.5258569192872171,-0.4729223953357611
0.0,-0.23478776219910102,-0.11108339929209254,0.0,-3.5779239963960707,-0.338923336537559,-0.27054562949518157,0.0
-0.31230165146509226,-1.1055139144035682,-1.728602379580039,-0.2981548437816368,-0.1313060171373701,-0.33464334555233766,-1.1475346165159346,-0.33289348791685747
-1.130984896175291,-0.16184476464029363,0.0,0.0,-0.8673676313514704,0.0,-1.262214783715053,-0.010813956830054927
-2.372942591232122,-0.2891548288585586,-0.1485598516957003,-0.055185948835431375,-1.5371320294358881,-0.10484791195141518,-0.9638325925167148,-0.44237196909743837
-0.6846080568636825,0.0,-0.4588025288101374,-0.1702056248803272,-1.0699249778921187,-1.3579365587150267,-0.3253354148742522,-0.7459844087529941
-1.8365719822332736,-0.5587824947411741,-0.736332755029526,-0.17169937595144003,-0.8306606617898495,-1.300816230398521,-1.324788135653324,-0.06816167519632366
0.0,-0.06667758880601404,0.0,-1.157681934131495,0.0,0.0,-0.5390962636556456,0.0
-0.9029295852241326,-0.23082334153670203,-0.630469465614035,-1.100025964317763,-0.3794200629109108,-1.4853838863725768,-0.01525987861272693,-0.3458528831134977
-0.4568029076654243,-0.1984437724171748,0.0,-0.6605231247353469,-1.3478870821227362,-1.3666477021683017,-0.8233524363210591,-0.5060323015537991
-0.21904600522416562,-0.47601307857782427,-3.201984998260391,-1.269933949032703,-0.7674283085453197,-0.03149335835191991,-0.04680236945717198,-0.5058391130886513
-1.5002776840958472,0.0,0.0,-0.5671436731813397,-1.5696437505634089,0.0,-0.8664556428448549,0.0
-0.1269555630619985,-2.6739144403590798,-0.4544203062430068,-1.5609759959887244,-0.2326832646970498,-1.0905371473573675,-0.13537553806387326,-0.4641545255339903
-2.676341485820081,-0.8686577228777992,-0.8553828364244502,-0.45614027594024265,-0.44765035513232565,0.0,-0.6310074002416908,0.0
-0.8017581391248614,-0.6033765422422714,-0.21461108015836317,-0.14592041702096648,-0.2651604432878907,-1.6112275237847697,-1.1534580929587168,-2.1331495086935988
-0.11570444106673605,-1.2745079669820587,0.0,0.0,-0.043169072640427686,0.0,0.0,0.0
-1.4687635163776358,-0.4084629667044508,-2.088078363283172,-0.14110622051285926,-1.2077494120695693,-0.6347437829499256,-0.47493084006207553,-0.5515594472879881
0.0,-0.23884043713527792,0.0,0.0,0.0,0.0,-0.27414167230136677,-0.8292368975657185
-1.3137505130855143,-0.34984553055932643,-0.2952214336150991,-1.2635300221616808,-0.0565178986081305,-1.4756541765129487,-0.33464388253800426,-1.3691816544592648
0.0,-0.4592976183069917,-0.49216454170724866,-0.6693136489784548,-0.2607626346966532,-0.3089508550293534,-0.6417349545425388,-0.44580223495848337
-0.022775732246317126,-0.0894451119273052,-3.65472240929791,-1.9548269478621245,-0.026504074025429425,-0.061534420528190026,-0.7709743284693049,-0.2375898247509003
0.0,-0.7969000603964478,-1.5204791416697798,0.0,0.0,-0.2199444104908217,0.0,0.0
-0.6456012401957247,-1.1796807312006274,-0.8070830120206463,-0.47554759061014895,-1.3079182229159994,-0.4337872563998726,-0.7052015177326814,-0.5081093144019055
-0.2069795482655099,-0.8417032633643746,0.0,0.0,-2.5283002859832475,-0.0768734723021165,-0.43976902041330757,0.0
-0.47722392967517013,-0.21090199066282977,-0.8905745046893836,-0.19635264420744925,-1.3012266527142078,-1.843724360676446,-0.5190005355443787,-0.9487507904055388
-0.44788421363177644,-1.0098217063432084,-0.34359113697129295,-0.9838921738919248,-1.8783986932925307,-0.2513760633455355,-0.7879316249494108,0.0
-0.5427127661477389,-0.09487931869829769,-0.8202522085879176,-0.1420146938417437,-0.17708035610250406,-2.6030977602147587,-0.8570182651688318,-1.7323455735591438
0.0,0.0,0.0,-1.976867863614789,0.0,-0.39384436043455384,-0.11346802786209231,-0.8698938517967294
-1.159639923240121,-1.1496344591972827,-0.3217730552011959,-1.4320772711912468,-0.45434224478279006,-2.207100024483707,-0.07425048010793311,-0.18109019834534124
0.0,0.0,0.0,-2.0909413354617143,0.0,-0.5733011602657108,0.0,-0.22598283264026975
-0.6297606674632794,-1.1260933608350951,-0.6686841818368574,-0.009106212772852729,-0.09432135269451969,-0.2783615047293493,-0.5442035682530886,-1.1530931670347249
-1.8118019748535446,-0.5107848937320654,0.0,0.0,0.0,0.0,-0.1808093936180306,0.0
-0.21491300643832734,-0.011224343307310036,-0.5285712199688977,-0.27676224408792205,-3.305607907423116,-0.7686815006906125,-0.7997600546668542,-0.5735666261496375
0.0,0.0,-0.2512196347654978,-0.8004440260110526,0.0,-1.0391928002595092,0.0,-0.903525170051724
-0.04916609504021352,-1.1540174650475663,-0.7688026143787754,-1.1908375162524294,-2.0111049817788604,-0.8710714638599804,-0.04341950167727937,-0.48046605515915797
0.0,0.0,-0.029869845071683443,0.0,0.0,0.0,-0.5576169634027899,-1.6980904202389135
-1.1392659498376982,-0.38747850912595627,-0.32591729307120065,-0.5928645559256829,-0.21287731721115133,-0.278708151453821,-1.0004951052206659,-0.432461912178141
-0.8104221998736811,-0.1315479687819039,-1.6401029906071436,0.0,-0.30201353881445225,-1.316035743544778,0.0,0.0
-1.4147145571273407,-0.29462753494444893,-0.31220669566754644,-1.6163315487208,-1.6364254397731735,-0.8535222256302575,-0.2388778664304283,-0.13006900122595777
-0.2151699850273321,-1.9071690823909888,0.0,0.0,0.0,0.0,0.0,-1.1129952391198517
-0.3190877986423466,-1.5243625534743197,-0.584804413152483,-0.2516724953737013,-0.1366482339643751,-0.8739866824202291,-2.3716057078365154,-0.7761948237330891
0.0,0.0,-0.45090768832839956,0.0,0.0,-0.43642302921615084,0.0,-1.2576532089999803
-0.01894718458490452,-1.2069051450756234,-0.5913797738564801,-3.050870154325937,-0.009939367235635821,-0.9627046440845426,-0.29729878297529844,-0.49279014524000253
0.0,-1.0892731703996432,-0.6387960180880761,0.0,0.0,-0.6192771423516703,-1.207192857521476,0.0
-0.08649343898244322,-0.316504367676516,-3.0809454274479666,-0.07903057967351934,-1.3025529620883294,-0.8948468768194502,-0.524804736798453,-0.0836614450164106
-0.006500141712367125,-0.29049969781258866,-1.558740373364225,-0.1630924877861677,-0.4384549973098437,-0.6447232103386193,-1.732932682776939,0.0
-0.14816047740143556,-0.3037543071274005,-1.533429906317597,-2.299790712492838,-0.9167285446287705,-0.0334157640387458,-0.3825180199724567,-0.24030592321048339
-1.1864471144708304,-0.13596648470239003,-0.24976768106377634,-0.03670924657201713,-2.0112649646390546,-0.07635269111252985,-0.46471083114973144,0.0
-0.10969463557210091,-0.4001939530774683,-1.548238285779993,-0.5051239570340726,-1.624679685909924,-0.8006165535425591,-1.8159250369079256,-0.15919529286464051
0.0,-0.10764814319349192,-0.8709929269046945,0.0,-0.563595199070404,-0.042152553231101564,-1.488518853515071,-2.3209541529829476
-0.10680417880156856,-0.05248138581643058,-0.2786078816367654,-0.016348606561279233,-2.402930173769203,-1.6821491856482886,-0.7391143834565508,-0.02958164352096393
0.0,-0.29245598903067815,-2.0994650020942505,-0.05861390894010743,0.0,-3.2331158919968406,-0.03382078775861341,-0.3695816739163664
-1.0827708091096904,-0.14811070118357783,-0.16000717734073522,-0.7514369961590104,-1.267109211049446,-0.8395212396343181,-0.436973950169083,-2.2195167612849165
0.0,-0.7425219017957181,-2.3659402030180354,-0.4066782378369478,0.0,-1.3718561940992995,-0.14814238165091886,-0.7557217186357184
-0.04937281677196559,-0.41214475667821215,-1.3235829343675647,-0.23913190879588253,-0.4741485731885353,-1.4907947311763081,-1.2740431230298608,-0.06017189682899016
0.0,-1.4449708384212032,-0.6208363329060838,-0.4639454267480385,0.0,-1.7532382509056665,0.0,0.0
-0.1315734939390465,-1.2828955091280498,-1.8171056872539806,-0.46479148498260514,-0.7715324928602225,-0.7911157718235158,-0.1357026634220242,-0.4849359981075736
0.0,-0.9177429566454229,0.0,0.0,0.0,-0.44471312329916657,0.0,0.0
-0.346434250404263,-1.0458980558853392,-0.7064778820273725,-1.9924965776767438,-0.3051213682888587,-0.5479682078464574,-0.21306496319993684,-1.3398584148129018
-0.42840721073657306,-0.639267736258124,-0.3143962682796584,-0.29342424248866106,-0.6582353631917677,-2.083445041523965,0.0,0.0
-0.33136574858083545,-1.1225466220427585,-0.3828956437657265,-2.169736839286382,-0.19664001559454203,-0.028054521050492554,-0.9563626821894786,-0.9823813131649857
-0.32027012209198347,-1.2644849731314558,-1.1661505498933353,0.0,-0.28855335037897056,-0.12683143717254097,-1.5898782476214173,-1.5127175500301968
-0.9392925380925652,-0.3814456239424837,-0.00545056780126707,-1.4330786771428405,-1.5512435809883174,-1.444810868736437,-0.5241099558873206,-0.0025884131143296685
0.0,-0.4025951378126704,-0.4307969124670725,-0.8283276035138378,0.0,0.0,-0.22218683634786274,-0.46522678689588215
-0.33608661667224826,-1.4097208935136143,-0.6267507017710185,-0.46036303474087514,-0.6442592276375265,-0.11459798586864256,-0.6721759387693709,-0.11938268619010017
0.0,-1.3480427116242284,-0.40701827037667115,-0.005555463110809455,-0.29930015754650885,-0.0440985369296687,-1.79913621003171,-2.0357499693195837
-0.6991495407660064,-1.4038235475937872,-0.10460389295787476,-0.11144761752742749,-1.5545706839005522,-0.19850416832657025,-0.5880539537200189,-0.2219237410956394
0.0,-0.33751518997079,-0.41531147495453347,-0.8145507811630877,0.0,0.0,0.0,0.0
-0.12940831193740454,-0.2985766660991249,-0.5691530245164014,-0.33308120678197906,-1.5409145076190232,-0.08109172074650406,-0.9902524338856846,-0.5347747237100897
-1.081537242450044,-0.6484462650961831,0.0,-0.5430083897338394,-0.5227002574808486,0.0,-1.2205798067667635,-1.2451763529155624
-0.8515099376018709,-0.19613586911703074,-0.16877372366234233,-0.5820054306865821,-0.6653698091575793,-0.010064921746849365,-2.5421376620896226,-1.2589869733183736
-1.6681163940950388,0.0,-0.2920059710955121,-1.04138016586833,0.0,-0.4816079568320859,-0.5696760316218938,0.0
-0.25887482052496313,-1.6644722826021887,-0.2931434403325994,-0.7885752522073313,-1.4116422449248454,-1.0527077569502348,-0.16448021158092896,-1.2161826629013532
0.0,0.0,-1.2137722834801314,0.0,0.0,0.0,-0.100634931056935,0.0
-1.0176049197164634,-0.44100941901498025,-0.03174815475219539,-0.39939751942958335,-0.04625467074718426,-0.18012029607625735,-3.1803376784171142,-0.6447574785094634
0.0,0.0,-0.2570128365313895,-3.1936948228195043,0.0,-0.27504962573562963,-0.19801209214798465,0.0
-0.35211937881811384,-0.31615780354818135,-0.4876698851849577,-0.20790520066709917,-0.33095178156228844,-0.38200593530671867,-2.550883048255134,-1.442173728445714
0.0,0.0,-0.975340744517208,0.0,0.0,0.0,-0.22187915865086527,0.0
-1.100769378593312,-0.09393001549704039,-1.286162521619052,-1.3263298471573757,-0.05411758802920197,-0.14794391730020706,-2.1916480691892746,-0.6488205547894488
-0.3288251563498106,-1.2507044677979238,0.0,0.0,-2.2712657018917177,0.0,-0.8847814862179622,0.0
-0.26261077657752274,-0.43470931762311693,-0.6366326991037399,-0.2671411101673211,-0.8881314536439522,-0.43938016267829383,-0.019162731654950527,-2.7603833600687073
-0.32852872648620757,-1.017881427942025,0.0,-1.5871057322459343,-0.2508597153253582,0.0,-0.23063600874670165,-0.30371579031887563
-2.0960689978370777,-0.4852726458349679,-0.6136831609032702,-0.4591906867444653,-0.49812796663587644,-0.02744080685206729,-0.2494156575335582,-0.19496632483923548
0.0,-1.6824615715212836,-1.6729229567728652,-1.6372326861240234,0.0,0.0,-0.09085937207010009,0.0
-1.0363112117363364,-0.36555806446241323,-0.7827240924297971,-2.8290982863330987,-0.7754582345491592,-0.18718551124585137,-0.44509747484310225,-0.23719028775197248
-0.0961680368488329,0.0,-2.0608868992146663,-0.33866569830711857,0.0,-1.1907914592834565,0.0,0.0
-0.6145728681799021,-0.2411599666796267,-1.6925595102408328,-0.09592489114772462,-0.9264801017556028,-0.6031200811440964,-0.4862837502329693,-0.7398540431181457
-0.18384293394635698,-0.5585392950881705,0.0,0.0,0.0,-0.6241414730058619,0.0,0.0
-0.2062431801565543,-0.4131958432883005,-0.3498424780137901,-0.20178890123610582,-1.174258981406691,-0.38446692085323964,-2.253079491638685,-0.2745601704620064
0.0,-1.7554686424266306,-0.5259570196413437,-0.15977164774080865,0.0,-0.23757567120797418,-0.30293812290094646,-0.02787042045295962
-0.9632569376911624,-0.021761447010288038,-0.40032755575767354,-1.3380622101630122,-0.1007482897460612,-1.2979089323535735,-1.3345361136219607,-0.7558441525364188
-0.27364416465762087,-2.6241393416944456,0.0,0.0,0.0,-1.4106850180440622,0.0,-1.0885816067238157
-0.8053105671823975,-0.659943341912137,-1.1327979845888247,-1.6552019808577096,-0.7950704856356827,-0.4032689708148398,-1.0534972292073697,-0.4643439072053104
0.0,-0.03574692835348614,-0.3761594668049053,0.0,-0.6275975315178615,-1.7045122463218032,0.0,0.0
-1.6113893529518677,-1.5891404865087155,-0.34316125563251276,-0.7063966419224252,-1.5848371303104383,-0.28914611542329105,-0.3229961044567391,-0.3893228614435449
0.0,0.0,0.0,0.0,-0.20567484410824122,-0.9626001024547621,-0.16570708647198362,-0.4356193727014581
-0.034199250285249505,-0.6951969322302789,-0.461805932907815,-0.277932220247588,-1.4298408554852493,-0.1551016889883483,-0.6538954011471487,-3.12576930626669
-1.8296446108035154,-0.10894137760164213,-0.6188181015810779,-0.029673005027288646,-0.03373011974167017,-3.240357513801892,-0.17347686034999565,0.0
-0.08912436666658508,-1.108898976632247,-2.152090843711777,-0.16096872376071847,-0.2630898529635992,-0.6100680063761086,-0.34929726507000947,-1.653705084567619
0.0,-0.837360535257714,-1.424505137466399,0.0,-0.37549605960161525,-2.1210271905416347,-0.015802297592463432,-0.889039518417456
-1.975803267383947,-0.8776481168205557,-0.757391614465722,-0.4650619282512789,-0.0953546047012983,-0.26457961141981023,-0.926027058078712,-1.394471349498775
-0.32226903780857796,-0.633954488758607,-0.19582410107857662,-0.3437439808515208,0.0,0.0,-0.12876153337328233,0.0
-0.931777316774193,-0.8538651469998637,-0.20889501225554064,-0.796399866404232,-2.1020607180963182,-0.3959268777821512,-0.6525688719890352,-0.9530242649533349
0.0,-1.3497870339170346,-0.037962863444035655,0.0,-0.8935923472242839,0.0,-0.9488654447950715,-0.887394395638661
-0.8041244120288171,-0.16071358877693953,-1.5669492723483502,-0.14418150126177398,-1.6129336788016957,-1.2086762003378189,-0.4409308294932899,-0.7648641090785233
-1.0640601124917728,-0.09861763176934701,-1.355565236949401,0.0,-1.4202700314397356,-1.6089779046820372,-0.38315652531072164,0.0
-0.3107240344231492,-0.06060512995513445,-3.1012307437753486,-0.7060403859611446,-0.03764619089068866,-0.6728789372037829,-0.7002774238559972,-1.0546988839783005
-1.548247780005779,-1.9910365404966317,-0.007607782399169594,-0.21372298728569117,-0.5180630590880506,-0.7446455060219499,0.0,0.0
-2.857626852917205,-0.15969736644415633,-1.2356685751944578,-0.9867957593945578,-0.24145176362324428,-0.3448801339010368,-0.26844460779808,-0.3937172384749532
0.0,-0.3922016477612553,0.0,-0.7495792459425061,0.0,-0.559011289061794,-1.147991500837569,-0.20593401303839265
-0.1669569571752536,-0.2456351152502423,-1.5369284768963416,-0.3851688705760523,-0.08117668175120762,-0.2913363895755703,-1.0496199735069949,-2.9837772814185586
-1.8433288016785951,0.0,0.0,0.0,0.0,-0.2362317369507947,0.0,-0.7360745614812405
-0.2950723732805258,-0.403100336871395,-0.219180996860441,-0.796354481942501,-0.4460874236675467,-0.3916790695766519,-2.4466326406369454,-0.827550350885736
0.0,-0.3219288252761352,-1.1065951409628534,-1.1625347591082384,0.0,0.0,0.0,-0.9060031740720662
-1.0625326422986294,-1.4888506694235497,-0.4941157120895818,-0.9091670991242591,-1.102236976312855,-1.1116942923741924,-0.3561420437930911,-0.24957398691662291
-0.03212867632413818,0.0,0.0,0.0,-4.528052696066071,-0.044021289168798106,0.0,-0.13395365223962852
-0.01666905212953118,-1.198574865843451,-0.04250708331908104,-1.9276632821784325,-1.4862634329284106,-0.8540522591196833,-0.954051468402179,-0.3693000067607324
0.0,-0.78927595970144,-0.11341423822677488,-1.1138744695046645,-0.18570981983482504,-0.5408102399677608,0.0,-0.9078812960729605
-1.844307793610266,-0.03479595482906106,-0.9354253668508496,-0.417761729764087,-0.42852481744841686,-1.1674336038997417,-0.8403177313860244,-1.3282986206432659
-0.8390431854206906,0.0,0.0,-0.8018414895060273,0.0,0.0,0.0,0.0
-0.19228801865830825,-1.217022699007475,-0.11649632338595417,-0.7846467279681733,-1.408387161414777,-0.4967899684417594,-0.2255019861151375,-1.2432728649396196
-0.48343218208851013,-0.1335919395996843,0.0,0.0,0.0,-3.143428932575458,0.0,0.0
-0.5888777695867446,-0.0435783581683058,-1.6677212340393357,-0.13850851386379226,-0.1718231768733629,-0.07583653912351629,-0.8116667969468692,-2.8196032628265666
-0.6880403391572605,-0.04876967929663678,0.0,0.0,0.0,-2.105087307790731,-1.5063049929123924,-0.012182055487881982
-0.04635905566546672,-0.23034545042379584,-0.1077210271585507,-0.6989166104457469,-0.36718768270449065,-0.08676126641749793,-0.0031864787023714314,-4.867941903346214
0.0,0.0,-0.47723371512823753,-0.19502395919853122,-0.3717517206973113,-1.9600524108901398,-0.7603148601608494,0.0
-0.19322343751370497,-0.3860357103128713,-0.19133525747848168,-0.4232316633226407,-1.287708627328568,-0.9790881305113999,-2.188338010250221,-0.1148506566995735
-0.21280911533387492,-0.7600962761929271,0.0,0.0,-0.10289820336025723,0.0,0.0,-0.2784797347999337
-1.9761909552785628,-0.6132266279242051,-0.38459937906393193,-0.31173374816725286,-0.3684301384315454,-1.1872608433689207,-1.3077952186729673,-0.1934208106296893
-2.7909147681986832,-1.0938723205684653,-0.20102974757333492,0.0,0.0,-0.6880577067903948,-0.30805473112095605,-0.3141573363560273
-0.15696242125257598,-0.28718259119330014,-2.172607512929157,-0.7197738912542073,-0.39127584580289465,-0.7405928122409762,-1.3598783740307434,-0.24239757808701334
0.0,-0.982658750758258,-0.6695219078210259,0.0,0.0,-1.5939877757276033,0.0,-0.04286752412685946
-0.6461359385574177,-0.2968076782468305,-1.56694548988259,-0.7148583169944933,-0.042628551848646445,-2.0430793170539783,-0.9009328952935061,-0.3092784583110548
0.0,0.0,0.0,-0.7558071065844656,-0.5816256548194074,-0.03752670211000453,-1.9340643106688473,-1.3233844209959367
-0.010892711594567395,-2.8359038509851695,-1.8055309926131224,-0.40945491932941813,-0.25326961142067006,-0.040276238595290614,-0.7580254142965703,-0.3085925492010819
-1.3297771022627556,-1.7923529059940302,-0.4502384583949297,0.0,-0.4259994856842013,-0.24731867989042033,-0.23845231247954946,-1.4813350211361662
-0.46690225072087266,-0.6719060575474867,-0.1913494800902269,-1.137619445644055,-1.3294641486683823,-0.3499177562846194,-0.8120172953523968,-0.7040142646759708
-0.42132903256177734,0.0,0.0,-1.205524943688295,-2.316178311756234,0.0,-0.8273510214294486,0.0
-1.1513525661845536,-0.47906737599327887,-1.3327188935650058,-0.2826576603000843,-0.36022429155418756,-0.21529869123836676,-1.1980952265802909,-0.5701333378053501
-0.42055247494699444,0.0,-0.2287577551565363,0.0,-0.5058228959698123,0.0,0.0,-0.16467524725260851
-0.5084242783093424,-0.4134506454474218,-0.7653929886824908,-2.569360940240686,-0.6675975911987635,-0.7614292330934838,-0.40679939313736657,-0.7456774359908662
0.0,0.0,0.0,-0.2711878444484839,-0.5826847501232955,-2.048331668620313,0.0,0.0
-1.6159938080323544,-0.41187510865210797,-0.02209479843540496,-0.6070585594290323,-0.4376795510217857,-1.170254631611507,-0.7423721808623558,-0.13567215833558333
-0.5537607841401782,-0.19517226839656487,-1.1032589984596424,-0.24367662899432485,-1.3186607134276986,0.0,0.0,-0.8643396356907393
-1.7007088834795825,-0.17375451939250652,-0.6474007972107643,-0.16426310340526484,-0.26824530014088754,-0.272515446095432,-2.0878655605661907,-0.031233817495188276
0.0,0.0,-0.41424537869571587,0.0,0.0,0.0,0.0,-0.8907180883492067
-0.6118767491695074,-0.2953199239663107,-0.07444378396505513,-0.4303999854629401,-0.47560366994908065,-1.2649010657646977,-1.0823534847102625,-2.191897657922488
0.0,-0.3341841241802861,-0.4635349478486308,0.0,-0.250961915965882,-2.757668873421574,0.0,-0.29559028487839534
-1.0217932918851416,-1.0871490195423847,-0.6594769177848363,-0.27056262505260165,-1.1537786814226232,-0.34288781660005263,-0.3819449478781287,-0.5875764178725849
0.0,-0.28607061859844674,-1.08863644972475,-3.7691874603437476,-0.4500224110895594,-0.3181782609685069,-0.5654921977493563,-0.12513030675337333
-0.3560756246539274,-0.08255212853091187,-2.894496812877886,-1.6818031693631443,-0.24472398048852462,-1.107718059229759,-0.23357724197711338,-0.03128767286095524
-0.45549633491233266,0.0,-0.22657010338823902,0.0,0.0,0.0,-0.6072493750144279,-0.886521309507792
-1.4485888935961944,-1.2638122272520285,-0.025749184881828313,-0.9324559127155547,-0.24216783974226086,-0.14175868640878342,-0.18486284961696242,-0.47321048633889706
-2.9359453620019904,-0.8241327373771616,0.0,-1.500531079674328,-0.2858378772435408,-0.41706032615133815,-0.15656245024744386,-0.13040602522650957
-1.1978009953782172,-0.061577440949066364,-1.756946460933813,-1.4277891655895845,-0.821639446633573,-0.5081648322938399,-0.2777003347171938,-0.6456402342793259
-0.1271632344378082,-2.322641384515987,-0.009365988907020117,0.0,0.0,-0.11434456223090095,-2.0580801153819053,0.0
-0.7591227026156773,-0.3238438590690267,-0.5543084798122004,-0.24384682395842638,-0.15243287433870556,-2.0235799165479422,-0.286686992167029,-1.6700978948395662
-0.39722302274183985,-0.13067352551075118,0.0,-0.7545248392656827,-0.3265544921472694,-1.9164139494230312,0.0,0.0
-0.006405613568128743,-0.4510106483340248,-0.8814979577866211,-1.7881402395688522,-1.0437816840468654,-0.2880274992288898,-2.125110681319729,-0.06122552409641191
-0.07026766044554034,-0.5552309854712325,0.0,-0.16599859957949636,0.0,-1.8238976588261044,0.0,-1.2038576160054841
-1.9146556707715794,-1.0645089166356723,-0.25961432336974255,-0.7174469103621579,-1.5105213189994187,-0.198190840918401,-0.006888075915999714,-0.7402056940847315
0.0,-0.10251988097512221,0.0,0.0,-0.2848489998136525,-0.14769117233938367,0.0,-2.45810282867086
-0.36059058311816017,-0.6049213183524724,-0.22888932278621077,-2.307322772101104,-1.9705658740456693,-0.2213896179878745,-0.6434098039171179,-0.20059008963017977
0.0,-1.4582160443778927,0.0,0.0,-0.29809667978830223,-1.4684453209572519,-0.9530526193409754,-0.0009256898291454263
-0.006746221459156487,-1.5362842470754092,-0.7220085289795017,-0.9878915589207793,-0.8006783907072696,-1.1111390339423641,-1.692064658903579,-0.01419784909009092
-0.48782703628349466,-0.44507801105199096,0.0,0.0,0.0,-1.0633895380573737,0.0,0.0
-1.244538592281355,-0.5702056945422083,-0.4848446510712794,-0.2310569523941215,-0.1425597711802684,-1.2931361550756577,-1.2902213937352407,-0.2314632048357259
-0.5360892316684502,-2.293631740550077,-0.6351429670842705,0.0,0.0,0.0,-0.03906021427102502,-1.6379041424437428
-1.3421753301335615,-0.542594091522421,-0.2010332042945464,-0.748347301864233,-2.235889395300049,-0.19573112299676065,-1.3091817634987315,-0.33931720195981097
0.0,-0.41296436504075906,-1.7867152175961527,0.0,-0.5272469244838005,-0.09232035209722067,-0.26791924478343265,-0.3739699907361258
-2.838351455403762,-0.09186349921837778,-0.6809555998748067,-0.8523897474995552,-0.2786589739145606,-0.9120599663990081,-0.0370210691493007,-0.383471613532647
-0.3811731583871527,-0.79199050900234,0.0,0.0,-1.8031670454295226,-0.5243674065710753,0.0,0.0
-0.2824877933377117,-1.3812401417454518,-0.7213075780494433,-0.6617132901486524,-0.10597950363758812,-1.5708708562593365,-0.2081344917458683,-0.8553134226929018
0.0,0.0,-0.29988442959089046,-2.0895862421234748,-0.7800985907223463,-0.021557759372850427,-0.5430471421410346,0.0
-0.3488665013421315,-0.43547705910214063,-0.6288016050234084,-0.4482485498013684,-0.0679538269787141,-1.656235933772952,-0.7849182455534258,-0.31659360650063917
-0.6499644345302169,-0.5231040554844721,-1.6929614342259587,0.0,0.0,-0.10103168884508928,0.0,0.0
-0.7629155230055931,-0.19559361577953283,-0.4503653455220773,-0.7700837384632928,-0.05409091216666706,-1.5073048163808895,-2.3399013217681883,-0.7431339403226547
0.0,0.0,-0.20368305466944303,0.0,0.0,0.0,-0.8165743347099843,0.0
-0.5321717255241518,-1.1113159669623665,-0.017373768993839356,-0.03284435201540603,-1.476607902085977,-0.8538121703926258,-0.6937646717995394,-1.9294380798020168
0.0,-0.8495273745863576,-0.6151271484156906,0.0,0.0,0.0,0.0,-0.2848337069710407
-1.5203460963858522,-0.902979096842957,-0.07195975853564995,-0.02947514998533407,-0.047517329896615834,-0.13879283408502818,-0.6768028277906577,-0.9162960300723801
0.0,0.0,0.0,0.0,-0.03453843169028925,0.0,-3.1836952769893516,0.0
-1.5123315039213647,-0.2477708759642212,-1.0199005750668215,-0.1871154344725463,-0.13651242179132694,-0.39927090444747826,-2.1358514679183216,-1.3177199764136027
0.0,-1.1232852428267561,0.0,-1.952160930532779,0.0,-0.5365879478072921,-0.9418245435605677,-0.7798898032776904
-0.812080317026731,-0.5163209996665943,-0.4453024917447186,-0.6323534004351403,-3.5197309254535627,-0.3295256502715773,-0.006554460218723079,-0.49827646555393024
-1.2518435410263056,0.0,0.0,-0.2324760528824159,-0.1494962674740199,0.0,0.0,-0.32373402606764845
-0.06693972662831982,-0.3052246895347528,-0.5052350563021335,-0.08605391393852191,-0.23155828923827038,-0.48835106422287566,-0.8694130231218828,-2.64119939822303
0.0,0.0,0.0,0.0,-0.36037590823584775,-0.6633418189551481,0.0,-1.5479852683521234
-0.837496259496767,-1.865007097410878,-0.63605381334445,-0.49260714342384837,-1.030418690181107,-1.2509180281650032,-0.602436608372396,-0.2005008571842275
-0.42601877157014645,0.0,0.0,-0.2595765287576448,-0.5635351514075175,0.0,-0.2803582122666537,0.0
-0.9174603148993876,-0.15224318768393097,-2.1588346263601066,-0.6196395615144255,-1.4990739058281433,-0.4049444248578853,-0.6642232451718408,-0.37183799643795634
-1.352680171175308,-0.09887576673294252,0.0,0.0,-0.0048804083154214695,-0.5679086513151255,0.0,-3.0545713905372525
-1.3279521711393336,-0.14339963181270576,-0.45394233609538226,-0.7034901191097767,-0.16864498022962238,-0.04788863549621514,-0.10459236815771256,-2.7114232265009415
-0.051587903749834574,0.0,0.0,-0.832914124451519,-0.0988403478982427,0.0,0.0,0.0
-2.6784716252889016,-0.0670891065189787,-0.111607157448665,-0.04507651343343255,-1.6079826249252411,-0.2053178939604905,-0.22483696865016434,-1.7444043550070552
0.0,-0.5082752606071246,-0.9607740802294913,-0.1732315644932072,-0.5317848620873953,-0.10475714540902015,-0.1425900701201135,0.0
-1.1413859278462386,-0.40659436393806736,-0.8561364061221077,-2.410691533293871,-0.398483427034912,-0.8613939619350113,-0.45967302750497385,-0.4508077506807444
-0.33654259180040835,-1.294641807279306,-0.18056234835246787,-1.0049111115782718,0.0,-0.3763111816260549,-1.4045246592229637,-0.24074298474121392
-0.24179995753380634,-1.4294750240114853,-0.3008162606798095,-0.2642860473779942,-1.7908057709053713,-0.5647943470206602,-0.7395526686770699,-1.2820447560795936
0.0,0.0,-0.006963088311141341,-0.45293517695488283,0.0,-2.1937418300533666,-0.01589877354336977,-1.6562228626458593
-0.7763608866249845,-0.5317237655474951,-0.03374706645259451,-1.412490007136455,-1.1069660311669978,-0.44708248887933877,-2.004100955940835,-0.0014106868040535403
0.0,0.0,-0.6061836145646993,-0.19932612920779302,0.0,-0.0545980803567474,0.0,0.0
-2.684961205827822,-0.3568339182663527,-0.3440830998396427,-0.05415347424970385,-0.6611622741926206,-1.0369306565274865,-0.4277838508908287,-0.014714336272700912
0.0,-1.0276762513580229,0.0,0.0,0.0,-0.05815993793411778,-0.12737494812997152,0.0
-0.33239324907469303,-1.383282766104161,-0.07018135155458793,-0.1853892264256487,-1.0632315801504895,-1.4705947793888798,-0.6912054307227606,-1.6333500462635984
-0.9668991503785067,0.0,0.0,-0.051103816421125714,-0.25219951929685536,-0.4916142644560786,-0.10930792791502952,-0.08993680358444855
-0.6969582198409414,-1.954593673911793,-1.0455063575238137,-0.8631498970033533,-0.15202785012189057,-0.8029467943189212,-0.02411548940616637,-0.2721633878552483
0.0,0.0,-0.4944117732483333,-0.5732929264193469,-1.4840230694562742,-0.5886790405744238,0.0,-0.3829527557093044
-0.05297954572999952,-2.0231888583884645,-1.6957853856579908,-0.40338784163298147,-0.9880194921564813,-0.20954591102265852,-1.2214383117328351,-0.10982771353972698
0.0,-1.110183357253911,0.0,0.0,-0.1565868582523553,-0.319922613172694,0.0,-1.0258791985767788
-0.7621656830220491,-2.0457224990624923,-1.0878747333439183,-0.2848060757245836,-0.4044196007862073,-0.25140667472180045,-0.0048295412257370884,-1.6059522631945065
0.0,-0.9821690978904218,-0.5696672731320653,0.0,0.0,0.0,0.0,0.0
-0.1731661598723786,-0.08781078522357522,-0.9308144976120225,-0.7466274132916215,-1.257088750684014,-1.3735378443974078,-0.9932430268835057,-0.8913847700151187
-0.03490838919506434,0.0,-2.2250006483697584,0.0,0.0,0.0,-0.814760865797524,0.0
-0.46206558785174856,-0.015004960281592261,-0.776587404851302,-0.34611184820022345,-3.0643479090806056,-0.21985081452592503,-0.0872468273476743,-1.8394307623318937
0.0,0.0,0.0,-0.9680920454547604,0.0,0.0,0.0,-0.9921874097544485
-0.8084024725384404,-0.571443394147165,-2.862590685825799,-0.0839915448743156,-0.3710057581275663,-0.22669445665825272,-1.7963876781055133,-0.18287261657496412
-0.5747792894784514,-0.42413390350068436,0.0,0.0,0.0,-0.12847831434959733,-0.4720333670146779,0.0
-0.18435672287713611,-1.153856203747484,-1.9942891816410047,-0.44758166342046035,-0.1611587850091638,-0.018940561202492212,-0.2518785529784857,-2.3239069273923105
0.0,-0.8772292654003504,0.0,-0.3018733012098318,-0.02288958141661901,-0.492461151802833,-0.27251686888333904,-1.5883703283535073
-1.1442713269355247,-1.366497940865779,-0.27316113239019746,-0.6826574429126406,-0.9311298672231754,-0.906427717193754,-0.1823569964633318,-0.9828721841754611
0.0,-0.2507882764659639,0.0,-0.9153858580868421,0.0,-0.8443398634726931,-0.24802444475320584,-0.21981613634129893
-0.4673671847303522,-0.23804508177793604,-2.0181231961291504,-0.18465632110017527,-0.8782426758717463,-0.8984064533553715,-1.5497950477197495,-0.5329014722896384
-0.1987987591378273,-0.07941452174283192,-1.055922948987952,0.0,0.0,0.0,-0.23671260053386245,0.0
-1.0254547640003295,-0.07187187647353888,-1.3520680619761478,-0.7684771600850029,-0.12220753655180605,-0.6181610857859159,-2.2357679943354247,-0.7420113793812071
-1.5031254968209167,-1.3825999543012735,-0.1818829755133864,0.0,0.0,0.0,0.0,-1.1092432990045458
-0.7115685825917293,-0.7834721338343273,-2.0073558143948986,-0.24041764183959557,-0.6209801222106339,-2.2008485908913125,-0.243303578372692,-0.04568826954804095
-0.599975178765253,0.0,0.0,-1.3721722633392455,0.0,0.0,-0.39673869987947175,0.0
-0.9772188854279253,-1.1789877389056231,-0.18392976002059047,-0.3493478670715948,-0.7568405505334033,-2.308852256060927,-0.29440573570221407,-0.7176508279429488
-1.5406808828517233,0.0,-0.21172104456714713,0.0,0.0,0.0,0.0,-1.7786059452280938
-0.07047031921205882,-1.3710665284700285,-1.0274156698371222,-0.4651592169213501,-0.24178889663540915,-0.5776113292161433,-0.2517229603727742,-2.3761866671764107
0.0,-1.6799660348649184,-2.053768535847623,-0.7425529874182208,0.0,0.0,0.0,-0.8417906753773696
-0.24623469955035926,-0.9281561149578152,-0.23412510237106687,-0.25739430198654034,-0.28389492968070673,-0.4109497997140483,-0.6253926481129435,-3.9414010844013014
0.0,0.0,0.0,0.0,0.0,-0.7564646404392388,0.0,-0.4683165414716468
-0.18212254350387447,-0.8027771032085109,-1.7190477010175904,-0.4210537703850532,-0.7211974415824676,-0.544872518550422,-0.9685348956479434,-0.42344215341630065
-0.7585398167547792,0.0,-0.40167147534047576,0.0,-0.47318952240164514,0.0,0.0,0.0
-1.7101022836605324,-0.6161408028825885,-0.2728026503543468,-0.11734428675873865,-0.000778872860519364,-2.2289214678333735,-0.7614631317370693,-0.8348702863559732
-0.4016331764713712,-3.04347568051462,-0.10408614454356258,-0.03087167947466085,0.0,-0.8348345236392092,0.0,-0.05221706511652524
-1.2150921635283414,-0.2958157332780962,-0.2645971868596453,-2.277589044875975,-0.08964586804196895,-0.009809581327468564,-0.5583361644961613,-0.6213823635090323
-3.9089316685021704,0.0,-0.7085390579174042,-0.5465621183105087,-0.4121762207705144,-0.3219125307151405,-0.015316822345949888,-0.8983625598458067
-0.9706939477422489,-0.2139812274752524,-1.2620498010180023,-0.24531543150030632,-1.2685231590598036,-0.9893626741718844,-1.3242503207634044,-0.010206521974387428
0.0,-0.054242968191606344,-2.115660380379767,0.0,-1.8644858818456127,0.0,0.0,0.0
-0.20895571735300233,-1.1763493235874307,-0.9081598812798113,-1.1395430895632117,-0.1299039961045203,-0.8420672708581929,-0.1466873261351358,-0.04277190728530478
0.0,-0.0718275498482761,-0.1433036987426064,-0.8218031880938748,-2.69597332414702,-0.14306404013340845,-0.6413858874871412,0.0
-0.5869528354220019,-0.8373708002374949,-0.48829249802782293,-1.671191763726875,-0.6797097156766458,-0.27170028145594927,-1.062071483440488,-0.3137607602875372
-1.846683144093321,-0.05353693097580603,-0.29937593424016207,-1.1996360751016901,0.0,-0.5533087924346693,-0.05469193605755063,-0.7462786245219792
-0.4448368787566679,-0.09386965610854148,-0.09604146995896645,-0.11026898330087676,-0.5261086688646026,-0.14510366357742832,-2.880419264590647,-0.19819482912599895
0.0,-0.4959097729565869,0.0,0.0,0.0,-0.056945039435448486,0.0,-1.5233452755766717
-1.9329419564466264,-0.037486698134500784,-0.9894152507566689,-0.11982518165252287,-0.2934425847775177,-0.7079533004514627,-0.4111447699361328,-2.410045769977935
0.0,0.0,0.0,-1.344595724889146,-0.8431593478367514,-0.12547227083424684,-0.5283678085532166,-1.2642069819502018
-1.2593558602945514,-0.39148424253488834,-0.04447559862694472,-1.4686561709108599,-0.2802741267456952,-0.8419104369754491,-0.22799612924880286,-0.5649697028328013
0.0,0.0,-0.49475661592455733,-0.32763280854386156,-0.4375743621408388,-1.0541309479072813,0.0,0.0
-0.3973431196352699,-0.9508421307338981,-0.7603793601679616,-0.4118088629873897,-0.06816099075352344,-0.0962489727274356,-0.8951919124070509,-0.48236786645076357
-0.3652402789544009,-0.6135294443506556,-0.07002192395285256,-0.5926806582903774,-0.5131447449782218,0.0,0.0,-1.266099029758621
-0.010520963271482664,-0.2692364255398676,-0.10932015886228008,-0.82866829754738,-0.7022259939776934,-0.5512806097592255,-2.4620580801563454,-0.3424189857861428
-3.0551442466128984,-0.2187860759814697,-0.05421034753408982,-0.6390526605964109,-0.4900027166272647,0.0,0.0,0.0
-1.0373295138498353,-0.9128048067885226,-1.0318707968864427,-0.2965473718204308,-0.7258127170395934,-1.224009583581104,-0.3116815506005466,-1.06350234960005
-0.027589993511272226,0.0,0.0,-1.1441811266738675,0.0,0.0,0.0,-0.7120857213639251
-1.6629678507782648,-1.0820705562207271,-0.4241093672405034,-1.4171572867736995,-0.03977939250882656,-0.08098435146433935,-1.4446815724667053,-0.541824511631102
-0.17958518500741327,-0.16615050028354794,-0.7765071197319084,0.0,-1.567050609324621,-0.7304408449528497,-0.14852902485008812,0.0
-0.30249014442530786,-0.19176374737007773,-0.7819759219220153,-0.8812632364026216,-2.9819023801254945,-0.2744461755195662,-0.14814588258534656,-1.3218641256429837
0.0,-0.3000860222393893,0.0,0.0,-0.7543705777587801,-0.39291533464166584,0.0,0.0
-0.02249865458360656,-0.9318833323182982,-0.6813273509173721,-0.1361328701728164,-0.1528427672525332,-0.24450471865932322,-0.8873274769102428,-0.21519767967604508
-0.4033805732119884,0.0,-0.5970836519926808,-1.4969781562619104,0.0,-0.19276957285285956,-1.7205197588604104,-0.010290424195215309
-0.3320349751507017,-1.3733585719269605,-0.1936008257021804,-0.17030959047281158,-0.3741110394668832,-0.298795194703219,-2.598453641404057,-1.2777735599065734
-0.40638240163541184,-1.283119386821597,-0.6521503893213909,0.0,-1.0153022296523337,-0.7420883322460963,0.0,-1.7623291557955936
-0.8162121918399805,-0.9136147865900606,-0.06640011524263922,-3.493433164763781,-0.45190098563447645,-0.2099725104248895,-0.07298448920399903,-0.37500325356654063
-0.27840574636854143,-0.502318056780962,0.0,-0.1533248603880928,-0.10212143529556261,-1.6896330152459598,-0.8591434120253112,0.0
-0.3866624732363464,-0.7386660231394933,-2.8007412964551115,-0.8089545484840812,-0.053907695837036584,-0.04900752379430351,-1.1040494277189081,-0.7221124624197648
-1.4359723596563665,0.0,-0.600996785901069,-0.1474727445436832,-0.7644614914978192,-0.49476492986760334,-0.7577898033988557,-0.39778935730241827
-0.3257586336125664,-0.3684444639185296,-1.3520437466505921,-0.15984992020390631,-0.05901202834161445,-2.2006801257330713,-0.12752478278526613,-0.32644927672540724
-1.5141654575423606,0.0,0.0,0.0,-1.2467087389170404,-0.19183532171850182,0.0,0.0
-1.162515090104355,-0.7171595219492417,-0.08796093196723653,-0.6994117058929179,-0.14163027789328098,-0.4252282812456647,-0.7505233070040322,-1.251202521938703
0.0,0.0,-0.3547838468480675,-0.3719326620552712,-0.7471617797806331,-1.6079162974823564,0.0,-0.8601361470912252
-0.6974790550557124,-1.273159554209454,-0.4729041286759834,-0.5899065518140221,-0.19077247133688857,-0.9135301828768947,-0.7250430815077289,-1.9511608758249617
-0.33599612465777895,-0.5085728324871566,0.0,0.0,-0.16490524861836864,0.0,-1.652946656915205,0.0
-0.6122516350318374,-0.48737742500809134,-0.10457266617461958,-0.3013224962113519,-1.9697086032005036,-1.1962037335410507,-1.380209579285645,-0.2689856929445007
-1.7760945735664686,-0.026125785842396,-1.9064852763258768,-0.7919104752135357,-0.43755587399841467,0.0,-0.38148078872846813,-0.8982162308332011
-0.09469714084007208,-0.8542675959411969,-0.200864319939841,-0.031956905522582346,-2.2328488944385896,-1.0953987795295443,-0.027309338152673668,-1.0238201053344795
0.0,-0.6893338902900146,0.0,0.0,0.0,0.0,-1.4022818579817518,-1.4036671724841536
-2.032782174231679,-0.03649389172655759,-0.6556961109911796,-1.0591796112206282,-0.19953057052350243,-1.7158055294071044,-0.8504479320665634,-0.012825509930308954
-0.09643568795822333,-0.6189284214042345,-1.3822598492261218,-1.6409389337233486,-0.20075517951203015,-0.6580163903420306,0.0,-1.2724655684741961
-0.8622397205351362,-0.04589528109159868,-1.3063617686977587,-0.07215035768068212,-1.7221761659104207,-0.607978822853652,-1.4346507163139304,-0.08539391203313507
-0.650466351960711,-1.039349546181855,-0.6575101164578916,-0.07877714846399186,-0.09742307903961844,-0.43151971673919665,-0.11176913541042399,0.0
-1.1189105270512023,-0.5441468414404964,-0.11959507067308017,-0.27665119302631425,-1.6760488293807487,-0.731322659949118,-0.541596432328066,-0.4198936845439585
-1.7636678690548928,-0.41003585671015585,-0.25546213540721663,0.0,-0.08049906452623556,-0.8305863138286185,-0.6552012347588532,-1.4046800462013618
-1.0143237781793921,-0.20612624540098867,-0.12799197729027156,-0.09926879788256304,-1.331411393003977,-0.4555808673628121,-3.013787288718523,-0.6930136823328494
0.0,-0.5560104535800274,0.0,-0.15074812343912836,0.0,0.0,-1.8505338253529269,-0.17151310735138203
-2.39376769786651,-1.0392582384872506,-0.960536693926243,-1.2774910515781288,-0.03904644088126474,-0.4327417280076018,-0.28195273938327503,-0.3731461717507498
-0.4035316368326214,0.0,0.0,0.0,-0.8686895287874599,0.0,0.0,0.0
-1.479280703638148,-2.1602099254718086,-0.18836924702071478,-1.3525560549969704,-0.14664198907315829,-0.17322436140097253,-0.9150417404935611,-0.4547758043576806
0.0,-1.1157890760281877,-0.3859513729577193,0.0,0.0,-0.984234323956537,0.0,-0.5129779417746363
-0.1979621812129002,-0.3323509652076355,-0.7244039293430049,-1.653519243683526,-0.021565636938491117,-2.0306267812318275,-0.5085815439681554,-0.6722135185909721
-0.5662570143791834,-0.03159750824344432,0.0,-0.45668358258430874,-0.4514047288642571,-0.3477723409314821,-4.173985421664366,-0.4960391852650794
-2.1411984200485916,-0.07236619393506682,-1.2075838177431368,-0.4279028026891458,-1.2054187174931021,-0.29754119544182434,-0.10735715553372849,-0.6623705653932888
-0.832806617915443,-0.7375738070552185,-0.7936466268209941,0.0,0.0,-1.3157042381644795,-0.37744292942420543,-0.8339982302133011
-4.624915660342177,-0.7184202900973098,-0.08264415535105663,-0.007631622351143896,-0.25683680301072975,-0.3544073070362703,-0.7060404043288262,-0.052956198239026975
-0.2153351529131733,0.0,-2.642156274565866,-0.5825274313879039,0.0,-1.379911037007469,-1.2168686064950958,-0.1730281862427301
-0.0176357864009713,-0.12469983197570844,-0.8407475011843193,-0.7806408410091539,-0.901547245080442,-1.8927647405981407,-0.9094931308386522,-1.3139687304555139
0.0,-2.774647108365044,0.0,-0.2587406673535906,0.0,-0.1069329450769203,0.0,0.0
-0.74132234660975,-1.4149163744641013,-0.4701624107615805,-0.5384998796178619,-2.201407902304271,-0.9578586726448899,-0.09433842556501126,-0.4848225693439918
0.0,-0.2738582624776349,-1.2122291657031825,-1.3164644284650668,-0.34691510608436893,0.0,-0.1017267123729999,0.0
-1.5564176427766103,-0.9232649269892166,-0.5717893970850785,-0.028621526628681337,-0.4336098166732292,-1.9218080938303501,-0.6542803844665208,-0.574613895760506
-0.12946297863056522,0.0,0.0,0.0,-1.2299705714959677,0.0,0.0,-1.1218022138517787
-0.3505277959213515,-0.7430519184209858,-0.717555800561577,-1.2208892588358733,-0.06766558086215468,-0.5959084862777075,-0.3229674720484006,-0.1796337832739079
-0.8115430716110597,0.0,0.0,0.0,-0.2750373255187055,-0.8565173951789564,-0.9460846866935517,-0.42698785636389314
-0.5522434730128278,-0.716013757961373,-3.182458444350419,-0.06492050261524085,-0.8912917777267957,-0.03315956274008869,-1.0351436865608727,-0.13879425275932888
-1.120819519488304,-0.17952051673933145,0.0,0.0,-1.5135718004563143,0.0,0.0,-0.35061971620959476
-0.2665460999692719,-0.6139192086156067,-0.07781165727382255,-0.9740160087725993,-0.4093610951468465,-1.319325663759435,-1.0779637355372271,-2.0515889973385297
0.0,0.0,-0.5426438549342674,0.0,0.0,-0.09649946153533318,0.0,-1.0529184017891238
-0.5936411003307533,-1.6530534439899771,-0.9542324713320065,-0.062332871225800446,-0.23355979036632757,-0.30203738202830355,-0.6622520165489503,-0.10763663369736509
-0.1395686032892005,-1.7528144224910482,0.0,0.0,-0.38115586744082197,-0.5057592900662753,-2.3637851167488293,0.0
-0.7668952074122384,-0.27932139087833185,-0.7704991256990743,-1.0850097804809904,-1.600390072976877,-0.5334955937092918,-0.10198933256093223,-1.7311433516428831
0.0,0.0,-0.03683299945507912,-0.026482464007040463,-1.5464422547687118,-0.03470350493646457,-2.7499815590088623,-1.0268311442757012
-0.6557915988396301,-1.7292310415480685,-1.0188851966796957,-0.2872206657967693,-0.5278501727702443,-0.05716417398717333,-2.120659305489271,-0.4804327513718416
0.0,-0.08961367815016619,-1.126409988397831,-2.4003541248762,0.0,0.0,-0.5675261793123809,0.0
-1.1700810112423579,-0.830994958904296,-0.8942651391866114,-0.3631146330495598,-0.3676617233183359,-0.35494488041155847,-0.15824717957696244,-1.4896871576909634
0.0,-2.58131535047567,-0.22831823846732124,-0.5260926259617955,-1.0023968419910032,0.0,0.0,-1.0706293897299979
-0.025454521772476646,-1.14007094836737,-1.1420609445789163,-0.045043156045150745,-2.5849208115531903,-0.4545879956930552,-0.036358430186831825,-0.15252302745308643
0.0,0.0,0.0,-0.8382289578013413,0.0,-0.5654116908858482,-2.034860836448935,-1.734570396157828
-0.05192774054120797,-0.3254671759391421,-0.730190752883046,-0.6867613860345827,-1.772768102698537,-0.3613788633048953,-2.2265315625357607,-0.499567950087517
0.0,-0.00812825877098966,0.0,0.0,-1.3583244165455657,0.0,0.0,0.0
-0.13739527670339768,-0.19464555801542804,-1.3200518179298957,-1.418305644977175,-1.3632428888864023,-0.062252935790075625,-0.16465341813514733,-1.3416947417127671
-0.16136591436273395,-0.7244697204324675,-1.3821779015897784,0.0,-0.5704419132544816,-0.01939934471649085,-0.32782140255080705,0.0
-0.2165629003377081,-2.161813848806979,-1.4993428316402158,-0.06838276315582181,-0.24387830105915675,-1.6063525843798612,-0.26539238086461214,-0.9327644151938053
0.0,-0.748145336891711,0.0,0.0,0.0,-0.36087788182400704,0.0,-0.13412773878109885
-0.7680114063621923,-0.8664707891468737,-1.7779941681214675,-0.2602448644185378,-0.21341939597508475,-0.15128871867775118,-1.6843950428159324,-0.8090314995654433
0.0,-1.501205346286162,0.0,-1.145756720099544,0.0,-0.3353406953886644,0.0,-1.128188557542277
-0.03892711791589054,-0.3610318970714079,-1.4794834621935689,-0.1821446219255014,-0.1475286339579549,-0.7245311137265222,-1.6168505078252098,-0.6993900192008553
-1.9661768354606588,-0.8914349719561319,-0.46710186755671135,-0.9906390643266301,0.0,0.0,0.0,-0.5371111075567931
-0.469093268764059,-0.3972850614178407,-0.16117455035584083,-0.30483062994936994,-0.3271511609912743,-1.8227616521457355,-1.8633925026820108,-1.3599764222785078
0.0,0.0,0.0,-0.580558562850146,0.0,-0.5558972112630647,-0.5115116550689542,-0.7663009490686399
-0.4302505225864621,-0.022653162168627894,-0.21840589405980815,-2.3944216169202015,-0.6310519490858217,-0.8922920730262458,-1.1682211928835997,-0.3147622707602524
-0.12021455144799553,-2.289284455397512,-0.94889344467847,-0.628723602085163,0.0,0.0,0.0,-1.0580332590411459
-0.21738019158934385,-0.7432398491420447,-0.32394553155591943,-0.7187316717881744,-0.6385659266073747,-0.859976085039766,-1.603898438004241,-1.7085746405269724
0.0,0.0,-0.49543725533076,0.0,0.0,-0.7573072034194075,-1.1880369224940681,-1.2265959636410884
-1.2849694707240058,-0.3826419208503591,-0.3069380595586608,-1.0373256394541048,-0.2248428336504631,-1.020433318046729,-0.026845672984332936,-0.4034385552362574
0.0,-0.3590371245456119,-0.4574625211814851,-0.054630525304202315,0.0,0.0,0.0,-0.954851719773397
-0.43602763730425576,-0.12319138485323933,-1.789433452510118,-0.9244738417310412,-1.2815669958026659,-0.06512280942514792,-0.652579821806742,-0.31517676813314655
-1.641693600987523,-0.9684717595640029,-0.5411276971904062,-0.7252944309916112,-0.5343044923643427,0.0,0.0,-1.0953226115728976
-0.3866873776372479,-0.001700530690146529,-2.8604302429492767,-0.7594727052705323,-0.003971060273219251,-0.7415887996881967,-1.188343585215831,-0.9045914222687585
-0.186099507698251,-0.32776879286094474,-0.17774609325670188,-0.16833516961662198,-0.20658293332634337,-1.7102520537986754,-1.5848680888914082,0.0
-0.09013402043411212,-1.4907484202585009,-0.04323411401071553,-0.8281001422094789,-0.5709971050430713,-0.26986351059802605,-1.1771805665405743,-2.3615945817573643
0.0,-0.4104449363489948,0.0,-0.09742384137348825,-0.020012552661031968,-0.8217648816375824,0.0,0.0
-0.04075774081092831,-1.2190963915295638,-0.704261251533354,-1.0612353130320225,-0.4654266618991709,-0.9407647112739062,-0.6229248775398464,-1.9252527679770246
-0.9612294077436925,-0.32390785095420505,-0.30673498420335044,-2.173737308466529,-1.1096609868678282,-0.23174945959095972,0.0,-0.009311349342306485
-2.1171722951064185,-0.8954053463458855,-0.025202664384995188,-1.5193839582808835,-0.24004468641448184,-0.12589572125258464,-0.4566899689689867,-0.6498046694506785
-0.7517912884174569,0.0,-0.5820151472543644,0.0,-1.8223333027859665,0.0,-0.3480253278327874,-0.06055539938328902
-1.249443782981075,-0.3243239128944442,-1.3273332832883256,-0.06079946737970854,-0.08992517584715642,-0.6939335244288518,-1.47556902436917,-0.15265495028462084
0.0,-0.05815573679564068,-0.7799276640048847,-0.6863431971733664,0.0,-0.8927720384842486,0.0,-0.31740192253792276
-1.0236197186218154,-0.31977496394584026,-0.7264459074744387,-2.273312936090912,-0.37042357567594486,-0.20360601514313625,-0.013029975131644278,-1.3289436143092326
0.0,-1.4685496067384776,-1.4728959919305584,-0.45655955460906217,0.0,-1.1341277527948144,-0.5048335068513135,-0.3766138563627992
-0.8710110533522117,-1.5492042007974725,-0.6146901302031189,-1.799424474818525,-1.4244602917984421,-0.6220509198703246,-0.09445911411633734,-0.010530244627593888
0.0,-0.36260975202919354,0.0,-0.9192464416572577,0.0,-0.8205915870746683,0.0,-0.9494273714087731
-0.27459776988373896,-0.149166938803881,-0.5979361432296102,-0.3700802428332368,-0.47859873389896546,-1.3141734792228918,-1.0420715751389986,-1.1588495409082853
0.0,-0.63421247064207,0.0,0.0,0.0,-0.3724155948275687,0.0,0.0
-0.22133378047745644,-0.1383764048050855,-1.199779499010944,-0.2669874563241361,-0.380462550789872,-0.390415457115318,-1.7231051969354185,-2.0034808617346567
-0.8392991513275732,0.0,-0.05872042401753497,0.0,-1.5367266787419043,0.0,0.0,0.0
-0.3736630290906735,-0.3518167827315173,-1.5876995120320547,-1.3767548784804209,-0.11159831244823692,-0.31604882009351254,-0.458060691802638,-0.6647372345680438
-0.1946001316029511,-1.2083936752461133,-1.4491530248704914,0.0,-0.520200564593396,-0.8237699087917782,-0.5002486790926781,0.0
-1.1001927360809995,-0.2081586931299091,-0.8095943808159527,-1.3405359098156477,-0.24127204263928004,-0.18252911553254236,-0.7960736862675617,-1.6867380273417165
-0.6558323742589494,-0.06298674933061932,-1.235403025926491,-0.9190427952006104,0.0,0.0,-1.0592487761967826,0.0
-0.9965315868967828,-0.23316450618145712,-1.4713569177385493,-0.7902913611179141,-1.3489254141070735,-1.2997052700199951,-0.47013945198414575,-0.33307930327128776
0.0,0.0,0.0,-1.5541304184199207,-0.13921073873389744,0.0,-0.45806122857631326,-0.07044304950175206
-0.02691530142299392,-1.055781104565824,-1.8165957347385477,-0.2700306357712057,-0.09060968285942561,-0.4373111354833057,-1.845572524130656,-0.17487884375124896
-0.24485239465069597,0.0,-1.005839415352578,-1.6918607189449233,-0.6214269268636521,-0.06393554345351848,0.0,0.0
-0.509970649448567,-0.02765560542598955,-1.429805488019011,-1.5268920899174532,-0.516240170253071,-0.61445356680328,-0.288162214543048,-1.9535134952580346
-0.8932540340327702,0.0,-0.8733446454469611,-0.09554815760517954,-2.169460825928745,-0.027927472680760346,-1.3372056009081525,-0.16156083942005584
-1.450358197168823,-0.12800806674318554,-0.6641000730513547,-0.5405791664065767,-1.589916174855607,-0.20321677107744662,-0.7300158922443893,-0.21989222810294962
-0.5774695233128293,-0.05761158296893498,0.0,-0.5541904782313472,0.0,0.0,0.0,-1.1582240240249515
-1.3177643978998086,-0.2181604365826013,-1.6177593487139452,-0.06410642466755778,-0.8252827861861007,-1.4886922045610946,-0.06706073998617157,-0.5678097914474627
-0.2623840695813229,-2.251973924765851,0.0,0.0,0.0,0.0,0.0,0.0
-0.31041894657630564,-0.38278951945662065,-0.8837578779631601,-0.3500123178939454,-0.02922997572741437,-1.6559225790101975,-0.5990705300493726,-2.681082300358253
-0.29892019134756875,-0.5676703506601806,0.0,0.0,-1.9362160368201078,-0.6670440710841437,-0.1326885258515853,0.0
-0.052964043811214445,-0.10781667098994951,-2.235977160904877,-1.759792316566494,-0.34309697031475217,-0.7079043622058903,-0.3910437386057346,-0.6706801661608601
0.0,-0.12464909634743737,-0.5798022217620167,-1.285202194481232,0.0,-0.24373568719849903,-0.5810598149590911,-0.8400109470683166
-0.12589746092443832,-3.47212006488628,-0.2605956164389749,-0.3093961026474741,-0.9001325469860753,-0.18522519875588905,-1.2425264048295164,-0.25372326764175135
0.0,-0.7879152451446547,0.0,-0.7598270701631389,0.0,0.0,0.0,0.0
-0.12089830453313244,-2.0682334243207734,-0.450665950496858,-0.24960050744794238,-1.0388991617770262,-1.325507740301049,-0.5841132409163761,-0.7367593264061103
-0.7444706073341649,0.0,-0.8112141577074121,0.0,-0.8414870727870225,-1.608255130672677,0.0,-0.3818971428764799
-0.12277062442478126,-3.0752154499854356,-0.07508254401661496,-0.6542725916570031,-0.9464097046996214,-0.07686660787392441,-1.0701088862147339,-0.5746899852579848
-0.5984231894816423,0.0,-0.8998057896632217,0.0,0.0,0.0,-0.21269180369575924,-0.4599132785241409
-0.2701982297513563,-0.8639534355414451,-0.8171428111260983,-0.2498321811776174,-0.37034595761318023,-3.095955382089823,-0.34396081632349684,-0.2029683342037929
-0.27794400199210134,0.0,-2.9919532662346997,-0.42836232027172017,0.0,-0.697885074410868,-0.37027019573603237,-0.9640346682072822
-0.1960483736698979,-0.9715001578830291,-1.2422195883706229,-0.3418783545938311,-0.9381595217419134,-0.545761027177722,-1.9083419539506945,-0.532561397431909
-0.7973504995782061,-1.1200282264657497,0.0,0.0,0.0,0.0,0.0,0.0
-0.27815653462214573,-1.2219637283948037,-0.7547191740437595,-0.0023329647913481466,-2.6216640270951643,-0.09240776445731402,-0.2840875355527368,-1.5350836443934757
-1.1328109762051177,-0.09959294733523905,0.0,-0.3793095906357653,-0.1080109857047935,-0.45892288403032744,-1.4862124405714097,-0.2687842592452121
-0.04047606405475168,-0.20063236764908954,-0.2497454986653871,-0.4717883952607993,-0.6478197743033753,-0.11135549069277051,-1.0254205073224787,-0.5094572586141997
0.0,-0.48446611484516655,0.0,-0.11030180652121668,-0.294918134643404,-0.21824603092547346,-2.4018777328343752,-0.5875311259011013
-0.8102263135285259,-0.4486730041949656,-1.9110919926561856,-1.1147400531865976,-0.2594310828122621,-0.7836673322601442,-0.1910356133588884,-0.5645974084125909
-1.0468580253831927,0.0,-0.2553835324176834,-0.677061985386584,0.0,-0.028160502799518206,0.0,-1.2014623723261328
-1.9730301041711575,-0.09374959186788523,-0.482592088491101,-1.2140860579017234,-0.3098999483634026,-2.206699524009636,-0.24367994544675575,-0.12443641821941132
-0.26248467456324587,-3.3894085036046193,-1.2701146344173901,0.0,-0.00541495342637166,0.0,-0.05934991126294076,-0.3338231832134051
-0.427908268194928,-0.15874106551802214,-0.26149918234817804,-1.203273796896494,-0.859279146921005,-0.9549458933296178,-0.4423338990098804,-0.9447811201046221
0.0,0.0,-0.8596784441269962,-0.056753130329521895,0.0,-0.49140018420184894,-0.11560707490938604,-1.878929760258707
-0.49046902515027213,-1.418382322318899,-0.797423399168073,-1.0255150716567245,-0.5874526340109796,-0.24354518610678788,-0.333948145945401,-0.8950084222004042
-0.6488371396515777,-0.6604881444677151,0.0,0.0,0.0,0.0,0.0,0.0
-0.17326167782989899,-1.3516864113506957,-0.4700416758111139,-1.1508681447770837,-1.3045689319565952,-0.01274431867937853,-0.5138802805351492,-0.4219354618532627
-0.04580237396731768,-0.2450318830069662,0.0,-0.9584450326193563,0.0,0.0,-1.068088402077235,-0.2665041760889393
-0.4635161243791792,-0.6006215745753867,-2.20239660388211,-0.17161369602153886,-0.688407164063503,-0.07185406082541235,-0.33247650595692946,-0.34784364088069974
0.0,-0.17275344079638977,-2.65295366425305,-0.40044579105338585,-0.9267756257022635,0.0,-0.3590179499539392,0.0
-0.128440508907123,-0.15669031257529564,-0.07341661078318396,-0.3354171745727976,-0.201888264379396,-0.5706776655860164,-3.121179836475884,-1.7645453477712154
0.0,0.0,-0.602135813640106,-0.4421571551138719,-0.1475000981424861,0.0,0.0,0.0
-0.9639716037505135,-1.9084091741527835,-0.3566372739931696,-0.6908804813087013,-0.1284965724012661,-1.931180498824613,-0.40292557601559764,-0.2705191087807455
-1.144176311230174,-0.1668437629730546,0.0,0.0,0.0,0.0,0.0,0.0
-1.4318474576955902,-0.26109989303322223,-0.046861416793793964,-1.1755969594629034,-0.5993768403841306,-1.933852424771553,-0.47121031202226504,-0.4294481889220192
-0.9024329523231565,0.0,-0.6038295173108361,0.0,0.0,-0.6952249780769284,-0.2759577722364899,0.0
-0.6360997419003693,-0.984619565247427,-0.9362050348627609,-1.0767277982502126,-0.8771390096424847,-0.16509776815698274,-0.39944869442563213,-1.702891427548062
-1.3395356839454404,0.0,0.0,0.0,-0.2268697408702396,-0.3124652144532787,-0.383553890174392,-0.16850430772428115
-1.3319564248722626,-0.22528755152678492,-0.30210957449393483,-2.347783062909083,-0.44795555398025844,-0.9638020966886156,-0.522960543757919,-0.30297125101556155
0.0,0.0,-0.813540581025288,0.0,0.0,0.0,-0.7173963024690826,0.0
-0.414007263734276,-0.5384268582799194,-0.04546198672244728,-1.721145262818049,-0.4202657362544837,-2.7890469317624103,-0.10250103916256137,-0.09091435778277024
-0.47564567388015977,-2.05146295971699,-0.2934179629598912,-0.12638822234368607,-2.3108264346378506,-0.538187309682673,-0.29056529096481487,0.0
-2.0118595311388336,-0.92962625538574,-0.18919724366317592,-0.7399874268061639,-0.9869091376885013,-0.3808479078342195,-1.1131183704683156,-0.6226921680092827
-3.1426192367687578,-1.038401655899496,-0.04343199725983471,0.0,-0.19183572575329855,-0.05966818726838774,-0.22958424655523046,-1.6225734405029577
-0.7735164539359936,-0.816816648550728,-0.23614881790037412,-1.1262762085920173,-1.19644720221613,-0.8143512518898612,-1.5246303400323304,-0.05918349851085125
-0.4233022891512519,-0.6724820494658212,-1.7365467964416208,0.0,-0.6055131551503381,-1.3161013498340983,-1.1038077447393153,0.0
-0.15711444809628272,-1.1683894213805965,-0.07387204777291423,-0.1684998859595659,-1.2171184656705467,-2.3190230581580904,-1.3921965537556193,-0.0618528093221169
-0.6214970338808614,0.0,0.0,-1.7269715634558818,-0.9437021756606399,-1.013602946423319,-0.1694101351669124,-1.5587608066199126
-0.6412357123724881,-1.4593968907231565,-0.06632791423432227,-0.6809896641914257,-0.1469176440995792,-0.5548849059403835,-0.07818625243098243,-1.004013489339581
0.0,0.0,-1.3786166230415082,-0.3239978208351575,-0.41127934247708,-0.9233956322205454,-0.8211999607921188,0.0
-0.9117518803713747,-0.5189364129712803,-1.2266713145094954,-0.1808954278170809,-0.9517744852045915,-0.4014381498192545,-0.4586081588438695,-1.477154837988735
0.0,-0.694739176340212,0.0,0.0,0.0,0.0,-0.8474684761762692,0.0
-1.5119886287541071,-0.450653441562503,-0.02643847092782181,-0.9000656943432412,-2.454532782247462,-0.605624097525074,-0.15580784201702347,-0.6945455870719988
0.0,0.0,0.0,-1.2228636745643051,-0.36545014706659806,0.0,0.0,-0.2777368363520445
-0.6634370112402834,-0.5491217437846032,-0.5805348622286859,-3.213327450572027,-0.041463929152936174,-0.21149780110365057,-0.5708112014541911,-0.10826413029812709
0.0,-0.052056771087972464,-1.2203086322669456,-0.32893084950005846,0.0,0.0,0.0,0.0
-1.1585865356130851,-3.194673008075414,-0.23957022297665098,-0.6896581114899503,-0.46272004574288417,-0.2617864148647193,-0.7063711531513341,-0.03877791226935834
-0.5951470519608408,-0.6966430629028002,0.0,-1.6419398688216846,-0.43451203328796506,-0.39008978085511625,0.0,0.0
-0.04222419000890554,-1.0455355412539715,-1.1012096961956335,-0.1523419545951361,-0.22756420951880063,-3.235362422444269,-0.6035497692540446,-0.024381600306783824
-0.07331226651762712,-0.919188067165412,0.0,0.0,-1.045429791164584,-3.2149294950029312,0.0,-0.4892995102207953
-0.10765586346156208,-0.8288325726491905,-1.125142966991917,-0.3393280212337304,-0.715963470530502,-0.11580737752837234,-2.6918764142350566,-0.18485442528067253
-1.028170967166635,0.0,-0.45502399859970843,-1.0050164596098012,0.0,-1.1880552011157297,-0.6278249813492156,-0.229472280117907
-1.6812657191208435,-1.831759796197601,-1.0597386306209389,-0.05679521456538961,-0.7450503669675781,-0.6524491839381552,-0.6013063485904855,-0.21338647394125232
0.0,0.0,0.0,0.0,-0.13055445639758734,-0.8169427834954854,0.0,0.0
-1.6047469255825177,-0.0025548727188047238,-0.3947538128004968,-0.6367519263497226,-0.9837554104851955,-0.6473354790680057,-1.830531655903247,-0.5672088267147526
-0.5219287448804515,-0.4823424383566959,0.0,-1.7317871151778634,0.0,-0.23357390266217504,-1.86624122183213,0.0
-1.8464013391026102,-0.40670485169345216,-0.13470454496513806,-0.3093584637247302,-0.030018787118584633,-0.6977074301532991,-1.0638406802834073,-1.954727911189801
-1.035612765716908,0.0,-0.6824175653659115,-0.2930192932105484,-3.2457662075009535,-0.5238402812799281,0.0,0.0
-0.32706445402935813,-1.057051582942199,-0.7793260137118656,-0.8639829323639763,-0.050639003380013925,-1.830630179995783,-0.04425246363239932,-1.7968444235372312
0.0,-1.126239238883029,-0.18551751251998283,-1.642260196421268,0.0,0.0,-0.10154988900413287,-0.06521990817213741
-0.04260627314981136,-1.9138273959741428,-0.1387604981545092,-1.6781741910723014,-0.06721514498190206,-0.06967369642704568,-0.794574956372875,-1.7992096084422977
-0.03209778422960152,0.0,0.0,-1.0503502249088976,-0.11958011762316723,-0.4235458107864867,0.0,0.0
-0.4298075230419123,-0.8917484735565164,-0.06685890820159646,-0.9430116740728787,-1.8489416004807095,-0.09540648106328309,-0.10470131231052626,-0.1960789133284191
0.0,0.0,-0.003041640005566393,-1.0353228170050324,0.0,0.0,0.0,-2.3368151455793686
-1.3304175125528488,-0.5388589199704157,-1.639080785504845,-0.12753873682204642,-0.8490384063985914,-0.2246307733823718,-0.7185312145687739,-1.2087044514850849
-2.9031717157819976,-1.4983603122022515,-0.6488580190864566,0.0,-0.2635388826435552,0.0,-0.4219247049645807,-0.6185240250921495
-1.1490869901516731,-0.3236841140719413,-0.7542279472202953,-0.7556363865206519,-0.030477333614784108,-1.348447510774939,-1.0806800640716716,-0.7585640669340137
-0.7452140214987164,0.0,-0.6296394348124368,-1.0379495518644992,0.0,0.0,-2.482193167625203,-0.3630824446074037
-1.8674965315081957,-0.7601110061721057,-0.82855704426904,-0.3519123193709408,-0.5204393995356469,-0.25463900606342804,-1.3223737285767303,-0.6106486531583268
0.0,0.0,-1.3962716923793295,-0.2266810524535856,0.0,-0.22408131137379428,0.0,0.0
-4.272468108678179,-0.035778347229872054,-0.05009589255555724,-0.7467431042852137,-0.00045105963533664806,-0.57039895766097,-1.0294258875108957,-0.1606012537955257
-0.965088274517159,0.0,0.0,-0.031709891869819984,-0.2998879727265251,-0.39618366332762545,-2.249292456898611,0.0
-0.1678721582627709,-3.867568201268388,-1.3563753190975074,-0.09745858133137109,-0.8871140147263779,-0.03413922009961645,-0.2795859430982981,-0.2844864760310797
-0.3471563176629058,-0.16310662650678243,0.0,-0.667338505778627,-0.38159166343336626,-1.2196193726389826,0.0,0.0
-0.5756537200041274,-2.569092647145613,-0.6662796664030868,-0.8000642153997335,-0.6283337127062225,-0.07022077737373689,-0.4026492741887644,-1.0983386536027586
-1.418970009122969,-1.349843196243464,0.0,-0.10888183504802917,-1.105347135619228,-0.3522774414995222,0.0,0.0
-0.39175982462996295,-0.8903824098731503,-1.4306973158985627,-0.345145894723788,-0.6376313813863774,-0.0997678381229008,-1.9759477969639025,-0.6542376848632792
-0.2675957057512832,0.0,-1.1514645522857698,0.0,0.0,-0.11422457025017696,0.0,-1.7575721544807381
-0.2088591531676256,-0.7626585100614705,-0.383794352751047,-1.2357068169445915,-0.07994282424648169,-0.7805323029611522,-1.462140319736588,-1.398635187426689
-0.8611305435736458,-0.4438917353008449,-0.4045667221162699,0.0,0.0,0.0,0.0,-0.1395268887540828
-1.5308542414533983,-0.314841645916732,-0.0835441923287581,-0.15850965259259642,-0.691493880684753,-2.9163599050797533,-0.2120205547085412,-0.7871174286875533
0.0,-0.7942138971222521,-0.2603884944413881,0.0,0.0,0.0,0.0,0.0
-1.4504482891315922,-0.48700904173547954,-0.3940258213394774,-0.3154331519305451,-2.3503166644344216,-0.018327281465855272,-0.5028444714603868,-0.9020008305789915
-1.228574427280079,-0.8365462507982855,-0.376781084666721,0.0,-2.158917893745186,0.0,0.0,-0.16338607367879465
-1.1166733621095677,-1.2450067468005308,-0.6480285004570643,-0.012252964527139198,-1.532029231766625,-0.27300150753286,-0.6833332440567261,-1.326177104923767
-0.030517521272368953,-0.1753591923717961,-0.4155640660574571,-0.4169547428944913,-2.6113450157184097,0.0,-1.3384999824225234,0.0
-0.7076288300180833,-0.8101121564122407,-1.047996069101301,-0.92703590946752,-0.12256773247042929,-1.1785258421357145,-0.6333099281927748,-1.2717524527403485
-0.35029359562009166,0.0,-1.104271094691926,0.0,0.0,0.0,0.0,0.0
-0.1299810929136438,-0.9502874726165516,-0.13874980431490513,-0.04128956486700375,-3.4956187769405496,-0.888130680144287,-0.7755584608050139,-0.39983310751129864
-0.19622427359774974,0.0,0.0,0.0,-0.19358027981822978,-1.1421875813628324,-0.674321074385559,-0.31708174695966385
-0.34300134488237255,-0.46504811967716986,-0.5922105951875754,-0.7288236033817643,-1.0189568483682336,-0.5275011714584945,-0.3932272750229817,-0.8159080269325916
-1.0151372372125156,-0.757708776357366,0.0,-1.0207101295607437,0.0,-0.9946610291415539,-1.5078239877209203,0.0
-3.0827226548600133,-0.23004856789250994,-0.4827109697178935,-0.7429896564410692,-0.6607571966304704,-0.08248765422059812,-0.8294682561756348,-0.06892888297450384
0.0,-0.6566852621762598,-0.8013645385612023,-0.4588578839794035,-0.42437958235815465,-0.29068359273332867,0.0,-1.0917550682841997
-1.7055441521708055,-1.7421093520537099,-0.412161340867617,-0.5095154123368948,-0.6868513185320584,-0.16742392802143335,-1.4656310177950296,-0.09922029291658152
-0.4278839602583018,0.0,-0.1386568611807908,0.0,-1.12832985760814,0.0,0.0,-1.5382345196028142
-0.07911501294833467,-0.20763287426285704,-2.6472189928255103,-1.8199604366527824,-0.1136578140794553,-0.8921761833923458,-0.49122159165810775,-0.10505332617138041
-1.3390524194896027,-0.8488416400586614,0.0,-2.640196107860473,-0.7771198610767183,0.0,0.0,-0.23381907481606667
-1.9422582343399517,-0.2670306273991141,-0.7115607720996371,-0.05320984278319685,-1.2782253779676287,-0.45564257109364625,-0.6661235031974124,-0.41438864788611696
0.0,-0.9890225243010375,-0.002623118689415449,0.0,0.0,0.0,-1.3318994972517908,-0.6737519278583743
-0.902568032578495,-0.7534188828188633,-0.4289385521423448,-0.27643951649237675,-0.3897906679795238,-0.45277407333810427,-1.3228118649693759,-0.7947063296462531
-0.014023783493726683,0.0,0.0,0.0,0.0,0.0,-0.038755799839524485,0.0
-1.2745058352680987,-1.0307710517425965,-0.16021750260181467,-0.28167860517105403,-0.07233190444181226,-1.5514922455323568,-1.5279238886027846,-1.055243721683568
-1.862347420451469,0.0,-0.03657688835410866,-0.3775802473859553,0.0,-0.5948311558005379,0.0,0.0
-0.4836114878019737,-1.002653797978506,-0.4107999906526061,-2.0683319908092708,-0.40171714959501426,-1.028789380285681,-0.7195932715828981,-0.8074291485040854
-1.2387560036056868,-0.14602314371609282,-1.036279258828368,-0.32585092458055254,0.0,0.0,0.0,0.0
-2.1870130844251614,-0.2619593452097497,-1.6165461385242637,-0.9166005885499855,-0.36920345718788994,-1.2872858507744693,-0.08066045808081412,-0.0053920871500237055
0.0,-0.7421959278848336,-0.8750787676332097,-0.9085419809375859,0.0,0.0,0.0,0.0
-0.22658298718698422,-0.4619276143428275,-1.0481376049580584,-1.0537202291862915,-2.4558632892698453,-0.48575735311897006,-0.6143477489169493,-0.30860993287271565
0.0,-0.013550606967475787,-1.964498305492075,0.0,0.0,0.0,0.0,-0.720189937200149
-1.6192920562434079,-0.20740074742101466,-0.6073932222145224,-1.2266058914652547,-0.3460917667808534,-0.007418348054176072,-0.022374797417951342,-0.947790658112174
0.0,-2.1094362570658687,-1.1625162250926335,0.0,0.0,0.0,-0.22368207289072206,0.0
-1.7683216238670143,-0.5265475190153293,-0.8331867206891266,-0.16162907205156252,-0.4011781987361891,-0.6567967752948478,-1.0017111704651072,-1.184969026253805
-0.7522284842915132,0.0,0.0,0.0,0.0,0.0,-0.6493072595765161,0.0
-1.7813348617846678,-0.47701578634166797,-0.3507882967973428,-0.6367119228490994,-0.02569529088758138,-0.43516576953750885,-0.6307118179156106,-1.4932740374267297
0.0,-0.7654009728858906,-0.7005604730241588,-2.8273107141705385,-0.30270435033248333,0.0,-0.20246197033424185,-0.42786526471540753
-2.425680057685912,-1.0642044936321762,-0.438593472810223,-0.5754820792326489,-0.2513685425214254,-0.5584089728941368,-0.313256412509868,-0.8480093934228439
-0.31785765120510856,-3.3306153417146804,0.0,0.0,-0.8236103754649937,0.0,0.0,0.0
-1.9805731290660251,-0.5187824176040046,-0.6224997318618595,-0.03839639682728446,-0.5114584741609836,-1.9723685723927247,-0.7928570319605353,-0.21079600561113843
-0.19998411786437753,-0.5930047652371773,0.0,-2.1543774866606302,-0.42291921809322375,0.0,-0.8250921971417355,-0.8041122675785495
-0.39798839311229717,-0.6358068956587521,-0.9957716428515138,-1.8879967051065503,-1.7466873276897692,-0.34089458580850707,-0.8629348188671448,-0.12465887592887093
-0.5135259040837967,0.0,-0.03907773821407634,0.0,-0.5443301326035215,-1.965997270918331,0.0,0.0
-0.720432978061754,-0.20009669095531724,-0.10634893162568915,-0.47818286092449735,-1.4236908030899,-1.9831366459988278,-0.8070237537570115,-0.9863289102039126
0.0,-0.24362079726822738,-1.419554458441758,-0.8067335537183853,0.0,-0.5199033991973465,0.0,-0.38081081131969086
-0.8186532815842407,-2.1206501406315468,-0.7278778259072007,-0.030552630915281043,-0.9577239392795365,-0.9495746258154423,-0.6329559412501906,-0.5154071630693764
0.0,0.0,-0.7229844394803724,-0.284616322138576,0.0,-0.6283044564733888,-0.09254356733949898,0.0
-1.6298167469937077,-0.10192274319823191,-0.7843978267088287,-1.0885067961348636,-0.3096600525384794,-0.2077242815657918,-0.45017634900736603,-1.0880026037533304
-0.44998371014758387,-1.7490156016944107,0.0,0.0,-0.15565284279415792,0.0,-0.1919106681276661,-2.6688398499718087
-1.6337013860981813,-0.7927632753561147,-0.3484848222327379,-1.46185740439849,-0.0009567803084449267,-1.2875506512228148,-0.10652900145973732,-0.12460080976202015
-0.5515910859732891,-2.9041287938832783,-0.20289469550594497,0.0,0.0,-1.175480631026569,-0.23737486625627469,-0.9181007726602113
-0.1499106227353515,-2.108545446274782,-0.23599284985670987,-0.6969690683480358,-0.49995741915894065,-0.709664708158102,-0.6211081668328511,-1.3665471646336576
-0.5564406324256517,0.0,-0.18222325164285458,-0.025810714137425528,0.0,-0.004759358581854833,0.0,0.0
-0.5484914444371896,-0.17487607086448875,-0.9931716162715176,-0.4797187766587028,-0.03981379809294516,-0.47930138054037386,-2.584655660467539,-0.20583754465784043
0.0,-2.997356624122668,-1.2047841174801794,-0.07372465528195704,0.0,0.0,-0.06121276010500587,-1.2097540932591615
-1.0408230481077583,-1.292591637049921,-0.4857128572857343,-0.4537748484269102,-0.21067467686150554,-1.0579827000319035,-1.779405593748387,-0.18430773246017118
0.0,0.0,0.0,0.0,0.0,-0.8814534813390456,-0.3052129143490019,0.0
-0.5924727770441471,-0.2718793054117974,-1.1147093337154743,-0.20211930384513188,-0.39209762476499055,-0.35403811496358006,-0.4182198220998288,-1.016556877942076
-1.2796078804415663,-0.5547859298750328,-0.5725778419692915,0.0,-1.3047004404503397,-0.043998894320022686,-0.7694062643991142,0.0
-1.8243270489800993,-0.1132709444170299,-0.07714138898580813,-1.5056964541488265,-0.9620242762129481,-0.1247598697920651,-0.9354157411480841,-0.520233248517191
-0.8307990468984041,0.0,-0.0006311240025613785,-0.887434894966133,-0.23896371165695918,-0.3013968573731898,0.0,-0.3745596813995391
-1.9925926676011647,-1.0815591024566462,-0.591295610149186,-0.30442378782683566,-0.2512788574538618,-1.8497354357044697,-0.2215572818007958,-0.1350435589367942
-0.29398753520645116,0.0,0.0,-0.5128371699233281,0.0,0.0,0.0,0.0
-1.9254752828732018,-2.408841360827682,-0.6739676546202746,-0.6018562950170354,-0.01078942568326724,-0.7781489659699368,-0.27147697425273876,-0.3262890152569984
-0.9959243794093897,0.0,-0.016142605483874917,-0.08644895251600904,-1.5633574383821136,-0.37782976815449043,0.0,-1.772962856639996
-0.2972295693747622,-0.14939062514478962,-1.8129598388782666,-0.25724390578909073,-0.8123528776204543,-1.2341738178563277,-0.8328942970748994,-1.2673503913258308
-0.36694481085217845,-1.9395083959591881,-0.04326004254730176,-0.3135777150388268,-0.5786272801694885,-0.7243898214801652,0.0,0.0
-0.013566415102406637,-0.8380200677286176,-0.017237314347157806,-2.083765378253502,-0.8625938061224927,-0.59946446871772,-0.17665199573549462,-0.07665755830052579
-1.1286921188035333,0.0,0.0,-0.721302199192837,-0.08931411161904546,-2.4145224625746478,-0.11432063584174745,0.0
-2.530250196222802,-0.41591665723426097,-1.5889808568478907,-0.7954055188526521,-0.48263660437569733,-0.030707125108596856,-0.560182128116752,-0.3683797793124697
-0.06724052145776582,0.0,0.0,0.0,-0.2919160511782284,-1.3619941584740127,-0.07486316895715195,0.0
-0.4707558526900044,-0.8594603130573049,-0.8402369094095086,-1.650675993947896,-0.3265194547656982,-0.4071163345071849,-1.9838701994710375,-0.2378421400534556
0.0,-0.8548058875554911,0.0,0.0,-0.6690629002486856,-0.25100571510712744,-0.574432344377592,-0.8887288456445024
-1.2032454195119016,-0.7575310880131303,-0.30340923374743234,-0.7974561011713668,-1.701330314969467,-0.2589376296518884,-0.29795416979294576,-1.511205740806128
0.0,0.0,-0.6139756494109871,0.0,0.0,-0.938675692884102,0.0,0.0
-1.0717299743015705,-0.847858259362642,-0.23647465300150206,-0.3288568259863833,-1.6991728987976975,-0.025399431029990538,-1.0743769807339927,-1.0649710739870972
0.0,0.0,0.0,0.0,0.0,0.0,-0.9909385089704656,-0.42967857359476014
-0.18935949886669068,-0.7320758499487825,-0.31464623536209313,-1.6878146827234843,-0.39288332489674893,-0.5359280761239633,-0.2008159590949372,-2.830254032328181
-0.9465609046967192,0.0,0.0,0.0,0.0,0.0,-0.5227666073357566,0.0
-0.39731740607215826,-1.7997193365593143,-0.7087232168560469,-0.28496286635518686,-0.4174499691119786,-0.8184672423455037,-0.09216806389115728,-2.292127930780448
-1.4478604501074663,-0.40062392967792526,-0.20345071942435933,-0.01723718465314672,0.0,-0.7294178251197803,-1.5053530198207117,0.0
-0.35405085702848105,-0.44163418483696404,-0.15141939339137167,-0.2845552535212086,-0.1637346917689717,-2.9267509890468153,-0.15678522488132973,-1.3528203769207199
0.0,-3.2087396295286523,-0.32618208907074653,0.0,-1.6116960087514833,-0.13811163426592277,-0.22810316246625906,-0.3094171855488108
-0.6224202599878748,-0.038327680607167736,-0.7664027688531743,-0.743850295636352,-1.7474362380426527,-0.5900941375906745,-0.6999837134354694,-1.7626407577689571
0.0,-1.166268648030357,-0.9036520272532487,-0.9444500128244622,-1.8018745411067183,-0.4639065755574965,-0.45341658449941313,-0.3855927520496607
-0.9394089554698484,-0.13761823443987264,-0.06136227351807477,-0.011061594334270453,-0.07278128410893014,-0.9930721106055005,-0.6331480686557072,-2.5876682584489767
-1.060542796897363,-0.3620893981284201,-0.49183031626317053,-0.2484324906391544,-2.438586057477507,-0.4199452204589287,0.0,-0.9149097479052486
-0.6764287707503538,-0.8324757985201305,-0.8056461749308825,-0.16726604937713407,-1.182175226526609,-0.7673661279762962,-1.8708524539098024,-0.3259789031083482
-0.11492360306671401,-3.3236192663803497,0.0,-1.6249808226019953,0.0,-0.30474801376374483,0.0,-0.2897571386756308
-0.2276786696907971,-0.16159270399016634,-1.9131361409048129,-0.6057672293238374,-0.12837473617062045,-0.37483078834152384,-0.39382344595615226,-1.6155112146438952
0.0,0.0,0.0,0.0,-0.47292093455971695,-1.1592549612566234,0.0,0.0
-0.35110683527008746,-0.002332454941273987,-0.2338376126050843,-0.4725985968179911,-1.564083215756936,-0.1654766052313228,-0.49766390054268683,-2.7231908842412347
0.0,-0.40090232927493386,-3.913917925150845,-0.11194677349824378,0.0,0.0,-0.4074331647126934,-0.26648091051788736
-2.7954671496624286,-0.18967454823510987,-1.4437067713204952,-0.23056774498327925,-1.6181921854198578,-0.3936186811791025,-0.01836022161962969,-0.2987383571963189
-0.0036000599032295355,0.0,-0.14868109884246472,0.0,0.0,-0.4752385604133931,0.0,-0.8027820167314967
-0.7711682626801855,-0.14297605357937293,-1.5378283833597006,-0.8458343502547283,-0.29903958738855785,-0.05161599547524798,-1.2175256938101375,-0.5809546360009685
-0.6742145691782699,-0.07297111614621343,0.0,-1.8556318207301414,-1.2085031333349008,0.0,-0.19519377540232252,0.0
-1.023094753747758,-1.2407987187438847,-0.36260549698465727,-0.23185527531049033,-0.22698795115666215,-0.7283736448445497,-0.272328953242301,-1.0229210176802095
0.0,0.0,0.0,0.0,-0.3956303594272379,-0.7961897413333592,-1.3626946677967515,-0.1687328650765707
-1.77165594453506,-0.10853340903088338,-0.007655212020452495,-0.10565533983573161,-0.15152549520725156,-0.6236682624097725,-1.4157537619168892,-2.103111988058455
-0.03591028623394621,0.0,0.0,-0.09866615199076367,0.0,-1.30441073499808,-0.507684328675162,0.0
-0.758628940527525,-1.7834146073364074,-2.5150969281505793,-0.5669779906294883,-0.3870544250022805,-0.7254844303887413,-0.14027016950208093,-0.027032998037488376
-0.5213474523652,-1.9152056455893245,0.0,-1.4316634014186276,0.0,-0.6804887715732946,-0.46570869880527344,0.0
-0.4359504921670796,-2.123772608150741,-0.41371108962459147,-0.03798255315619237,-0.6372317291274863,-1.4350084891861918,-0.4470413332236074,-0.011442335697337214
0.0,0.0,-0.48302625899044127,-0.0032156119169490793,-0.800848296117266,-1.598761262040954,0.0,0.0
-0.10475638524312458,-0.2823158840656772,-0.3626947351786187,-0.22438765422679818,-2.9230898331442674,-0.543304352116297,-1.6215565664982323,-0.14052505982633434
0.0,0.0,-1.6833568224949902,0.0,0.0,-0.08606943941690126,0.0,0.0
-0.47685215647395474,-0.363422080269296,-0.056860476956984485,-1.4556971564907801,-0.2450087945091486,-0.0733491459548743,-1.8954743347482266,-2.191273315835452
0.0,-0.2036765468930799,-0.4165540943323087,-1.0250790650280015,-2.6287688773186755,0.0,-1.3746228354290393,-0.5684417422500472
-0.08482968731840845,-0.09652140633364681,-2.626260264416752,-0.713948974136275,-0.44835832384401275,-0.5402961013100533,-0.59257571654231,-0.8909019219527448
0.0,-0.6279520817914204,0.0,-1.223238938866456,-0.2709194989622059,-1.4913116151188053,-0.6155345052138879,0.0
-1.036860515932231,-2.0342196254489098,-0.0989092119372712,-0.23001189113922127,-0.4622353905955219,-0.6439849971024785,-0.6830491237240919,-1.0875433354284203
-1.8766964639877353,0.0,0.0,-0.18408905420087152,0.0,0.0,0.0,-0.047424080945178027
-0.19493048740444507,-1.018127044870445,-1.8627436810754743,-0.44562108613649,-0.28010845602484213,-0.9878457401196412,-0.24198422558693178,-0.05576503931768784
0.0,0.0,-0.5865869674559381,0.0,0.0,-0.22923398168943887,0.0,-0.04213264775690462
-0.013020307396617525,-2.0076339378760224,-0.1771039130869685,-0.2581172307056834,-1.4596448990933704,-0.03456523980025761,-0.07826448521484508,-2.5500294722878944
0.0,0.0,0.0,0.0,0.0,-0.8158079311003821,0.0,-0.6892969249979348
-0.9915750307825899,-0.7526667306766184,-0.2418012271013632,-0.20920557075070345,-0.5368418859168358,-2.334613647549334,-0.8746905006421564,-0.622649284157812
-0.6647434049101237,-1.4206535658999737,-0.4487573784698018,-2.103578490339123,-1.7652943481707615,0.0,-0.1616930293490686,-0.04430646944560479
-0.7159910378381547,-0.9656159109782969,-0.6505372033210435,-2.5486952449307596,-0.7499686722065011,-0.4739701767829434,-0.21749920758839192,-0.5588204737962386
-0.024444802777597197,-0.1993572887687014,-0.8184856993589671,0.0,0.0,-0.2840159399359452,-0.91860211160399,-0.6946141987740333
-0.6069860649809913,-1.724868359625141,-0.587012619668549,-0.6504285315148275,-1.0179868320304628,-0.1404425249574297,-0.46668460043573035,-1.4576099656144246
-2.0933948777369054,-0.1097777380805276,-0.00905018199356089,0.0,-0.01902350029206268,-0.2755675441919916,0.0,-0.41187702025069495
-2.2142726978542075,-0.1232757504408708,-0.5165355109257659,-0.13900230686300752,-0.9904887719873647,-0.8145584366114198,-1.3405174002106035,-0.8067184854239837
-0.1041110644006773,0.0,-1.3311263413443761,0.0,-0.2736610544657534,-3.0971291229086897,-0.17889811548056223,-1.3028669636303691
-0.7882102252591867,-0.4075709406976289,-0.15372789241277118,-0.7066641223030192,-1.4638612130802091,-2.0656818928418508,-0.2987636054372498,-0.5114141729527457
0.0,-1.184833405225353,-0.6815316990610318,0.0,0.0,0.0,-0.4517424469345013,-1.352738252207006
-0.13277231129467815,-0.8065675190449637,-0.5482004158672122,-1.8034545391613541,-1.0041711046840174,-0.3747056992771949,-1.367268325585326,-0.39068471208737776
0.0,-0.08593518872539185,0.0,0.0,0.0,-0.32751828492561685,0.0,-1.5014064654196764
-1.7563715157305442,-0.06541231283696103,-0.5044089726055434,-1.2571059741879447,-2.046269462435089,-0.17212706786824672,-0.3647726744677309,-0.43749468274312076
-1.076570880457723,-1.2541070746638718,0.0,-1.2381838536530125,0.0,-0.1406402755205871,-0.40069438448225636,0.0
-0.07161661592402879,-0.5820776135332322,-0.9354664465167764,-0.19638768149895824,-0.933964457295624,-1.0895530474490656,-1.458516265334648,-1.1976706820963923
0.0,0.0,-0.2513686150872667,-0.538681318351979,0.0,-0.2532691333808863,0.0,0.0
-0.6655270516396445,-0.2212986654594955,-0.02822629283842737,-0.04703420060766472,-2.6936097692266303,-0.3554323192799753,-2.104990449677876,-0.10147592432543995
0.0,-2.0056289056110854,-0.03316652800108422,0.0,0.0,-0.6414722607333143,0.0,0.0
-0.25338700532998537,-1.3378472129595167,-0.016496284531203997,-1.1028486730461342,-0.03878129012336462,-0.32178005261451226,-1.905204152412705,-0.17745825787405156
-0.8686696763553394,-0.7927324941281109,-0.15758840844972966,-1.7980356100274761,-0.14831948891852775,0.0,-0.5559485149003409,0.0
-0.5272615017401243,-0.04171930608794039,-0.33381224681578914,-1.4825759882886285,-0.4996294402461814,-0.8032716653279026,-1.0788561523967788,-0.944725393861849
0.0,0.0,-0.2463811056417189,-1.5782519714746082,0.0,-1.2884726658975758,0.0,-0.7781792319089105
-0.3868567787972115,-0.10627914530716343,-0.43063979827501786,-1.3021916133154745,-0.662783456867504,-1.003476500596114,-0.7371156963222543,-0.9403192038966743
-0.1560230355363661,-0.35321964678079,0.0,-1.3941888563040692,-2.1332999351028956,0.0,0.0,0.0
-0.10514101575690127,-0.5216285170947348,-0.6886164269445239,-1.905074146817464,-2.0670513038363376,-0.4710854066719081,-0.47279340255773494,-0.35394421627284256
-0.8572835053898356,-1.0789299822586136,-0.6713200504300456,-0.13136124532766047,0.0,0.0,-1.119349056946973,-0.02595755997069027
-0.22282583682033597,-1.5756901333052546,-1.58551267637643,-1.2974257001598248,-0.2964432009801694,-0.4243688030312862,-0.7350501333549966,-0.6187601246713523
-0.9203145824906294,-0.38464921455224754,0.0,0.0,-0.10494616225027187,0.0,-0.7355156964504328,-0.9812906127895822
-0.12720838145378277,-1.3654468161676236,-0.4269999357519154,-0.8484305764561633,-0.14265328508229835,-0.9251177357201232,-0.3212906832903313,-1.5284493474664052
0.0,-0.9297905737956995,0.0,-2.239048375678271,0.0,0.0,-0.7053374733888047,0.0
-0.4300190521254432,-1.422085541606621,-0.2906371208540852,-1.786058374201673,-0.09242567432737925,-0.7455633600455123,-0.8362751010096119,-1.3907332371231238
-0.6676683219603312,-2.7094843409187988,-0.07497493340599615,-0.8594880333823536,-0.38634955248100145,-0.1061714361822208,-0.12917840951107262,0.0
-0.6786981165276842,-0.6795321616585088,-1.2701414036769272,-0.9596005293589753,-1.3493185679226123,-0.05234534835125082,-0.37368168798753487,-1.0585976153771384
-0.5434113132650751,0.0,0.0,-0.37992101422180724,0.0,0.0,0.0,0.0
-0.4425457257749361,-0.1531191774721199,-0.32100422105463444,-1.4910558004130534,-0.15718036168367,-1.1184022285225428,-1.6170984982976124,-1.1832373811308505
0.0,-0.967453607274595,0.0,-0.02505247733142557,0.0,0.0,0.0,0.0
-0.9175571725476654,-1.1202723438345483,-1.7232441962407403,-0.8287114057847127,-0.8114511028492224,-1.0984509202925725,-0.1964279774864819,-0.020455802879538965
-0.11622572564011069,0.0,-0.6122423677221214,0.0,0.0,-2.0681260223571014,-0.009624737506588765,-0.051745827504553255
-0.23001936301040082,-1.499143422781338,-0.422178054876313,-0.018899276080269978,-0.8918943860835284,-0.3028433236224686,-2.4632412499398075,-0.9850348403405187
-2.1168248749723055,-0.35294672691890394,-0.48547409105341455,-0.43383909396872955,-0.7773417841335881,0.0,-1.4179163859782085,0.0
-0.6530474526762884,-1.3259198941317258,-0.4959318164309172,-0.36288250116350973,-0.21613691459325146,-0.9159284395413838,-0.9883392110253517,-0.3778681526308594
-1.2036179472316153,0.0,-1.1511010715206345,0.0,-0.6500714867513375,-0.8643831629960399,-0.8023407068938315,-0.19825053550557126
-0.3219954962258047,-0.6358154223600421,-1.7143566116714801,-2.79753479237172,-0.22406433073168763,-0.4422875560218822,-0.6981050297219618,-0.10915402597601886
0.0,0.0,0.0,-0.757457567691846,-0.3667371187916082,0.0,0.0,-0.42191546270474944
-1.1454124806390844,-0.3096978083913484,-0.5145345471445752,-0.3617360127824867,-0.49989489665710973,-0.8732643193551919,-0.2672939632005198,-0.8306384308826784
0.0,0.0,-2.376981699053969,0.0,-0.5691118326099938,-0.0923611110089837,0.0,-0.24012407195267027
-0.8791993659497113,-1.1607090976184145,-0.5157663098327516,-0.6000241057747093,-0.9236952362288342,-0.1477396255372012,-0.7511902524577172,-0.5432756955320004
0.0,-1.4601805038978588,-0.2509592776252001,0.0,0.0,-0.14951141289997505,0.0,-1.5806631194934635
-0.24514813070795594,-4.342345340239499,-0.005477532156612064,-0.34934564021333525,-0.175614238038456,-0.4768343545132243,-0.5110888094876289,-0.18979079641829433
0.0,-0.9428644651629794,-0.025679689145924556,-2.22562088755995,-0.6512256668626994,-0.4662293672962319,0.0,-1.5010873073531625
-2.4842749852743626,-0.2210535842682395,-0.22826107248568483,-1.1215954156410763,-0.5227366092162953,-0.8174361232065861,-0.14970000204404244,-0.48492905116360685
-0.5559746043591147,-0.6653861522448832,-0.3958879244777158,-0.13273700787407794,0.0,-1.85385393508105,-0.2010806249385606,0.0
-1.491618851029986,-0.28742275525797556,-0.6391232564331615,-0.32254136426087854,-0.2301523187774901,-1.7746512447690428,-0.2546782803572585,-1.3979542899165693
0.0,0.0,0.0,-1.303560792547203,0.0,-0.3566607166481104,0.0,-1.136147263447885
-0.42901362923476416,-0.3869372898967347,-0.15277258248936487,-0.4913798569285692,-1.1921952419242094,-1.5421797992491388,-0.8507077314680416,-1.4199635377545814
0.0,0.0,0.0,0.0,-0.3972333183923116,0.0,-0.39552671366966763,-0.6949343545667794
-0.18626233534098002,-0.4650278729358126,-0.6651539085250571,-0.04962880151684512,-0.4466984073697686,-2.6713020768626983,-0.42519435254374827,-1.8445298411459783
-0.507487508473826,0.0,0.0,-1.8159372756045133,0.0,0.0,-1.6514645697659143,-0.5405337792461822
-0.3338570693846865,-0.3276000648416826,-0.7110556158881112,-0.9901473259321873,-0.12089461414307756,-0.3941951731767652,-1.392803909548591,-2.5738942541171186
0.0,-0.21153811303648506,-0.8517832449140759,0.0,-0.41488666915526906,0.0,0.0,-0.678268087917437
-1.4645730128654089,-0.8768150375792452,-0.22300228513204168,-0.1635968663414431,-0.4604690276394283,-0.49067616617133414,-2.221003763149115,-0.30548092787248393
0.0,0.0,-2.4417046713936985,-0.5003739493941559,0.0,0.0,0.0,0.0
-0.6212437329561675,-0.7449699979150353,-1.2300344537196777,-0.35989756851155086,-1.6709012208567655,-0.20841669061778845,-0.23756222535529403,-0.22589977886449297
-1.1225180278817746,-0.11818623026583008,0.0,0.0,-0.6073612438252018,-1.2877859495404733,-0.9016509624288647,-0.3909233718617813
-0.7296546839657747,-0.06244668964423905,-0.5529502416238419,-1.1866174717799467,-1.9317108141700867,-0.2690288809899197,-0.3957901009226399,-0.6629670398246308
-2.02062182780931,-0.4291540980204509,-0.14117362733004235,0.0,0.0,0.0,-2.851723892487085,-0.4981635543916898
-1.034309393037998,-1.0885817775040483,-0.0714113069543636,-0.04101481017231379,-1.2415925264190024,-0.06625045541357899,-1.476551625111175,-0.25480490649769116
-1.2257474917165663,-0.8190214764850117,-0.5410450795263824,-0.6706063052152427,0.0,0.0,0.0,-0.24734893988526796
-0.3839147651970034,-0.019668079255742654,-0.38355436065174153,-1.3127523233227985,-0.5143566681535843,-1.8992934832378623,-1.012269453235393,-0.7469471804186636
-0.9524623830695269,0.0,-0.8016965515786305,-0.683428319635464,-0.16629215434897127,-0.1924653156291578,0.0,-1.183041455104478
-0.4073625236478531,-0.1814114556374431,-1.3890749729784968,-0.9626492058575353,-0.16452138921744197,-0.20598345504038829,-1.3332562383013116,-0.26054336047915694
0.0,-0.09769921214642352,-0.6788906557447243,-0.00758526204898935,-2.174745117935684,0.0,-1.6897165520327988,-0.7753543466206336
-0.19494395995712566,-0.421235512202216,-0.6156204657807471,-2.1006112613279475,-0.7619766440289419,-0.5333264773646915,-1.3254304394095353,-0.969854831695601
0.0,-0.9409529801013639,0.0,0.0,0.0,0.0,-0.7335198490225006,0.0
-0.0004918275824667973,-0.04983193427517563,-1.25588204291018,-1.6905949166368544,-0.7994278878700634,-2.443136495998722,-0.071301507687763,-0.4043522653667475
0.0,-0.5081155260172618,-2.15384028269549,0.0,-0.694661771404097,0.0,0.0,-0.46539413975643207
-0.9839251127245552,-0.2140687981176992,-0.04901667443068192,-0.11564069965300394,-1.4096043336401847,-0.14267579331396618,-0.9841277534412907,-0.5015570997959218
-1.4013689699224008,0.0,0.0,-0.027795648399639106,-0.006290690146749434,0.0,0.0,0.0
-0.23181374380397735,-0.30683773768528866,-0.2646334763955078,-0.6805048179936977,-1.3459412144970102,-1.3263182326795668,-0.8475295612816494,-0.04007375744125419
0.0,-0.9172806750783815,-0.034710985995810795,0.0,0.0,-0.9995785419065726,0.0,-1.9500922997076264
-1.6860315549987375,-0.9887390391352122,-0.05307030015109593,-1.395553133889572,-0.7829171119364222,-0.3160158321211277,-0.10819000774617749,-0.7403512612006216
-1.4034219061831639,-2.6660556782637075,-0.1795906910438383,-0.3095283631402834,-0.04723303419918956,0.0,0.0,-0.35015467524085686
-3.7681937605809557,-1.7667724319217868,-0.025431656957541904,-0.8341989667439726,-0.39770605719858576,-0.12402454691207065,-0.022564908292038943,-0.007415542277853682
0.0,0.0,0.0,-0.07511364356913752,-0.5391614416617241,-1.7239165160730892,-1.2434716070827907,-1.410971509303434
-0.26362827226520924,-0.85269385257513,-0.29722158239636176,-1.130158455255362,-0.04624372670655763,-0.7264644135059264,-0.9786400173721042,-0.18487053496932937
-0.67190723978206,-1.230023116191715,-0.20179047984171383,-1.348979524947861,0.0,-2.6077700496336043,0.0,-0.2054274642364975
-0.4698593726529072,-1.744590891982206,-0.03249603562347225,-0.1718443849939275,-1.9313151256607162,-1.573092380828074,-0.0572586478756687,-0.4599134879210567
-0.3321331640867502,-0.026620164189449014,0.0,-0.929356228271466,-0.2419524243858664,-0.9560175285396557,-1.4639206967206242,0.0
-0.007492042883966654,-0.6818465877023634,-0.6764678766981822,-0.1885596993074632,-1.833144799959281,-0.16608165302977973,-2.4954064000906433,-0.7961149214279546
-2.739485470550931,-0.22729651110395288,0.0,-0.21808360766372648,-0.4375562882774213,0.0,0.0,0.0
-0.06326293746074363,-1.656634741913991,-0.7648394939598351,-0.46659699887976913,-0.38177788544795543,-1.0900750393010519,-1.2453778821930213,-0.2399016572260848
-0.3081883030212129,0.0,0.0,-1.2536454983688632,-0.516763516866928,-0.7127725865374526,0.0,-0.09605200514424084
-0.990372249682399,-0.18815654611995214,-1.8839372612353493,-2.317381506803219,-0.49294984328920144,-0.21904997143239413,-0.5648535952970217,-0.30615429856716414
0.0,-2.3765977538538534,0.0,0.0,-0.5973449739792258,0.0,-0.12874240548882732,0.0
-0.39040972662314655,-0.21394321155103224,-0.5149561197307673,-1.9118650754967694,-0.8222109428872031,-0.5256034307065214,-0.06181410579930091,-0.40523552481500946
0.0,0.0,0.0,-0.732998193350598,-0.2276167690745563,-0.4615974099624758,-0.5414181958307314,0.0
-0.10097434757291879,-1.735659570483194,-2.1496800582457967,-1.3643584740448986,-0.38457978254636593,-0.6089782224928078,-0.03107399987183257,-0.018047811234997546
-1.9934601478544272,-0.6814304123965318,-1.0494763099911317,-0.9249523688388042,-0.06216055519027197,0.0,-0.4227309172276623,-0.8187630088044111
-1.044316226775706,-0.9135064719465138,-1.1206942456272522,-0.7812271487097551,-0.03678509195219526,-0.7311941217920497,-0.13120230889724827,-1.0556879927311567
0.0,-0.457863391532058,-0.9621970651581053,-0.5635946795791646,-0.6074544198184721,-1.4224472377827144,0.0,-0.4435332643863674
-0.11002296820418422,-0.25554209305519304,-0.5853585734964488,-1.7583445413730887,-0.3506101949817202,-2.384718135186283,-0.12278699745937605,-0.6219231243440522
0.0,0.0,0.0,0.0,0.0,-1.034786370060698,-0.5747912010014185,-1.0200324310811055
-0.8285477312403398,-1.2169488937321482,-0.18301815868288518,-0.0561558179077597,-0.7610665043299232,-0.21744411202582903,-2.0616049625980306,-1.063677738398713
-0.4153643785099872,0.0,-0.594767050206161,-0.27939286233399585,-0.9793511709953115,0.0,-0.9203922464879106,-1.1709694801737651
-0.9308961753189671,-0.4266214200913989,-0.32135864805593606,-2.224656140379113,-0.2448548149889822,-0.08615499536414717,-0.1256803423113313,-1.3512627266426627
0.0,0.0,-0.1402646020611229,-1.6697275066301813,0.0,-0.8470255381594534,0.0,0.0
-0.3799350274391218,-0.3867222420892107,-0.834346976889198,-0.9981544202822112,-1.7708913582829444,-0.5959371010983423,-1.1480298846058146,-0.4851474164841685
-2.2945440048547043,0.0,0.0,0.0,-0.45024086023075416,0.0,0.0,0.0
-0.21238750842311305,-0.37450664760054053,-1.345145633377924,-1.5517037102836433,-0.013788085940581674,-0.8555750777852138,-0.6954629210436156,-1.4602684460920896
0.0,-0.5288298705904202,0.0,-1.3691769696420915,-0.4819730091351522,0.0,0.0,-1.1774652738446827
-0.3450562911319057,-1.3798488214293911,-0.19059052441973456,-0.7106015148701372,-1.2354115065368223,-0.3432954876088594,-0.008961193869573947,-1.6549993879385232
-1.2517133822539188,0.0,0.0,-0.582452291981248,0.0,0.0,0.0,-0.9988319239027641
-0.18263667485909796,-0.1722847548199269,-1.2151672005517042,-0.5393564513081879,-0.5603795228193347,-2.8584245656650307,-0.0497799074876335,-1.0037727898148665
-1.6130178538008337,-1.783820389479163,0.0,-0.19296799175392376,-0.09398096199726602,0.0,0.0,-0.8532205954540917
-0.04655981024399125,-0.5042489444867302,-0.938838595719786,-0.09675174195288783,-0.5256780277228419,-1.103150929193224,-0.208043261918748,-0.8703135622158094
0.0,0.0,0.0,-0.9011164747203404,0.0,0.0,0.0,-0.8265254940921096
-1.1730185114297882,-0.89246810739919,-0.5287261271484285,-0.731732663560356,-0.42334433048046627,-0.023528551446098334,-0.7172027763123134,-1.6467090904492823
-1.2264347186726612,0.0,0.0,-1.425864960546833,0.0,-0.21679882329974998,-0.36816369929955783,-0.09959944938834742
-2.0882073996656123,-0.26725190552842903,-0.17103589483870696,-0.507101695945896,-0.027662185484510715,-0.030563111429886547,-2.4735662505613423,-0.39379091571426805
0.0,-0.7850867526043288,-1.4343503638848585,-0.39332262804592766,-1.724322341865963,-0.8126562006048763,-0.13558088340397845,-0.45591784206950337
-1.0305682740938913,-0.6613608307800956,-2.0327539763779434,-0.6401944409369378,-0.04256577068270673,-0.9514568748794732,-0.49484035442084817,-0.6530847718064079
-0.2339504283087308,0.0,0.0,-1.873600177556754,-0.339870398467629,0.0,-0.635723124264036,0.0
-1.1037423882393371,-3.2076550556260788,-0.5595868499024261,-0.4497195020914724,-0.13332636330846892,-0.1649132298692848,-0.24454343205476814,-0.29855498309425776
0.0,-0.28235004200340175,0.0,0.0,0.0,-0.8075301588082873,-1.1343457043459262,-0.03794221132817732
-0.032933622091262826,-0.3377023771805385,-3.120457791040483,-0.12378517697143643,-0.42338773661385254,-0.19511665672385803,-1.4222953619543564,-0.7948982579991162
-0.012037234463719848,-1.0047954705618443,-1.211498951417882,-0.7918403627498618,-1.4988234356001868,-0.1568835348855817,-1.5717403100502416,0.0
-2.2797046416913203,-0.7919646287935507,-1.234221555649615,-0.014079239113170772,-0.024284469495742478,-0.8096451623325418,-0.21499081412581766,-1.5432122984082222
-0.4906681091117342,-0.45328220227995786,0.0,0.0,-2.3753181890581443,0.0,0.0,-0.05412164679253095
-0.34065236196452275,-0.3649785096790792,-1.0823527674409839,-0.09750656487310128,-3.2368164067513705,-0.3117396666936161,-0.2853329815575263,-1.1262165491423968
-0.7881198564893532,0.0,-1.2370032487044504,-0.1603138802325894,-0.26608198526459237,0.0,0.0,-2.700901458790038
-0.9767632086200351,-0.782946598063992,-2.505096234614202,-0.08206951785375782,-0.2878814446482618,-1.2197533196469212,-0.1780526261489781,-0.27775060092972303
0.0,0.0,-0.8405266198426284,-0.08807824613737658,-1.5442435532054013,-0.8165175519162382,-0.8950622959155456,-0.8291331588117066
-2.002131352426563,-0.8255510814105751,-0.09757151747822945,-1.036815355705512,-0.036237551164994386,-0.6438832293364563,-0.5563267097418487,-1.5586544451000766
-0.10004630622166744,-0.1544284137468228,0.0,0.0,-1.5365794325862403,-0.7161917766376478,-1.6368886898103723,-0.254103068590803
-0.4924696296923097,-1.054174159128972,-1.1775318202229368,-0.09765476918133231,-1.158739601635781,-0.11586317979864447,-0.028257051767869967,-0.4783799296910587
0.0,0.0,0.0,0.0,-0.5743970736383313,-0.6208613350723526,-0.03671324006064314,0.0
-0.1452854276624862,-0.08484954998687666,-0.5649353298392938,-1.62441566224979,-0.6016555360545777,-1.690553915744256,-1.075610467767497,-1.1967844431206887
-0.5893494960403967,0.0,0.0,-0.8308426587392113,0.0,-0.009461126374826101,0.0,-0.9471012690135181
-1.8999362530660289,-1.3815754551276695,-0.17011977640197884,-0.3858757376424915,-0.01894944004369492,-0.21065777516761575,-1.0474358241564534,-0.10100224233767907
-0.5590510876230201,-1.5405534179170006,0.0,0.0,-1.7456545385265283,-1.288784661308064,-0.19303093062995735,-0.10159163385350567
-0.6270746351612901,-0.732924645888211,-1.2894412062199967,-1.8057914802133057,-2.0033620781048738,-0.017520526307621687,-0.4817931759557412,-0.02539929748265113
-0.10042675501205078,-0.9956762788707358,-1.305209598788113,-0.7416602519735864,-0.03961980675861554,0.0,-0.39606076325139483,-1.6688804431084705
-0.9928630151379219,-0.31585486749415637,-0.13674123599809818,-0.058368053818147025,-0.10145433518420166,-0.5402603431105204,-2.458355353050809,-0.2170203487985667
-1.423752989252189,-1.1396148185487398,0.0,-0.0359975366685239,0.0,-0.09522953465598416,0.0,0.0
-0.43587808764401714,-0.46710836796937194,-1.9403423282987475,-0.3621454368026926,-0.5238091037786203,-0.17240633399615124,-0.01884301360890639,-1.7332067939657962
0.0,-2.254477345493764,-0.8430752904590326,-0.05810263559313178,0.0,0.0,0.0,0.0
-0.07429873880296167,-0.34276238869497266,-2.212945111494191,-1.716069677548747,-0.5676790125238789,-0.5650628621452052,-0.31836676896060556,-0.6215960732001964
-0.05241689156776985,0.0,-1.249856942988437,-0.5937806578126539,-0.2833462783087075,-0.03346275790854403,0.0,0.0
-0.08991244937640364,-0.5690481609040665,-0.5584099013368942,-0.485036245332382,-0.1759250377675805,-0.49016704080133966,-3.6905776083471196,-0.7152209849687594
0.0,-0.8475196836374383,0.0,-0.3204138456896475,0.0,0.0,0.0,-0.0015806828902107384
-0.025111944127880648,-0.3113249495061554,-0.6153847181200645,-1.2188141840538762,-2.083990465982528,-1.1810283721550725,-0.45066092330636387,-0.9039635362390648
0.0,0.0,-2.3889824080796345,0.0,-0.1545254540448795,-0.17233743018333403,-0.01640481327373422,0.0
-1.0783254323976914,-1.3682814302531696,-2.4765974219809213,-0.8317904590324794,-0.17184039990108868,-0.16612967240795218,-0.05025982843433319,-0.8008329969534076
-0.6138959874608858,-0.15995045911695271,0.0,-0.17630092165924527,-1.1083271783036164,-1.1289260578054288,-0.0365419139472829,-0.2446297857474935
-0.5630305680358703,-0.29868864652758553,-0.24434631037005694,-0.250495058986254,-1.8545046200290765,-1.910434885603875,-0.9985425999147308,-0.6967871586430254
0.0,-0.1386452382670358,-0.48349958548479144,-0.14037240036467402,-0.9138479566266717,-0.5745979965377996,-0.915380979836665,0.0
-0.1783012767244978,-0.5964547914923193,-0.7112118248687338,-1.2975993008591713,-0.8073688831457639,-0.8336096156930353,-1.381001997739114,-0.4386413442400574
0.0,0.0,0.0,-0.4990227350406622,0.0,-0.8348124029474189,0.0,-0.3284173221601696
-0.504599113955913,-0.011212928829612778,-0.3658576410801073,-0.7409641158734761,-0.6831598345109207,-1.0169629539454883,-0.0493924209796166,-0.5622964201227703
0.0,-0.5663977780016545,-0.4804164445360364,0.0,0.0,-1.4945971077678761,0.0,0.0
-0.06923607771279983,-0.4410219486862008,-0.7767891128775908,-0.8306200923392968,-0.5581747077510917,-0.208868801667907,-1.2023603021702636,-1.9164480803451713
-1.119903053083262,0.0,-0.3497356217629992,-1.1450525441975552,0.0,0.0,0.0,0.0
-0.26741880115634675,-0.027861070039971736,-0.9299992091861791,-0.8316443056090375,-0.0498812827206363,-0.8718357538035377,-1.1253237219129142,-1.7296139451685262
-0.65302203255618,-1.5353906790272909,0.0,0.0,0.0,0.0,0.0,0.0
-0.0480219177148653,-0.6089724023640608,-0.5455750384007301,-1.6205818306817061,-1.4066198322545533,-0.55118463597129,-1.91671229847603,-0.26359838002621494
-0.3954030209548467,-0.02946121102532473,-0.005427668860704671,-0.8062593584214506,-4.042182651914018,0.0,0.0,-0.4868667124066226
-0.5172574144679514,-0.17874510959877732,-0.9542833895495733,-0.023432674673568243,-0.9424070171399803,-0.18175552180093746,-0.04474005243549506,-2.727648183749718
-2.8728228782653487,-0.18357864580164396,-0.6720078036575377,-1.3408917875199,-0.5786554720496504,-0.04051770637207053,0.0,0.0
-1.339651199778829,-0.12292681727164556,-1.6088068297801907,-1.4794970026312892,-1.222160923553707,-0.26375003611763237,-0.37904855570331364,-0.0008797906184874194
-1.6350679189369233,-1.6151005618228078,-0.027108839751804226,-0.2609655497614849,0.0,-0.25067475864867106,-0.32045263806900426,-0.2697971748892565
-2.475040447354033,-0.04384142709724337,-0.504639188550084,-0.4054125824239021,-0.02632348370439619,-0.2640581118628065,-0.15994301466953775,-1.5585302240437793
-0.4966605364857184,0.0,0.0,-0.7574845866386335,0.0,-2.681252820256888,-0.16035193039695272,-0.9745892682904262
-0.7071378536546016,-0.9131137990849307,-0.2193628683255513,-0.12233417881175779,-0.8057821189592858,-3.1786819397484,-0.8265130460391372,-0.07965121005206122
-0.6462105384775674,0.0,0.0,0.0,-1.2212082485549436,-0.6059754937058583,-0.07511664903597026,-0.6493426998778347
-0.8875075726752346,-0.8933846221305286,-1.513196610456661,-0.07595225489405166,-0.22462786046773697,-1.352998703941168,-1.5157027961997942,-0.04532623558431137
0.0,0.0,-0.1652230450466572,-0.41131839487036537,0.0,0.0,0.0,-0.7650734946329507
-0.23486907473387308,-0.7047082768963513,-0.8543794078061637,-1.413660170698229,-0.14408268137835112,-0.946938163779226,-0.486459047154594,-0.6944533153488699
-1.2218736530004932,-0.556502266963065,-0.72537505362906,0.0,0.0,-1.144902287990556,-0.7976364814091195,-0.4629694671871052
-0.21885151015388615,-0.05238493509216635,-0.13506318072440315,-1.2488350274828592,-0.47358377356017023,-0.6675653778338342,-1.644828715242559,-1.979326890052418
-0.3926167945171901,-0.23338241599708187,0.0,-0.2750553011616166,-0.8511578031356386,0.0,0.0,0.0
-1.163477772040559,-1.6776189054816593,-0.0445935519095082,-0.11512355795774898,-0.3418075407575305,-0.1205890578378579,-0.3677761346817885,-2.1446369791538222
0.0,-0.1317063601994093,-0.42634827937863395,-0.8342382435162428,-1.138006265128353,-2.467088622548668,-0.30726059080592094,-0.06323230051295514
-0.45246947498799095,-1.1765806159329193,-0.033404582278196315,-1.0264870968427742,-2.12836947980489,-0.3159757517120152,-0.1881204379992818,-1.0851599443015818
0.0,-0.24661175353155507,0.0,-1.1185463921079002,-0.5399307384470982,0.0,0.0,0.0
-1.1914207480466272,-0.2915467879589384,-0.9072088753516621,-0.522877476662492,-0.08588149886363805,-3.1476283396955327,-0.2912655778998463,-0.2708979568079659
-0.44553616040008226,0.0,-0.3610868533966176,0.0,-0.6422137389588256,0.0,-0.045304716784306365,-0.9515287121412301
-0.5791505412840312,-0.570755309118649,-1.9513057605453676,-0.21003548462805455,-0.2827057737997478,-0.5038601748104865,-1.6169226908534426,-0.3701523088307397
0.0,-0.760671273575177,-0.6734851421656538,0.0,-0.06329525373576406,0.0,-2.1000437315674176,0.0
-0.10597480488430211,-0.5153213000923671,-1.3674252181100197,-1.882750347794535,-0.6732108867551521,-1.0428798846209562,-0.5060127182152607,-0.30342527913606165
0.0,-1.2893657549970854,0.0,-1.368641758054653,-0.2791822188123412,-0.4694455702754201,-0.7318777684123567,-1.1866750073685486
-0.27795460410181416,-0.030106042939639366,-1.4499916296449227,-0.2776347868486866,-0.15532699413101803,-2.1991069075252145,-0.4830968466695529,-0.6933737738441126
-0.31835883126334785,-0.8908229415111499,-0.7484399279596454,-0.4349206461980053,0.0,-0.3305096279607813,0.0,0.0
-0.2596395251939754,-0.6562719320190782,-0.010929638062195046,-2.2231195215100694,-0.7490371436440215,-0.10625473814872954,-0.868777516986615,-0.44273333523324787
-0.46808902998708746,0.0,0.0,0.0,0.0,-0.6351024720241494,0.0,0.0
-2.357033705666776,-0.3862376790727584,-0.01764638836578225,-0.27545980912157475,-0.7062673789686498,-0.8589386902651057,-0.9879492012295508,-1.2465762667563576
-0.2092862793793948,-1.435387246688948,0.0,-0.11442114637325229,-0.2600070090183815,-0.5347592954776443,-1.3614245216196288,-0.4755982276929105
-0.33380415074779624,-1.8272760196879512,-0.8167304947828029,-0.14448997950764397,-0.1130238984611962,-0.7873913180482637,-0.4455614861159898,-1.0682429962414002
0.0,-0.5238178322671603,0.0,-1.3173566629962519,0.0,0.0,-0.15399191415896496,0.0
-3.3030774602542547,-0.0842098877673374,-1.8190109560701728,-0.12093256324197643,-0.24586654029220512,-0.5271505756931791,-0.7662481457500032,-0.08485408971006425
-0.5941637708572758,-0.35049694759227457,-0.9531505940712552,0.0,-0.4523661207003311,0.0,-0.7786776978209593,-1.9498222917856012
-1.3089208528627783,-0.005743902857785699,-0.045975497999544146,-0.629065213697575,-0.367965221437073,-2.5810871483977937,-1.2624667992090002,-0.44305420564886244
0.0,0.0,0.0,0.0,-1.4367337002405591,-0.2652520838911876,-0.8316483841549189,0.0
-1.4119256190168858,-1.7568530220294267,-0.7508060899557636,-0.06435771209582253,-1.5599712012635312,-0.33418628938319195,-0.9155628496375892,-0.014098703951039404
-0.07680327792863917,-1.0752324720467827,0.0,0.0,0.0,-0.07752831769870294,-0.13027733560716737,0.0
-0.18821048056190115,-1.821380898078127,-0.6973255355749055,-0.03264605661374009,-0.4649787769830249,-1.6902538086528756,-0.014027608847112738,-1.365460728037128
0.0,0.0,0.0,0.0,0.0,-0.7244118176847376,-0.260157666376144,-2.6114231204494374
-0.06027043356253792,-1.0464796317431748,-0.1158462524023669,-1.4504019851227188,-1.2625626756512593,-0.4746646105424963,-0.9148561150743353,-1.471969172896607
0.0,0.0,-0.9584586320651391,-0.5296251081345824,-0.5648818748974387,-0.835141282571275,0.0,0.0
-0.08802686361474521,-0.07354677071402449,-1.7259341775483996,-0.609012576089528,-0.3988485135862714,-0.23758867210320123,-0.21101669895315212,-2.3960603229383537
-0.3109545023521161,-0.3261451168160363,0.0,0.0,0.0,0.0,0.0,-1.0006513263933465
-0.12786763602136197,-1.2319113770859946,-0.4204889916700978,-2.8108996646033786,-0.2788283164313876,-0.8070377082014772,-0.355439981059833,-0.8400591094288687
-1.09499160381033,-1.0492172997446207,-0.17642750556871345,0.0,-0.41230806621579674,-1.316410193953014,-0.31956855497107917,0.0
-0.2613266030984569,-1.6341791129699228,-2.4952559984191387,-0.06483853810026208,-0.2750688097006684,-0.20904733485357152,-0.2120054778428475,-1.4247308506764194
0.0,-0.6218701902460442,0.0,0.0,0.0,0.0,-0.5195821172739725,-0.16823580204540267
-0.4854548796669489,-0.09928910049337958,-0.1143327031979684,-0.026668331569656978,-0.6937448217214266,-1.7043398900892104,-1.0462234113171816,-2.726864951999217
-0.7134227054861126,0.0,0.0,-0.3648763322629378,-0.6531049140405196,-0.6536917961994195,-0.07351757685077676,0.0
-0.534296261227686,-0.05381037074285455,-0.4741402540832311,-0.7287374198268806,-1.490028111987339,-0.9806638785608977,-0.18977348718767306,-2.4425797468515276
0.0,0.0,-1.1007824782879734,0.0,0.0,0.0,-0.18035949670059992,-1.7516243952527395
-0.8908268825533225,-1.5538091039264623,-0.04233066911432193,-0.27064641523189437,-0.03243565089558853,-0.7933912144289446,-0.9699550309978004,-2.181234185362511
0.0,-1.2306572096273278,-0.20224840105144626,-0.4046764270234515,0.0,-0.8208462185677741,-1.9457307039076124,0.0
-0.252809918671951,-1.1570707532312845,-1.025865861552031,-0.4017527921624229,-1.8991409564664261,-0.20934170427379062,-0.6136676813217816,-0.9581419993110876
0.0,0.0,-1.4991187801006145,0.0,-0.659495336382717,-0.07405456540923616,-0.1728627436196195,0.0
-0.025735780670084196,-0.6992183361087001,-2.021337468132593,-0.45570309094488426,-2.1683612863960473,-0.47265515607485487,-0.12991483806976234,-0.42777846337345427
0.0,0.0,-0.7095994038183102,0.0,-0.15549987620743888,-1.3477672279371005,0.0,-0.9454770336709588
-0.41080332680470644,-0.39435784301309873,-0.49086511789928533,-3.6238949047875524,-0.44908288400819707,-0.1723535522458839,-0.06641755789945236,-1.2507736378868408
0.0,0.0,-0.4936870991171842,-1.0821298783382964,0.0,0.0,-0.24485027477618448,-0.027651548510105428
-0.23375757323164592,-0.7395791206297382,-0.09384668396423201,-0.39977333029650985,-1.9226499114966238,-0.3332449794583914,-0.06475380680244491,-0.8978833878285748
0.0,-0.0688510880376203,-0.6930062190747597,-2.104210991410837,-1.1563289171050526,0.0,-0.388160589105639,-0.13596068786730342
-0.26990536673459076,-0.253486414187055,-0.09361170578968636,-2.791566644484127,-0.9799323646949114,-0.001218618609905242,-1.121384058985183,-0.0270078446009947
-1.4476830850392615,0.0,-0.2395529885911012,-0.6056320305576026,0.0,-1.3240303315365196,-0.2823149668626046,-2.1468341316917883
-1.9546146335276458,-0.30861137610622436,-0.2952188342910862,-0.1647684522962818,-0.935516405724572,-0.23729003287976624,-1.6556481679438448,-0.6902641408261125
-1.1005190078859552,-0.4439547798535779,0.0,-1.347118531315381,-2.2973945569193317,0.0,-0.2709091181410699,-0.31152985960392066
-0.233410907399751,-3.822742473672947,-0.1897545295623697,-0.4787070570574432,-0.28212859729685924,-0.28281793868743055,-1.239287812194572,-0.41343944786307585
0.0,0.0,0.0,-1.144230462338963,0.0,-3.414294664960345,-0.5559478118993733,0.0
-1.6196881906012983,-0.46351461625573354,-0.22660373155523406,-0.6302680983697648,-0.097657613881867,-0.014257204080631247,-2.9638759888945065,-0.6472454999607287
-0.6931886507625347,-0.4564413399848819,-0.2771992534262395,0.0,-0.3541944435673168,0.0,-2.154698836884328,0.0
-0.0981490751726799,-0.6165704516734909,-0.4360581180785559,-0.345163383516466,-1.7775832233538758,-1.139615237538326,-0.6417995786458341,-1.1066592809433615
-0.0626366638729774,0.0,-0.18335954158385004,0.0,-1.4777724552481564,0.0,0.0,0.0
-0.12553085269073616,-2.752850272760771,-0.6941230045697644,-0.4689870856408058,-0.2780099504730762,-0.30031490080517464,-1.0494920351532162,-1.2682431876311249
0.0,0.0,0.0,-1.6069063248683086,0.0,0.0,0.0,-1.0167719363365393
-0.7661493292517898,-0.41013805681061566,-0.1194008770932884,-2.826139378722659,-0.2765164341331854,-0.10496863895397368,-1.4739721544048425,-0.34485408747418944
0.0,0.0,0.0,0.0,-2.6672049533331172,0.0,-0.39208356000496636,0.0
-0.41201098798514835,-1.3047613749114735,-0.6744656027882217,-0.0836519094779744,-0.7604555951147196,-0.024002985716284897,-2.482929393862239,-0.6993913489506358
0.0,-1.464304063783099,0.0,-0.3416127772640625,-0.7093055389296916,0.0,0.0,0.0
-0.4885320317902293,-0.07497164895699804,-2.001289713918534,-0.5106469829307168,-2.5348594086800436,-0.5025706821713811,-0.1306994453297925,-0.31016210185209303
-0.7015760676279461,0.0,-0.9691487496387667,-0.7080944976841446,-2.230928212654825,0.0,0.0,0.0
-0.009304588052565066,-0.21263624366832268,-1.4570544547593158,-0.27700432893669813,-2.2295338469646486,-0.3683277896598973,-0.6603474467687658,-1.3748759215417685
-1.0055079186210847,-0.25115776582348737,0.0,0.0,0.0,0.0,0.0,-1.1659976115444621
-0.295909151913877,-0.005268551098112972,-0.31336743554782487,-0.2838121445705255,-0.8178069839122868,-0.9131732003849198,-1.5414815542263147,-0.5427353812127693
-0.3831196361529239,-1.556796961266392,-0.8334835864513517,0.0,0.0,-0.37163639388848146,0.0,-1.4889373361082354
-0.2940188583210652,-1.8429788946654995,-2.0848131967409484,-0.10358526475609331,-1.3183914217740513,-0.008203547333804018,-0.5233452173699549,-0.7331835214395035
0.0,0.0,-0.05775108734509171,-0.6686413561132714,-2.26290877709745,-0.006549598573640125,0.0,-0.24251916573443832
-1.2778673882807956,-0.5096207516752642,-0.2002020673896734,-0.43499040914329523,-0.3065167249091809,-2.6537853980629613,-0.831841237472041,-0.78135710669339
-0.32528445996080446,-0.6008008671403466,-1.2974581180439362,0.0,0.0,-0.6268429229743173,-1.2509371463516565,0.0
-0.47638286105725847,-0.7398765564286514,-1.1059222052676612,-0.6914036352530317,-0.5614766344280797,-0.12520667172113775,-1.3159202053199097,-1.0741934377715516
0.0,-0.15961010681352228,-0.41231707126790873,-2.0537589909457132,-0.051194075672821526,-0.30956884628650716,-0.3565482520157328,-1.5522767044319776
-0.08053627436609467,-2.3999087139971422,-1.02485352596951,-0.2500454132120007,-0.8744913651921085,-0.5124003572396996,-0.0030487982985345496,-0.6775864699596026
-0.5239803578489619,-1.1323962229304234,0.0,0.0,0.0,0.0,0.0,0.0
-1.105033699688775,-0.07967611127496355,-0.15345526635332263,-1.1322608066658377,-2.9801014682853326,-0.30652007953022675,-0.5004018214205246,-0.5737936437267832
0.0,0.0,-0.25358104653197966,0.0,-1.2419058491420163,0.0,0.0,0.0
-1.5000641095565683,-0.5967407988622639,-1.5599832252367154,-0.3702787866737127,-1.1044591080196149,-0.14917430996428838,-0.37472754364747196,-1.0689280611954235
-0.27186035442629297,-0.9993186048290106,0.0,0.0,-0.8324318407416911,-0.8140090009982917,0.0,0.0
-0.6597836286224359,-0.1504720862745481,-1.7946042515143112,-0.11267887410624589,-1.3496240301669573,-1.0203414675817877,-1.139763379714882,-0.2744562038760261
-1.0019316338388746,-0.01330114991229081,-0.15587344677332204,-2.1309858491539826,-0.13826350424404854,0.0,0.0,-0.9614120740467378
-0.8121864617794987,-0.4150888400293917,-1.236924423196462,-2.940688871092356,-0.010531835747762841,-0.21978052729989983,-0.2432843841615444,-0.6293213432116627
0.0,0.0,-0.5673274655084892,0.0,-3.038234429806627,-1.1406881753072247,0.0,-0.02736283717464527
-2.0632868099480337,-0.18840513824288863,-0.0671622196572379,-2.4980232429376414,-0.1267022725805358,-0.010960516299405754,-0.3310493417151985,-0.48997326927591445
-0.3955963145736199,-0.6382628692276251,-0.4610798064123154,-0.14868848311722793,0.0,-0.022769141962347916,-1.8782326929276199,-0.02094290762514195
-0.7516914791424014,-0.43935135343226595,-0.8023153964791545,-2.9988098846583657,-0.18428993580817732,-0.8277801104238334,-0.5171872273792655,-0.10726661278785166
0.0,-1.8030387296377715,0.0,0.0,-0.1316371961140339,-0.9836772658559862,0.0,-0.9361434639186559
-0.15180513125354445,-0.025269912807445394,-0.06128890656210739,-2.2607596602560776,-0.14079863423511085,-0.7973237850084889,-1.6287080251931316,-1.3217054658094485
-0.19906029927919544,-3.35586868199605,-0.008309219420898906,-1.294686738627819,-0.24901645628936553,-0.3172908992871921,0.0,-1.2022097365657585
-2.5752612626966958,-0.034302513210542784,-0.33155081555346744,-0.26034863630902905,-0.7954808216197788,-0.6302961233627835,-1.3873724587230694,-0.6650814171052559
0.0,0.0,-0.3127213161400473,0.0,-0.06883045049553793,0.0,0.0,0.0
-1.585625825666086,-1.23099562591121,-1.390922388017251,-0.06977616696758027,-0.27782875963646614,-0.4574127636702565,-1.0035261951927863,-0.427339788348557
-0.42036057268879645,-0.4093026316652528,0.0,0.0,0.0,0.0,0.0,-0.9788764914014036
-0.43929192880153956,-0.7888639009375815,-1.7151466406328826,-0.2016531569715525,-1.0671645860835,-1.6358934306162993,-0.29162672780815946,-0.7718286680312287
0.0,-1.6284862504733715,-1.2076583034714234,0.0,-0.35427451154967304,0.0,-0.18866159184552345,-1.3492155891963034
-0.685919558804196,-0.08224618658199923,-0.41180520306829393,-0.8750774541937654,-1.847175656573894,-0.06115344849433679,-0.8843364577078869,-0.3066162182920884
-0.02563670145594621,-1.9638144548704313,0.0,0.0,0.0,0.0,0.0,0.0
-0.09877137925483037,-0.9434729732000999,-0.9500480900599113,-1.733849095240891,-0.1380068436180668,-0.15837322171579782,-0.8398568052174493,-0.4664020099611337
-0.2811668677883201,-2.237649398713109,0.0,-0.1499019655983993,0.0,-0.22139536741072252,-0.09662717201845528,0.0
-0.1061315690251643,-1.105215945139931,-0.16304666746171836,-0.006806667513801656,-1.7702934771719328,-0.7515039342963954,-1.9736784206376612,-0.4341721979118134
0.0,-0.11258109777227698,0.0,-0.34978430353822265,-3.3259991946431104,0.0,-0.23923821603436934,0.0
-0.5530017227089568,-1.4291120839744051,-0.8942230475523187,-0.3207536395043853,-2.0698924757059993,-0.17905226225814186,-0.49505882133546475,-0.33567736146721217
-0.773947542342456,-0.41860434708692473,-0.0865668484148916,0.0,-1.6274654736029088,0.0,-0.3709361645568734,-1.3478127252869756
-0.16521048995198306,-1.0635063502173043,-0.7306897748255512,-0.24726338680758975,-1.276028151789875,-1.7265681083379967,-0.3712004293686961,-0.16513530680926536
0.0,-0.2916275241601074,-0.2500156881667852,0.0,-0.4465247125911045,-1.6408953203133896,-0.9151525800092841,-0.23935468182159347
-0.542109892947118,-0.6456997839385572,-1.8240938090199172,-2.133751850700656,-0.3314603604518016,-1.0513279564646343,-0.26924107781665185,-0.09248013432319624
0.0,0.0,0.0,0.0,-1.3008475139883018,-0.34606137666683434,-0.28388564776326586,0.0
-0.1434010023183916,-0.7959749445045663,-1.7238925194848633,-1.2596610687569516,-0.09201834032364342,-0.19679987798460363,-2.1378088409156852,-0.00047388809563919665
-2.5832322402435155,-1.2839796484283879,-0.3748121762235943,0.0,-0.7223905210289194,-0.45261206563548306,-0.4245575474666383,0.0
-0.26307993111349237,-0.03921554651338166,-0.4163780284979195,-2.1543881684828046,-1.3166105636893768,-0.46346144759222696,-1.0674536580043652,-0.6393131135566543
-0.6222076302450894,0.0,-2.56694656503391,-0.06560785601027952,-0.05648875440990331,-0.9706786167501864,-0.9139425145519278,-0.6855021778140227
-0.5413417618934471,-0.5227769364221526,-0.34660057886835194,-0.4299858313774134,-0.6306953254950045,-1.3956970955550068,-1.922720339903595,-0.4847650765137237
0.0,-0.6676462016743834,0.0,0.0,0.0,0.0,-1.9669468501310536,-0.4838669229946797
-0.10498561494167102,-2.2228800278385945,-0.22402695717163645,-0.24553211099198347,-1.3635577305019844,-0.3189917340493258,-1.4501852534145554,-0.892092311629531
-0.2789747208776081,-0.2385968780138299,-0.2405300793350591,-0.407554520358298,-1.4080204650511305,0.0,0.0,0.0
-0.2687228211875565,-0.12576391004888965,-0.04700232215337863,-0.20814346433730702,-1.3512138126232847,-0.5382776236213305,-1.8309682198588613,-0.40856808755987295
-0.6489421459390305,0.0,-0.3649946735893641,-0.9612489219679876,-0.3245655927593729,-0.14717839406805222,0.0,-2.3177465751300286
-0.024360164930707917,-0.9423260898822701,-0.5445405381395041,-3.2993470792454476,-0.7613952530226289,-0.4849219465073329,-0.621390732576212,-0.05524069957766198
-0.26843647607038346,0.0,-1.0966090356576519,0.0,-0.014370075085904155,-2.1655166257455267,0.0,-0.2664426764658119
-0.06885205877108724,-1.6601586960485095,-0.9915397701327642,-1.5630779397039483,-1.0146240238157507,-0.7555000351282901,-0.05288871542711604,-0.329903483523319
-1.2867746963257787,-0.4094596031459403,-0.993499281479977,-0.7417600949098802,-0.7403114172482699,0.0,0.0,-1.9510135628640466
-0.4166705522366554,-0.6997888566296275,-1.3322055094701364,-0.5383404786542645,-1.6595598154375315,-0.3749889330206688,-0.870465866748158,-0.7690817335452094
-1.3125613828936462,0.0,-0.2749100670169664,-0.06792520364270871,0.0,0.0,0.0,0.0
-0.09669541647478308,-1.191473365963624,-1.3929124791504854,-0.8573490098447403,-0.5227267816778891,-0.2570171800674963,-0.14661833960857074,-0.964399136518808
-0.9630818028461787,0.0,0.0,-0.970616594539452,-0.0028866446652591193,0.0,0.0,-0.1896413300232016
-0.7139460649618581,-2.437591597913147,-0.04394778368697949,-0.30978235120499775,-1.4781554097287852,-0.025223423252269228,-0.14094849707189372,-1.3374899558019404
-1.7418282285617757,-0.2834453631817544,-0.27350095870394675,-0.35632416686568735,0.0,-0.0068266103750858065,0.0,0.0
-0.17703897672141977,-0.30274866022997937,-0.5717569869319927,-0.9554943757361389,-3.227918724348318,-0.5295383690244186,-0.022807804242110485,-0.8574690814670713
-1.000307873849314,-0.3610649509702206,-1.6514562199820269,0.0,-0.4248257752636988,-1.4472015039934902,-0.8273456853768648,0.0
-1.0134364877352953,-0.0342827611896066,-0.016346475055226684,-1.595927122346887,-2.7354056224890675,-0.2523338872603871,-0.8320931091055295,-0.18901141090105522
-0.3666758818664997,-0.19235778329001008,0.0,-2.525113914144046,-0.40912096724715585,-0.9515339969410581,0.0,-0.8581160061300936
-0.7122625898251949,-1.3970511097742664,-0.00557126984839762,-0.10128366876516814,-1.3100018459303762,-0.4973097527607315,-0.1350349607104775,-1.9509998666326478
0.0,-1.348503317035333,-1.471850799480766,-1.3829566455585995,-0.7402143927308904,0.0,-0.49182761091286054,-0.9692107782990407
-0.701563752751218,-1.2184641472255056,-0.6875558458842255,-0.7314717606462642,-0.3201574038339636,-0.42259365085471234,-0.7939135146385539,-0.24757517729089784
0.0,-2.453607316865826,0.0,-0.0328961231390581,-0.28444517260902913,-0.017702077237116143,-0.3020313961740051,-0.1960589673221822
-0.0017168398007587626,-0.035954040029349876,-0.2913897250786954,-3.3813842188243366,-0.05740229219231807,-0.12946742690900237,-2.047520643838345,-0.28560739090110054
0.0,0.0,-1.627569279954968,0.0,0.0,-0.5681684548010786,-0.08995359913352896,0.0
-0.17660512585694566,-0.6834535517001967,-0.07083003513187958,-0.6510547666022699,-0.34442054371492503,-1.5311149777576372,-1.2044273880332135,-0.3882573081969687
0.0,-2.325985023743285,-0.7394868868764322,-0.8646147508670401,0.0,-0.8618228943256057,-0.1535253419193241,-0.6422841776318453
-0.08218316832825145,-0.46991018160242426,-0.07818877478537267,-1.0737955062895823,-1.5374818878778873,-1.5315332914878548,-1.8470644075144786,-0.09280583885006255
-0.276977738786476,0.0,0.0,-0.18494027462148033,0.0,0.0,-0.16521983946338814,-2.9394281673389386
-0.01786690246941003,-0.19227424392238657,-2.1702233875703723,-2.2947041265714656,-0.015960182199459716,-0.2885388656064585,-0.09985382549409305,-0.9937223201025365
-1.0476749967325505,0.0,-0.5603392736737884,0.0,0.0,0.0,-1.1390339166526626,-0.4619144344354744
-1.392800155944924,-0.9146117865064083,-0.3430850941039081,-0.32561020119446127,-0.18137430716186564,-1.1131539520701592,-0.09365722598301396,-1.9767635036895008
-1.2091079703760812,-0.0895464054377495,0.0,-1.1402003206585452,-0.048608715752740395,-1.0199643901550202,-2.1793781691007315,0.0
-0.7606910722729001,-1.4279207686921431,-0.13649532647010432,-0.3525784462521955,-0.8580747753437397,-1.7705688838993678,-0.7347550540744265,-0.444536811382231
-1.151367669671619,-0.30610907767557194,0.0,-0.1353008562704172,0.0,-1.0975534667836957,-0.10483933177312466,0.0
-0.654189255872601,-0.7997135521260841,-0.4292647499308435,-2.319825501070717,-0.5344720801726313,-0.06740952152500146,-0.9939405585963161,-0.05143048098695324
0.0,0.0,-1.8138300295209158,0.0,0.0,0.0,-0.713831581054782,0.0
-0.04319005941690346,-1.4311123851345515,-0.09352792202425686,-1.2322628926963954,-0.6670252039175901,-1.9060271495003125,-0.028989909301763817,-1.34104792776162
-0.768705881927346,-0.4688121318253531,0.0,-0.5105029365177671,-1.1803094344789562,0.0,0.0,-1.021088250822178
-0.5923766259552847,-0.9677467039833179,-0.35648418661342074,-0.12172775749559062,-0.6713359073485154,-0.3419467242786691,-0.011993140698253413,-1.280309684667003
0.0,0.0,0.0,-0.5692531474905689,0.0,0.0,0.0,-1.926447219927275
-1.6060906423882475,-1.4147585000040328,-0.0785515675127515,-0.255225924704499,-0.2248292562056884,-0.643228154155639,-0.5157367367031647,-1.3045567320947464
-0.9291737921676209,0.0,-0.4206814456504073,-0.7190280265356641,0.0,-2.685592941025713,-0.5160938633953638,-0.4916230103814705
-0.8800807446341956,-1.126539433592348,-0.20149788748973307,-0.45552674321893516,-0.8661362493872531,-1.8608276553924652,-0.19674916137661036,-0.9988499127836032
0.0,0.0,-0.30361786284377423,-0.46535638617151065,0.0,0.0,-0.7033854928953707,-2.762502920787151
-2.3949142199435514,-1.0414831892769936,-0.34531708955480234,-0.2821235612800015,-0.07692505814986372,-0.804882156562897,-0.2480641888850892,-1.0123681955654629
0.0,-1.1497308918152243,0.0,-0.7832394346565392,0.0,0.0,0.0,0.0
-1.211099677551477,-0.33472954023903423,-1.2363189106468484,-0.040698724447771895,-1.4099788889335656,-0.2283198182731887,-0.49231715593879244,-0.752295791235869
-0.4312475448707458,-0.2644675441009108,-1.1982242144922512,0.0,-0.6472689644789487,0.0,-0.1561470856369951,0.0
-0.9508213861990722,-0.42745201070651984,-0.8183780315452598,-0.1395269518243758,-0.3970739567664321,-0.7701892407776345,-1.1838116426605803,-1.3721696028019919
0.0,-0.48011608646117754,0.0,-0.041164652340459185,-0.5790220104445245,-0.680715126980834,-1.0840873536193758,-0.6469304771326456
-1.1005811773830514,-0.7767715136942126,-1.9830362756103312,-0.43259214216318664,-0.1352560514499732,-0.09074664016178069,-0.9245146278505683,-1.2610522213257012
0.0,0.0,-0.9468215481921165,0.0,0.0,-0.044049256311152085,0.0,0.0
-0.055356644356400864,-0.610444434580673,-0.6661012820886292,-0.1456686521168855,-2.3606543929695594,-0.42603925868129267,-1.38223067227056,-1.2511458591839144
0.0,0.0,0.0,0.0,-0.3781393253362202,-0.7652834365343413,-0.32915507739039107,0.0
-0.047178925685804174,-0.23263801321689392,-0.3504975393326042,-1.5307664865122632,-1.7980369637055595,-0.46118278215958064,-0.6176781076875084,-1.7438208490095013
-0.33945093211228183,-0.7501533697600946,0.0,0.0,0.0,0.0,0.0,0.0
-0.3032641130156115,-1.3698951776425279,-0.7967341048901231,-0.09498949180073613,-0.14326021122268795,-0.5543125127246764,-0.8908423836917745,-0.2667196092512416
-1.306364621679406,0.0,-0.0521788988791414,-0.6802935530602854,0.0,0.0,0.0,0.0
-0.7268926388432515,-0.1709937359772029,-0.8929562094567434,-0.6158748238478511,-0.1917095585166484,-1.5922466321635689,-1.6857365988861508,-0.6028872389286013
-0.5906796018756602,-0.03417411402001225,-0.22221299468766365,-1.8699566049893122,0.0,0.0,0.0,-0.029992590301961997
-0.028588653814126452,-1.4356603177498926,-1.4080605546322387,-0.8232910102064785,-0.2836119164053885,-0.8227734821783868,-0.0008931814962052087,-1.306861210402145
0.0,-0.057697376120774635,-1.8459033635383406,-1.341483519058146,-0.055741778843058754,-0.032449719454262116,-0.5421176084581072,-2.2724357797396104
-1.8662419982304215,-0.7063899002955925,-0.11744085403759819,-0.37975473240125357,-0.4879059070879661,-0.9258298210248945,-0.0331271968163982,-1.0505774936595582
-0.482165860463307,0.0,-0.577009793892759,-0.683424279774397,-1.5954979528968973,-0.42917415453984376,0.0,0.0
-0.009610011458197398,-2.4938778862492477,-1.4693063167456604,-0.17313043082678625,-0.7448847743307798,-0.2674923731465153,-0.6872983633714949,-0.9847389689788351
-0.2562334633353167,0.0,0.0,-0.2012243990022684,-0.5736250628549335,-0.728955530946723,-0.31255003926921443,-0.6069991105139643
-1.24308062622364,-1.9404098379372954,-0.8656485048464582,-0.20758213354108346,-0.0936685971279898,-1.0078718970088554,-0.5514205236315899,-0.42923660578239
-0.12131517568209382,-0.14083423072960155,-1.2863774177378202,-2.0612712587675466,0.0,-0.39116584190846915,0.0,-0.5652279204278239
-0.501167763378775,-1.0991618248474282,-0.5119960678670035,-1.3009703502670487,-0.9322637833313738,-0.5380740075285511,-1.216978216813568,-0.6194659512073812
-0.8817984091626316,-0.1744916650321704,0.0,0.0,0.0,-0.21621434802091777,-1.4635226012651223,0.0
-1.5692494706549027,-0.7160222184206413,-0.05067365581476846,-1.864900841536297,-0.29592314113047635,-0.24793300749928537,-0.6840395344956232,-0.9115796731770454
0.0,-0.587808951611895,0.0,0.0,0.0,-0.29695500459235724,0.0,-1.115288698551824
-0.212259611179773,-0.8319958209108362,-0.6142901812171031,-1.7889988367011131,-0.5647612650538942,-0.3798042151177059,-1.4242324641335111,-0.06338670638511523
-0.8809494603851489,0.0,0.0,-0.729380374766782,-0.5179450376829529,0.0,0.0,0.0
-0.44372954743979154,-0.036710101943617346,-1.1604013960226078,-0.5491433334972617,-1.8405999259545105,-1.3056742872284142,-0.16834851863735079,-0.7863935471811736
0.0,-2.2065682391951285,0.0,0.0,0.0,-0.11921426279656355,0.0,0.0
-1.2238834777071776,-0.02571993472392453,-2.301934258020153,-2.3803186490457815,-0.36684090171012773,-0.2742597791051766,-0.21811183530582046,-0.20254779521399513
-1.2516831254000707,0.0,-0.27414401117813547,0.0,0.0,-2.2574393676760476,0.0,0.0
-1.1553487565096265,-0.29094404014158126,-0.029048893470557502,-2.365304388000813,-0.8940658065071565,-1.6992944702742037,-0.39728635517528854,-0.1507196502747563
-0.6416115018506767,-0.024398156963143514,0.0,-1.3123676767444223,0.0,-0.5009952044367632,0.0,-0.4641310875078837
-1.446987597309958,-0.17930710518525217,-1.138581241519205,-1.5807076322380968,-0.5237204879935362,-0.10753631957771681,-0.43913685338399056,-0.14103655776516533
-0.29002169209602613,-0.055297309618337565,0.0,0.0,-0.6341756889195818,0.0,-0.5748942515898117,0.0
-0.14747066506673967,-0.8022807746007956,-1.49329408551551,-0.2937290431930073,-1.1410854605907836,-0.05135343412812343,-0.7728630817160038,-2.1387306709720955
-0.3125013966094281,0.0,-0.5638853377091477,0.0,-0.11959204313433247,-0.6948728246388596,-0.9663239152089487,-1.116476676131403
-0.045113029094984824,-0.31050183530885445,-0.6376346005343398,-1.0582467839004979,-1.8975807484129126,-1.5025497099235343,-0.8076234007932275,-0.5803951599519772
-0.06476434971666833,0.0,-0.19542749829419037,-0.23105007413565026,-1.3028853098572508,0.0,-1.7686753852256185,0.0
-0.11683014296756689,-2.2017492631195115,-1.0673556742107895,-0.5063375571460487,-0.37167915120407535,-2.043602377241716,-0.3349724764125197,-0.26011819501131495
-1.7552462475592137,0.0,-0.3935447026679064,-0.6142330478726024,0.0,-1.0777178342320193,0.0,-0.6166693521948234
-0.37607400790489454,-3.02404134468319,-0.1660507678690344,-0.043296638052922276,-0.6227373033449792,-0.2881284330769578,-0.7504618623124841,-0.3205515510707482
0.0,-0.08716693481505278,0.0,0.0,0.0,-0.44487339808890347,-1.02124415955746,-1.2524125023067372
-0.39948485535488665,-0.06673836321389803,-1.9749275659019103,-1.883678992684013,-1.146860503172629,-0.3408314103056229,-0.9915006585790138,-0.18603891714922494
0.0,0.0,-0.45114709940298603,0.0,0.0,0.0,-0.010599450213403472,0.0
-1.2241687935221286,-0.879038679896043,-0.9996092720467917,-0.47304612127468904,-0.70111755856475,-1.2642982238227942,-0.503781450513598,-0.7263800676834773
0.0,-0.34610020270215536,0.0,0.0,-1.6832025459581939,-0.7236963996244539,-0.8819008918278737,0.0
-0.023293893171448588,-0.11669006046626151,-1.4088749172873731,-0.6373254337514584,-1.741651951233938,-1.8186988857621325,-0.03665794073648598,-0.17924992309278132
-0.5184956979365767,-1.2783104503209577,0.0,0.0,-0.6742780981074059,0.0,-0.11754610994594739,-0.2916669046813549
-0.14492685811828032,-0.23813856108484543,-0.017953648378860265,-0.5879661125480133,-1.5777869656265855,-1.7194136313796733,-0.48770202883185476,-1.3781795878553291
0.0,-2.642200960762832,-0.4674078491422966,0.0,-2.272745143550427,0.0,-0.18904916883809797,0.0
-2.7901353348071503,-0.3917466205882114,-1.5989620919660839,-0.3387455127833672,-0.6585356992227691,-0.20208693171019565,-0.33466808606131515,-0.6575430964264717
-1.4523928859736674,0.0,0.0,-0.019990576614386413,0.0,-0.2506832997299355,-0.4658990929357927,-1.1803725489764778
-0.9046890070228422,-0.41864362412587486,-0.9825362865547458,-0.2677519326129669,-0.10728345811535966,-0.964789831279127,-2.820215071451588,-0.40646980908706265
0.0,-0.2508424087335852,0.0,-0.8308084391995134,-0.30368483585815564,0.0,-0.46757993746759396,-0.3619528035330051
-0.5795477101956985,-0.9328512690858499,-1.0208699989078234,-1.0506357588806976,-0.8099228923962922,-0.5405031122211987,-0.8411087876154353,-0.9353863321434659
0.0,-0.013902963327943496,-0.004473864568685038,0.0,-1.3182427376231418,-0.6794617274169603,0.0,0.0
-1.4371657778217823,-0.1291715792392898,-0.004071499095739561,-0.053632058096557245,-0.43646211945383495,-0.6197794776059515,-2.164903212542285,-0.789263851099788
-1.6691007253350163,-0.27196912998830935,0.0,-0.07205910891730305,0.0,0.0,-0.26162390901810184,-1.2132963063428832
-1.6869738874931404,-0.1591282172932651,-0.03647461757167392,-0.8473568251533159,-0.12578270608980002,-0.8603237167394768,-0.8717849367133255,-1.4953449554557467
0.0,0.0,-0.5862580582116355,-0.5528604029837219,0.0,-2.4688013215357403,-1.6076151925281463,-0.21292786118032136
-0.6112191788859356,-1.1051175768499135,-0.540571879698887,-1.1710229745198433,-0.2763857522704374,-0.2045955584989425,-0.7657742215303172,-0.27237506419231394
0.0,0.0,0.0,0.0,0.0,-0.3525837819632489,-0.743483817235731,0.0
-0.04217969356643625,-1.7315067469319336,-1.569505964880352,-0.3861432485158698,-1.1568999542118874,-0.4811148256131865,-0.14294782106660797,-1.1283702567506477
-0.3931659636503966,-0.6555290653759238,-0.4581304771537491,0.0,-0.016050448068820167,0.0,-0.5105171850084629,-1.2923739820431352
-0.766567512914234,-1.4179895552061703,-0.048728496751483164,-0.4075384573997196,-0.13897766436350256,-1.0227279974933143,-0.7868534543015215,-0.5149612900500689
-0.14047395535540552,-1.2128842749462487,0.0,0.0,-1.390108965031061,0.0,-0.02391953671053315,-1.7550772324949824
-0.1858919839017874,-1.7403238800940715,-1.9140089462237668,-1.0081060746065065,-0.06408762373541599,-0.37433280112026956,-0.45683462458506874,-0.8849807377081387
-0.2919371472435577,-0.5748475314012609,0.0,0.0,0.0,-0.5327347344849676,0.0,0.0
-1.383661108309803,-0.7488935290212968,-0.7049904481347369,-1.7215267183897778,-0.9843232856246811,-0.35985092785828954,-0.31843847513308265,-0.7215322256733305
0.0,0.0,-0.23684627422993998,0.0,-0.3143361357026313,-0.8641802658902424,-0.2688112263557212,0.0
-1.671156186091233,-0.6890330607871924,-0.7914689227964757,-0.052002169740068105,-1.6865733308360245,-0.25413875503703043,-0.296213625138936,-0.2816678424946675
0.0,-1.9550818106890127,-0.8486043040742324,-0.3123235993833626,0.0,-1.0791497346719492,-0.1578316604018415,-0.2660395311172037
-0.1585972525026964,-1.7753364889276746,-1.2393863346376914,-1.1100886536244277,-0.44701832872587133,-0.35815141489487257,-0.13674441914866264,-0.22964143121908354
-0.204870783546232,0.0,-2.07292209754441,-1.0265298254739905,-1.6668600468114345,-0.6898929467492652,-0.7570099897623406,-0.09759966959513999
-0.07250081281187892,-1.6781194100561176,-0.8602774668825601,-1.4495224667474753,-0.567409423209229,-0.093706020161755,-0.8933678550337518,-1.090071116487204
-0.10237680059506715,-0.28311804174550836,0.0,0.0,-0.23934399545079366,0.0,-3.115992691868665,-0.47556100517778077
-0.3614506074263515,-0.3738550164339678,-0.04909200344712872,-0.37573299907439583,-0.05368085526718591,-0.2867068694771788,-0.0594630759327357,-1.6628454939347028
0.0,0.0,-1.4201241904063933,-0.5051575611330952,0.0,0.0,-1.5032782406138798,0.0
-1.0424592074812695,-0.09459132732230113,-0.11726427331271605,-2.072456244075524,-0.9781605339753181,-0.8578023978583609,-1.228285522175936,-0.27141771363627676
0.0,-0.4121834098405319,0.0,-1.3318730629470457,-0.13238385389460294,0.0,-0.029168256739087184,-0.2832582933785437
-0.20080993717575257,-1.248291614084784,-1.6846590497325407,-0.42719775464898113,-0.8970421929848325,-1.0543313922536015,-0.009789839228058206,-0.14265503604755914
0.0,0.0,0.0,-0.03440103932846039,0.0,0.0,-1.3640134183859765,-0.6673048418935092
-0.3445451292243442,-0.1795660950726461,-0.8597358747042687,-0.06556337150051395,-0.08646994416277298,-2.7890241085988725,-0.1579005838727756,-1.2419240794015334
0.0,-0.11874944173436575,0.0,-0.029092487951672297,0.0,-0.5133643437331736,-1.920228357618666,-0.28662533019740977
-0.41879136889319124,-1.1744610132478526,-0.5296466004545337,-1.747504910921946,-1.11460268079691,-0.33744365989195124,-0.27632130019361334,-0.3800815473109891
-0.35674843604373585,-0.562597077313101,0.0,-0.6852455942504863,-0.8894683783590791,-0.16710445898903448,-1.4103439300647507,0.0
-0.32214833511988417,-1.2660152236387878,-0.13621017635065158,-0.6910488781459208,-0.43442605926253997,-1.3817797217910393,-2.299053924097926,-0.3745886776169467
-0.46581166800271756,-1.8638062146390286,0.0,-1.0483067600252545,-1.3284607686037937,-0.04530324639820549,0.0,-0.27336026858243656
-0.6084657855684306,-2.3950918937696297,-0.2477368225265737,-1.2634056809287095,-0.5931486647271056,-0.0042932244699214195,-0.15656969265092346,-0.011412676772888375
-0.776328561251705,0.0,-0.1943960411314487,-0.6065945636090904,0.0,-0.7915494817320727,-0.7739032669588282,-1.1079407437987108
-0.12995634398485656,-1.1186816288633157,-0.07445176396240072,-1.0035064633370352,-0.20171419374285993,-2.899910190223089,-0.05959274454207808,-0.5882694411359548
0.0,0.0,-1.0288496083468877,0.0,0.0,-0.4208100297273596,0.0,0.0
-0.6010961379274038,-0.39975414722862457,-1.0378910187206563,-0.8408465187065612,-1.7933502599428612,-0.2995021744937283,-1.4952833668291001,-0.07131259494838105
-0.6230051029386408,-1.419658187238647,-1.2324930868004493,0.0,-1.77858762793044,-0.2808011579515428,-0.07809662931850259,-0.09304917790823897
-0.015651688841707312,-0.8624321559505592,-1.425396749864082,-0.4462133183641708,-0.39892641943031926,-0.581832031222671,-2.4134123361119677,-0.2923686425075811
-1.0059793545992433,-0.5324032477375162,0.0,0.0,-0.6726270752562113,-0.19801748084262627,-3.070835168848588,-0.29330048036355905
-1.9430897422706677,-0.4705769677424705,-0.12898208194188499,-0.3531727638979989,-0.69251993227169,-0.337126128205786,-0.6449535470008954,-1.3404819881000778
0.0,-1.0573263603798457,-0.047604948093924904,0.0,-0.12603895123345765,-2.440180019899448,0.0,-0.12403868034833287
-0.31015838341123736,-0.19914148396558318,-0.03180074472891903,-1.5622454954614122,-1.1307781083292454,-2.3464124827305337,-0.4031981082182101,-0.3429200231856333
0.0,-0.9941215023198797,-1.0034991640549604,0.0,-0.6689234898828165,0.0,-0.21529147268211357,-0.19101149023456276
-0.1601040673770946,-1.4607762891052989,-0.06154737804338506,-1.6733008815888182,-0.12621187861106797,-2.6540091465220117,-0.27270688459996606,-0.004697286503830611
0.0,0.0,-0.143785526576524,0.0,-0.42496796403881376,-0.37843334148550234,-1.823412913787303,0.0
-0.4384098911417711,-0.059280701169658556,-1.4228334078813853,-1.4922015258043757,-1.0682759586374884,-0.5554050943870532,-1.290541120941831,-0.3081723694710128
-0.6099998330799075,0.0,0.0,0.0,-1.4273027984959823,-1.5026039706717178,-0.971607208588817,0.0
-0.4747817019447904,-0.7094642607311235,-1.425320109285721,-1.8843295664590185,-0.3624384255221198,-0.3686115223481483,-0.6103521894509862,-0.23775984568160435
-0.25375059940056754,-0.8533306778228056,-1.986824877434631,-0.03312639581068666,-0.19630337582612256,-0.9806838145338643,0.0,0.0
-1.3177601592755295,-0.7388799162980266,-0.4999810693026294,-2.1918680681663867,-1.378951255643079,-0.05069009100452426,-0.5572894359023852,-0.09939357388509773
0.0,-1.7718192561539299,-0.5860251359581534,-0.19029957387166174,-0.5274148693905127,-0.4863428660622029,-1.0013754536982997,-0.8457614516466814
-0.3036034586100911,-0.44745743514777647,-1.113653861193436,-0.9945816180655562,-0.8438821155658562,-0.7745088856197597,-0.08753291645756178,-2.209844054602204
-0.018667820463412532,0.0,0.0,0.0,0.0,-0.1929557141429168,-0.16271057216201612,-1.2884016230352833
-1.76215040010179,-0.7215461829246861,-0.06088518115284547,-0.9449360550671635,-0.9354991987583112,-0.8060387021046242,-0.8880884529637232,-0.5160316401134244
0.0,0.0,0.0,0.0,0.0,-0.6533438613717957,-3.0905114334260375,-1.2571151135857095
-1.0122026337131942,-1.947453718196594,-0.21283510704952668,-1.550368382291511,-0.3819650771094407,-0.4805613065606469,-0.5745013742934386,-0.22286525679556046
-1.7124148758054112,0.0,-0.014420731173563794,0.0,-0.23967112626991316,0.0,0.0,-0.3659620854658261
-0.21169854221465734,-1.308751080116049,-0.2523900198961311,-0.0238696554310609,-1.1850972481885789,-0.577863827819848,-0.061203872506407464,-2.4168734098846416
0.0,-2.1075659683999044,0.0,-1.466590379626159,-0.41516753530176675,-1.5650777396024438,0.0,-0.007783498769867059
-1.0670762461130963,-1.264613355452032,-0.19384490151105638,-0.0843029241478277,-1.157795826126506,-0.7036014303281206,-2.163366844187985,-0.16425558515173222
-0.20756406786939063,0.0,-0.22878084305684698,-3.24192810970837,-0.04785871999354363,-0.012084646297582324,0.0,-0.419378316469464
-0.20804889019378514,-0.38122628948020854,-0.400062438704369,-0.12012238484165128,-0.05272444135969678,-3.0337240515192594,-1.1156640826370898,-1.0462133565343361
0.0,0.0,0.0,0.0,0.0,-1.9017781157896652,-0.051994087565082836,0.0
-0.6595361283112524,-1.2444742140500953,-0.9646578096722811,-1.804567874873113,-0.4892645308865564,-0.20953508193646186,-0.14448454659213272,-1.2353664662222847
0.0,0.0,0.0,-1.6024138425911696,0.0,-1.7096943466259846,0.0,0.0
-0.7801623612169983,-0.35972129008157516,-0.9095669071380108,-0.2687391618003945,-0.11746041109294314,-2.5050880997326708,-0.5653954689069529,-0.03422104149365701
0.0,-0.5268210039919339,0.0,0.0,-0.36329651818313646,-0.23383638139969332,-1.6807382974543694,0.0
-0.7544540204501065,-0.2952689224173035,-0.9712685926202074,-1.823306722030372,-1.0273376455854164,-0.3354341799291767,-0.8475125468093543,-0.3251854173055069
-3.2397475820459567,-0.33051189570146633,-0.568205457613562,-0.119278129025429,-0.06279056961622231,-0.8976697367307516,0.0,0.0
-1.7651847836544787,-1.7450818000545532,-0.3728658794624282,-0.3617213476850525,-0.48677145818858136,-0.5532944679685095,-1.0958593599112119,-0.1278313631519481
-0.3763635307622497,0.0,0.0,0.0,0.0,-0.5503190859758513,-0.2444293245581486,-0.8799505452028393
-0.3112122263586583,-0.24486909323841743,-0.24287181310589112,-2.8089563402342383,-1.6763855779399375,-0.8830790010877312,-0.14131717438992286,-0.5341358732247858
-0.867842259698155,-1.9431618971976459,-0.2618280732523113,-1.5207260631544877,-0.5188155090278412,-0.115595767351655,0.0,-0.5397377682852449
-1.070630729200345,-0.8501103817403193,-0.37505759501967795,-1.8163258454558298,-1.0738318071146482,-0.16973600128398747,-0.2503235324293023,-0.19679433116562617
0.0,-0.06564868259694556,0.0,0.0,0.0,0.0,-2.2495354145397632,0.0
-1.5778036364942576,-0.4373778481560242,-0.08299712405759152,-1.7510081229774421,-0.36678411117924004,-0.995088509090543,-0.8725519681252027,-0.19642524226781433
-0.29011816090569553,0.0,-0.8173869444909752,-0.29556313436971315,0.0,0.0,0.0,0.0
-0.23742356468037418,-0.12209910411604064,-1.3197724982437329,-0.7436688398279854,-0.6497458389191868,-0.0018195258741879883,-0.4413016335383384,-2.7690767874305884
0.0,-1.595256003956952,-0.8938553090155326,-0.32491564767902315,0.0,-1.841708664109472,-0.14129378515047986,-0.2790584478588167
-0.5523323988591926,-0.19556165843459272,-2.0703015079161737,-0.30274314431581484,-0.030266043662779296,-0.2703947154512578,-2.8535773534633924,-0.6480766966229314
0.0,0.0,-0.7418432427366053,0.0,0.0,0.0,0.0,-1.787280617718662
-0.3278695174145483,-2.2556041322673455,-1.722843478712904,-0.5202245672887988,-0.20202378561119616,-0.17245443446135855,-0.038606491013940314,-1.165183876774008
-1.607819844759205,-1.4241468687471697,0.0,-0.8282551036665993,-0.10143944477107159,-0.999991300691824,0.0,-0.3648179561201088
-0.5547717650135846,-0.4513144406325793,-1.2825868918439705,-0.40740024547260933,-2.1475351189315255,-1.1344717591726816,-0.18370719624182197,-0.18419769608339287
-0.7393350911187548,0.0,-1.3309188989066785,0.0,0.0,0.0,0.0,0.0
-1.1456320038836143,-1.3687527481614747,-0.14153713400942358,-1.5851782178327127,-0.046265731091039264,-0.03374493267512513,-2.1322637924961843,-0.4063004183677066
-0.3297602964221058,-0.9929328900555685,0.0,-4.590281397659721,0.0,-0.18327674103340375,0.0,0.0
-0.08383683456005553,-0.0873246148546647,-0.853215800818508,-0.07200757200134333,-0.825490407833966,-2.261693914419701,-1.9576211611411845,-0.16733802875313675
-0.27032998792879326,0.0,-0.7464441187960498,0.0,-1.0710937310267523,-0.5043424517620076,-0.014591851760778596,-0.7222438642425475
-0.9024197407771908,-0.3778469929803592,-1.681559187977225,-0.5706843424911776,-1.5907474603764324,-0.5023885831248176,-0.5450882411021221,-0.14223063664040758
0.0,-0.43929069017237854,-0.935954334755098,-1.0268809653013626,0.0,0.0,-0.08204383956532624,0.0
-0.19963064931605867,-1.1512154032234045,-0.029075203767494173,-0.23771285260507113,-0.06316807876233366,-0.496969961788305,-3.5925843310226924,-0.7682749880961861
-2.329333068815018,0.0,0.0,0.0,-0.142847434614489,0.0,0.0,-0.4373237683302822
-0.1510855932302988,-1.4651571303800175,-1.7690906442585552,-1.0418880585169248,-0.6199062060946456,-0.2445498757370288,-0.09363222479696631,-0.592283176403237
0.0,0.0,-1.7855805881985995,-1.5226347645126381,0.0,0.0,-0.3251784811045626,-0.8018981164376608
-1.4523677273502136,-0.1102049673746901,-1.3942620296761925,-0.2275077598215729,-0.2417119912607184,-0.6861932423680015,-1.0139466643046005,-0.1717883976948098
-0.2173986271945143,-0.5187873356141335,0.0,0.0,0.0,0.0,0.0,-0.2559019643594649
-0.11893208572283598,-0.15775031459423694,-0.04005709723664985,-0.7115502552425719,-2.497919376355642,-2.9164500619287663,-0.1950501713762396,-0.21254037398866465
0.0,0.0,-0.424932230181688,-1.6143759132118607,-0.6868841832544099,0.0,0.0,-0.510910421621424
-0.6514406783075213,-2.6037393496002963,-0.6107997491737551,-1.074211200049807,-0.12338075562509498,-0.3077212393510038,-0.5543030825967721,-0.4783022212396979
-0.15753007891489634,-0.3614888929686453,-1.71181848067266,-0.06741806580204646,-2.1072979893592807,-0.5901913807870205,0.0,-0.18358302124631543
-0.009688608185392411,-0.748892622764795,-0.48162130402768977,-2.5666684197226832,-1.165276876436704,-0.07794448022030132,-0.6017167934213621,-0.3528027861122185
0.0,-2.250189933414533,-0.47596756841137466,-0.2877442790685736,-0.3124700782578147,0.0,-0.6037460912945578,0.0
-0.30874169484385305,-0.11308227208819321,-0.8450772105493991,-0.12695461440411293,-0.5169716316448154,-3.2876453078030985,-0.4792245224226539,-1.094503111822215
-2.0977457787344616,-0.323849991321028,0.0,0.0,-0.24717153115256973,0.0,-0.05598492826263257,0.0
-0.8535160715210335,-1.5219614766680465,-0.08558825563034222,-0.9457707704360683,-0.34521278138943234,-0.9980553426155581,-1.4714944951320517,-0.5663479905288948
-0.4131222507910923,0.0,0.0,-0.31621076576924434,-0.21806521522985278,-0.9136279577269484,-1.451682474319898,0.0
-0.43537229991903637,-1.0017619310778842,-0.057435350663023854,-1.1982106013848899,-0.8632628489196756,-0.1751084215204246,-1.0908339733358625,-1.2027686457733608
-0.6440267143037488,0.0,-0.44438807984740336,-0.9588215001513438,-0.4955942775369646,-1.1051150238065048,-1.2271176655885387,-0.06252715131521303
-0.04711321393851353,-1.1694291269193275,-0.18440161635096075,-0.12302214225302421,-0.29371175579569275,-1.4762930617869756,-0.49928343737674563,-1.762687282250731
0.0,-0.3025316064914927,0.0,0.0,0.0,0.0,-0.5578824975264807,0.0
-0.6215330849177381,-0.26994867137864453,-0.7423952117160191,-0.29433646015850723,-1.1208570136795144,-0.06865244397766812,-1.9715147982589816,-0.42220607704259994
0.0,-0.6546453788303701,-0.30783803391353626,0.0,-1.002963634295357,-1.3219057020389693,0.0,0.0
-0.8029040383450257,-0.12352249918406066,-1.4612099389857454,-0.1380923341155711,-0.5560071683238492,-2.2825190691910606,-1.1022000761597202,-0.30126387247544795
0.0,-2.8477309393530357,-0.011207187552115805,0.0,0.0,-0.11119636066954453,-0.1934553861211734,0.0
-1.3601851726780794,-0.9565458600950567,-0.8974755668335002,-2.0285363523839237,-0.4963034648824145,-0.966869276679641,-0.006951668789605847,-0.04536361201625905
0.0,0.0,0.0,-1.9569029279664099,-0.022768810781853333,-0.2433857444383749,-1.8643196716666939,-0.8667736955834036
-0.4911401634968646,-0.6887929244644475,-0.3931428536129502,-0.5746480642874552,-1.0505420707095272,-0.009335993214501848,-0.29425735003322195,-0.7912566523267808
-0.12579506743011226,0.0,0.0,-3.165245683607027,-0.2691137380706454,0.0,-0.09868081040500254,0.0
-0.9061736125326902,-0.43852490972781233,-0.7351712700909525,-1.103922932391792,-1.6135949773889946,-0.918426003027732,-0.4990144363305795,-0.07450098960993579
0.0,-0.6841696076310537,0.0,0.0,0.0,-1.812092839873218,-0.33943126664338763,-0.22314917001822732
-1.5935455586220515,-0.39758196135696,-1.507355906856807,-0.4713209156872491,-0.9022294803981428,-0.9793994509941442,-0.6491426281294688,-0.15567891651972676
0.0,0.0,-2.5016872302319655,-0.188827858179347,-0.284907188150088,-0.4037179948601448,-0.10458354655204172,-1.8422023136323462
-0.9062826108456861,-0.16016929376631062,-0.20589416681399797,-0.594711237057119,-2.6344239346230545,-0.5512937113540977,-0.568412085488549,-0.14905884671962077
0.0,0.0,0.0,-0.30929242168098803,-1.1197136898383508,0.0,-0.610458058201691,-0.10337119425940244
-0.30315181514982825,-0.6528542793137913,-0.051859909178653574,-0.059355837152646806,-0.15200143298416524,-3.907139601464676,-1.5211181347499068,-0.20714087729797992
-0.14861608896988088,0.0,-1.2748925599708576,-0.5517117613948086,0.0,-0.7471773002855366,0.0,-2.5315854153088395
-0.6838512706612612,-0.6863581541403132,-1.6852991847154941,-0.24912846901504704,-0.49110364183371313,-1.4506453992057509,-1.523934984604847,-0.005579898706586484
-0.9963492104498686,0.0,0.0,-0.44032862971218645,-0.531505202647014,-0.608331639062655,0.0,-0.02122292422266181
-0.48839732618117715,-0.053655019435180584,-0.2813130005736557,-3.0404545124720945,-0.18700888276701022,-0.545058760955822,-0.9014979331116608,-0.8565700267478489
0.0,-1.4191303085208666,0.0,-1.4019471634989529,-0.30576719559365806,0.0,0.0,-1.2572642496050994
-3.1303589582178493,-2.176450593091574,-0.33565177940813395,-0.09124818015484415,-0.3412739508368787,-0.053488561002971835,-0.44305436668552556,-0.3417877888243428
-0.2718544148344435,-2.024088706965654,0.0,-0.18417494505378063,-0.8997899482455347,0.0,-2.1428551252197474,0.0
-0.6137068808525221,-0.4148781937476427,-0.07387581316416636,-1.171176946231502,-1.2213295676026528,-0.12049782719664126,-2.4075683449426872,-0.06716492957020659
0.0,0.0,-0.3722026849138418,-1.4851485422131478,0.0,-0.4549405893197136,0.0,0.0
-0.04076366720818303,-1.2582742771037454,-0.539990491173012,-1.7532088055049924,-1.0627723433903205,-0.0557172493520115,-0.20294224242682368,-1.7950335153079031
-0.16284237152078873,-0.731374496204376,-1.0178049244718963,0.0,-0.3243451326109765,-0.798631300989201,0.0,0.0
-1.4707266352393162,-1.034098264134438,-0.07266973976977464,-0.15128508847355793,-0.009225699999638515,-1.668387874429162,-0.15476444428816372,-1.37871468362788
0.0,0.0,0.0,0.0,0.0,-0.07151800932913233,-1.3599460620212618,0.0
-1.6729866570509184,-1.2561866689702228,-0.8273303455038903,-0.8088385879456164,-1.884092957444941,-0.2153692889611074,-0.15703996811152088,-0.12537665535981368
-0.25522881409295195,-0.8772275061084827,0.0,-1.1701619545424098,0.0,-0.035541099130404596,0.0,0.0
-1.3578163010005415,-0.38395112035787626,-2.4041183993428623,-0.13409989699261793,-0.5026373422953352,-0.23155626300442655,-0.3104824770280654,-1.267686903645548
-0.6619414743949523,-0.057519322314522725,-1.148871392924347,-0.7291015317390137,-0.005216125501034341,0.0,0.0,-0.20683030246019918
-0.12480296395306745,-0.947150095152141,-0.4320458057618737,-2.3826925776552494,-1.157177631059545,-0.05374419963867272,-0.9049632096391562,-0.823626876444246
0.0,-1.2817314007659775,-0.016207554973672877,-0.3933968105903958,-0.4252997232820892,0.0,-0.7557082338223378,-2.345895640720573
-1.7003935723598138,-0.8186655903747742,-1.5722997163445198,-0.11158904348886978,-0.18603970808418868,-0.60126769288315,-0.3228125330770899,-1.5076802698715603
0.0,-2.3699368944410635,0.0,0.0,-0.7318542608902714,0.0,0.0,0.0
-0.04336874636543975,-0.1630458533859125,-0.01010835358112594,-4.384841899435893,-0.023387531481526835,-1.1355511505085323,-0.04595582457977976,-0.007233140562908247
-0.7157976648105118,0.0,-1.5887703942561755,-1.6729194815756188,0.0,0.0,-0.08138571601092348,0.0
-0.06196893976443718,-0.37158672277195404,-1.3315941366488735,-0.4708889017051838,-0.7385253636560352,-0.9209257421853128,-2.993288537716934,-0.08677983963676184
-0.040081219500041065,0.0,-1.9209250163059792,0.0,0.0,-0.8444409201388376,0.0,0.0
-1.7657502884978182,-0.1758213328849152,-0.6719570813725069,-2.0795565176767976,-0.14706686970766025,-0.09964273209908825,-0.6474255524730888,-0.7991111029703069
0.0,-1.8141811011672315,-0.5028915892336094,-0.6750241935177312,-1.2269473312716404,0.0,0.0,0.0
-0.06202376579037061,-2.2926667311044255,-0.09358919657454301,-0.848646321375643,-0.562566449231408,-0.3242010686398702,-2.3863673648617203,-0.2596255727175327
-0.22582461619304617,-2.0701965582564705,-0.6483357483841061,0.0,0.0,0.0,0.0,-0.6308040934320394
-0.5320484249656214,-0.5640042084033041,-0.4301774557874998,-0.7274869253480052,-0.4060230657739865,-0.2406043849741284,-2.264578358721961,-0.9383396078445774
0.0,0.0,0.0,0.0,0.0,0.0,-1.2183765149908492,-0.2863863386980814
-0.6430800681584463,-0.38722897952345736,-1.1373773611515663,-1.9706150248647551,-0.15859078836700213,-0.21967045498737292,-0.5513009075904378,-0.9752854050258577
-1.5113765620606658,0.0,-0.27516429620157457,0.0,0.0,-0.48234085772222546,0.0,0.0
-0.039870649964563576,-0.004217081157860569,-2.3809689300412478,-0.07484560091013304,-2.351663097831363,-0.10377853036563423,-0.8113149328519915,-0.7992972454306431
-0.46037741148160194,-2.982289210864984,-0.4095489253930076,-0.4607568284758683,-0.2145881918291579,-0.9840107906280249,0.0,0.0
-0.7674362259917267,-1.7699794339059745,-0.08551904847955605,-0.7828666581734041,-2.066057159898551,-0.13810987070690217,-0.1388898821275628,-1.130500783145166
-0.38262207788157454,-2.7789392574755247,-0.6374515319862342,0.0,-0.8383756449488153,-0.6708392172823681,-0.06527361358659789,0.0
-0.5927795370695259,-0.3999820635118745,-1.9374194102687525,-0.1106545841662614,-1.662074253390812,-0.4770290692560222,-0.22349459545955153,-0.15472635176014293
-0.29750327056409276,-0.8295808954334367,0.0,-0.4182952078386952,-0.7109021943597504,0.0,0.0,0.0
-0.3582887698973014,-0.3930823047766774,-3.1822667560417974,-0.4872677217764174,-0.48278899070922954,-0.3928511702874715,-0.012929083776306527,-1.5405544360197654
-0.3480611027257954,-1.0643688940222944,0.0,-0.5682696041572655,0.0,0.0,0.0,0.0
-0.6501782232104851,-3.505658451561154,-1.3523594546438744,-0.1972082126622121,-0.05104497861177926,-0.09681680248461522,-0.5139650162738114,-0.33632328355543617
0.0,-1.47843057615054,-0.5655942345860687,-0.2137287615045116,0.0,0.0,-1.2546585762372064,0.0
-0.2288647116662137,-0.5180186883946298,-0.3781225787586342,-1.236225590018324,-1.0945957333808716,-0.5610404627078918,-0.5210062617228131,-0.9749818292527799
0.0,-0.3469411037372909,0.0,-1.2548987074499545,-0.012166463890213919,-2.182909592922341,-0.6788533016039597,0.0
-0.08248246000280712,-1.3731791798750574,-0.5100981562685805,-0.8911229026702241,-0.4287572326977598,-1.4479003217595654,-1.7453199648747129,-0.14304408905771293
-0.2504317228270203,-2.8544043858756796,-1.2140253810050163,-0.02089264569922822,0.0,-0.9357776322032478,-0.22166427390213794,-0.8241625993017063
-0.5810575174062462,-0.21219210863857452,-0.3890230982870353,-0.4544781843307213,-0.3135135944166034,-1.0982609084965098,-0.18172427928267876,-0.3916726958791088
0.0,-1.480116486696426,-0.9968342078444765,-1.7481888339917369,0.0,-0.37328108339626187,0.0,-0.16132412097944204
-0.03848307965046249,-0.6027736140587594,-1.2479471972721692,-1.8376260827227036,-0.6321769886931614,-1.7075299255396343,-0.15304838191453385,-0.26341755821198287
-0.30405558890954154,0.0,-2.2356509745884043,-0.5060152949532988,-0.42574553212161526,-0.1930036333319345,-0.567100999509428,0.0
-0.5883893397016262,-1.0814497585164462,-1.0563949058071387,-0.03207372600270375,-0.4548885817712067,-0.7456363696577446,-1.4654133250651284,-0.8275594347132635
-0.67705651029123,-0.9942983836912367,-0.45005101238271283,0.0,0.0,-0.17399918392337987,-4.077795196027377,0.0
-0.32689278715918846,-0.49202972278917123,-0.4666058837249345,-0.4250278486315535,-4.094288341799006,-0.22280843176950427,-0.6815511260272062,-0.09022589320439867
0.0,-0.40979363090010956,0.0,0.0,-0.8142160730640038,-0.1862222326088645,0.0,0.0
-0.27194988722176205,-0.09180846497808837,-0.2554809681404242,-1.0315121414163553,-0.9950092251896248,-2.5772216565089074,-0.29711539049003655,-0.2329785309679382
-0.5279433980672978,0.0,0.0,-0.422286466704044,0.0,0.0,-0.08033461045304424,0.0
-1.0604517627971477,-0.0479232217005352,-0.050985824198588325,-0.1305754249994422,-0.46216869065269783,-4.1201380807401975,-0.20782928750634344,-0.6683491701284527
-1.4822813796635899,-0.3572789864085397,-0.4982150234381031,0.0,-0.09246580337254873,-0.18857482519777324,0.0,-0.7713636453147039
-1.2029037443243746,-1.6898435007843489,-0.6158503536334772,-0.6745361408050785,-0.9067935174686816,-0.4992238536868294,-0.5802784988424978,-0.3184306510020054
0.0,-0.6766350972541328,-0.4750183200913698,-1.3470564218272703,-0.17572878730811503,0.0,0.0,-1.2380523429449646
-0.14300035047353354,-0.02115316040980275,-0.29901451839857707,-0.08666953811348943,-0.6747962687928295,-3.189699899038554,-1.5820560359879376,-0.6013984477426986
-0.9172916813581082,-0.37414834631365235,-0.10816829915446213,0.0,-0.4708979127743582,-3.0574633486338145,-0.506019387137977,-0.09705182279677782
-0.9116067406343813,-0.7337808182491106,-2.6050044745769894,-0.3785012067645175,-0.8580152234502787,-0.05199478305973759,-0.20465233679115702,-0.5582258780932534
-0.7800213146467847,0.0,0.0,-0.8891305080638086,-2.8658765087602998,-0.2979631284575639,-0.25018935230955197,-0.4879155419142114
-0.40180591954938905,-2.483194409926882,-0.1839993582798911,-0.1919589561741324,-0.6979661835471749,-1.9408891052798944,-0.4201362419125081,-0.6435901120047394
-0.42610714461143484,-0.05533655634120027,0.0,-0.7157110285682231,0.0,-1.1642480890315232,-0.6968880951281005,0.0
-0.2718117555920827,-0.13082361997294445,-1.765650546897513,-0.24166249200346002,-1.7024684067246243,-1.8112606678662617,-1.0419992660899933,-0.018846664132793123
-0.245140767524461,0.0,0.0,0.0,-0.6106030430366012,-0.8458391432181891,-0.19810125058397787,-0.9043102570211516
-0.9592316851420843,-0.05306294415420787,-0.7850701983281159,-0.14096935271578204,-0.4694840805318723,-2.639547704609666,-1.1773180157005037,-0.25250442199238865
0.0,0.0,0.0,-1.251453622068535,0.0,0.0,-0.028194605945135898,-0.1587913075433951
-0.7032454439541844,-1.0007639051694186,-1.0096142716193057,-0.7143995737281879,-0.6749028621705504,-0.33356781381075784,-0.7508481128448681,-1.1911704849308897
-1.308067898940826,-0.9983185202102023,0.0,-0.2105552361570311,0.0,0.0,0.0,-1.0722768109962217
-0.07592758627601892,-0.08526959785967314,-1.1388183464078985,-0.5246023734097172,-0.7877489757833773,-0.6766432534175033,-1.257162360227773,-0.6690779334615655
0.0,-1.0431962125877448,0.0,0.0,-0.8316664226439707,-0.20355180874189038,-0.3511599266023975,0.0
-0.4124810792306288,-0.35248684931900787,-2.4892045143531227,-2.7496289586318845,-0.16107882354138958,-0.0685677184314466,-0.11975015429511604,-0.5556768422480935
0.0,-0.9197688148511594,-0.04587017301737628,-0.275173342785922,-0.00234729898093633,-1.3846198411478632,-0.2632291609446442,-0.7140734992032289
-0.4868074021003439,-1.262347978407064,-0.2732149100043584,-1.91193092573692,-0.24450360468695553,-0.2090474362971424,-1.925263453300615,-0.42994479392273455
0.0,0.0,-1.6136151682663034,-1.0526860357260253,-0.7414107596410942,-0.0998841225589695,-0.9267400173568978,-0.32188719594792037
-1.0575619631582711,-0.4335575977168231,-0.7545373343407382,-0.5005578052684898,-0.00852872873025401,-1.7475533929690608,-0.4400737834615809,-1.5821359360331817
-0.3396265571528305,-0.482337689986454,0.0,0.0,0.0,-1.2922432817097125,0.0,0.0
-0.04799045399991364,-0.9445058430979048,-0.5602461886424788,-3.12924278989463,-0.7927450150836801,-0.16673949247157083,-0.6167653415629264,-0.11964071568954093
0.0,-1.3874047869070392,0.0,0.0,0.0,-0.13363346545078958,0.0,0.0
-0.6174204666365348,-1.146041599087015,-0.8713633941744963,-0.918727476127259,-0.14956581460014995,-0.3651620927218602,-2.0197494095389414,-0.0405918927286848
-0.29234001538684407,0.0,-0.3852341573526612,0.0,-0.5639734557067664,0.0,-0.7294027638021507,0.0
-0.2917764800311078,-0.6875526798647913,-0.423944830153431,-0.7227297090566891,-0.09889746179352343,-0.9783921934157629,-2.6216490452332106,-0.09231457254141695
-0.17573563933987746,0.0,-1.876835597892672,-0.557392561433927,-0.17192812116945255,-2.1636306842986217,-0.7302752750738435,0.0
-0.7579748975721436,-0.030044452807019617,-0.7403178971364097,-0.10835872088838094,-1.1512154075214767,-0.9017716081573903,-0.3466969106000146,-1.2387835894796062
0.0,-0.4041929708757195,-0.2567692857261452,-0.7872717096590414,0.0,0.0,0.0,0.0
-0.5590159338169647,-0.6384151274232215,-0.5794780883090302,-0.14924142687628805,-2.4112572271555983,-0.5489416633312514,-0.07744543559147488,-1.3084800303282496
0.0,0.0,0.0,-1.838921453479485,-0.5231712968435049,0.0,0.0,0.0
-1.0958284990113736,-0.5754258031383905,-0.18217224382696706,-1.329119709105992,-0.3632169891243855,-0.25086727846791934,-2.1806633726341085,-0.2846894342012867
-0.24713221498250615,-0.19201232780887434,0.0,-0.739337719992311,-1.0464063681168039,0.0,-0.941802639526097,-0.9046198589486378
-1.3722189267657354,-2.022246519088058,-0.07373353297494312,-0.1677569381537447,-0.9561439461506938,-0.46371991115862166,-0.4975030214019993,-1.3372976597345145
-1.5449768459132285,0.0,-1.7080453345702162,-0.36250414707447476,0.0,0.0,-0.3195647828099819,-1.4037403696201176
-0.17311340801944475,-0.5653672579256286,-1.801044138123797,-0.5348681283972478,-0.4389229122769489,-2.786807830189913,-0.1574186013305816,-0.3495455217528498
-1.0587568947497514,0.0,0.0,0.0,0.0,0.0,-0.11241225761955498,-0.2740708098431117
-0.05548354151138035,-1.212651128384194,-1.1233483251998004,-0.0023407324196274004,-0.47291666984840397,-2.8194002685628785,-0.00919166871006638,-0.9994433281181081
-0.8565141750388818,-0.1812613392238367,-0.23838252230313905,-1.5166433046793006,0.0,-1.3219457292770258,-0.6105800816443159,-1.0766720634404203
-0.608366176010696,-0.34917974302057164,-0.06397803973341887,-1.1844069986343966,-0.9283848283752123,-0.07972348577396193,-1.4959125430230413,-1.7667031387579177
0.0,0.0,-1.7153127208438015,0.0,0.0,-0.517401522963679,0.0,0.0
-0.9967925983136716,-0.19491511579913112,-0.5187897602237186,-1.1394650228659815,-0.9143375029576379,-1.1493210950489514,-1.6554350835206986,-0.3629040487480433
-1.0782330344490099,0.0,0.0,-0.11477165409218504,0.0,-1.3250640709160502,-0.3556070767223094,0.0
-0.5214362378263129,-0.25431721228712956,-0.5924087765805979,-0.23847328926449318,-0.03388566306064078,-0.900473088356331,-0.09174211967771662,-1.744106829957591
0.0,0.0,-0.3859218386899457,-1.6158478874532092,0.0,-0.5169538302644545,0.0,-0.9557448241931832
-1.3713908361776044,-0.36837418137047084,-0.9341072177218068,-1.3194606726382592,-0.937220754846976,-0.44271570171661967,-0.07614576712608923,-0.11244131981007399
-0.4956557722214985,-0.28435602194726606,0.0,0.0,-0.08139671373878166,-3.2161626061432953,-0.570223529750888,0.0
-0.8225249558281718,-0.2722258240569211,-0.732800029091921,-1.237474279988093,-0.21383979783991158,-1.0946507292906427,-1.338006067251297,-1.1703964987458653
-0.7425808404574603,-0.6049242947761719,0.0,0.0,0.0,0.0,0.0,-0.4115726003190048
-0.92511303787398,-1.057885516193977,-0.04982519393127749,-0.6586082701140423,-0.5495396666040708,-0.7195758184703394,-0.6088420054225656,-1.2252995880451296
-1.577653516609697,-0.47053124300029303,0.0,-1.6966713125915316,0.0,-0.6995229934757523,-0.17671861632621955,0.0
-0.13674034627337228,-0.24635260970138972,-0.29890532952325,-0.9954247362143498,-1.242502976719206,-0.12663499785148247,-1.442564370598948,-1.9094100000990544
-0.35173609941989614,-1.2020931309629592,-0.5805075669383131,-1.4680097592684573,0.0,-0.14911807439315172,-1.8891225755173924,0.0
-0.0687078496673994,-2.1506767618707316,-1.256231718298631,-0.19133989092874604,-0.5006017852988869,-0.47540807407035324,-1.1266194427328955,-0.7531645735117474
0.0,-0.02924685586158926,-1.385691868430114,0.0,-1.1625505101010392,0.0,-0.09989381368388717,0.0
-0.34367826918982036,-2.1712854512461695,-0.1005731639643832,-1.5601438013085893,-0.5713093324499621,-1.2134922780207331,-0.6890731085337638,-0.26436333328008743
-1.2940992444443609,0.0,-0.44495463945615654,-0.41207833786584036,-0.07745356661154634,-1.1398361015026222,-1.3812204973450912,0.0
-0.28289428650241977,-0.05624399411871295,-0.27193161181631087,-0.2695435633804877,-0.4952793272926117,-0.9497186580933485,-0.14207522338417444,-3.5777865602448564
0.0,-0.9691165704489464,-0.65948608124571,0.0,-0.010332493402368748,-2.0396954270246823,-0.4907302387675463,0.0
-0.5834886270198698,-1.077617306552975,-0.8675282922807757,-0.9734730526093509,-0.917797474488026,-0.9161350740312173,-0.7795399384848363,-0.38700904117836377
-1.1567402394892206,0.0,-0.4650608263797764,0.0,-0.4332125363980923,0.0,-0.29548894969912265,-0.05748203102680449
-0.32048731752472115,-0.751864574162223,-3.2423961360106364,-0.6465395835349286,-0.13611115295472498,-0.8987584570192393,-0.04553168301595978,-0.6694924735615775
-0.48028581562597417,-0.5477644538275914,-1.4367624331816868,0.0,0.0,0.0,0.0,0.0
-0.41016339470129104,-0.704909889261109,-0.19976435583160956,-0.06738067522719593,-0.18707759398449308,-2.4450576154019714,-0.0036919828598858118,-0.8607861678824742
0.0,-0.23123539314103692,-0.7313049565826306,-0.21212324337540966,-2.831912997542857,-1.304991408982496,-0.07461428735337616,-0.21332525985243933
-0.7185048584175462,-0.4308296169386372,-1.8375915287928368,-0.7841106826826403,-0.2975582592012822,-0.16313606150085302,-2.065949381538342,-0.07312341666748967
0.0,-0.09985130160306088,-0.2165698274546175,0.0,0.0,0.0,0.0,-1.611061895629363
-0.7113466335254692,-0.10706201309787566,-1.491655102849343,-1.2000621029254992,-2.0935633978339627,-0.23593733473455547,-0.03920535940065406,-1.1018150851486608
-1.3044127469286648,-0.7229152433874351,0.0,-0.11706700661171343,-0.14615134521818085,-0.6335135950126185,-1.7952069271253386,0.0
-0.3638807862619817,-2.8759000142970885,-0.15269621234209207,-0.022996084636624836,-0.5186468392345995,-0.18831245553540832,-1.428396116485846,-1.1606426362358455
0.0,-0.3389936166580192,-0.19480490238376102,-0.05936354873107064,-1.057978407914626,-1.999936183052152,-1.573370427652704,0.0
-0.1249820757754394,-1.8736230366501934,-0.13175126792315695,-1.870628856226535,-1.1244089598521745,-0.08977832028549138,-0.3312965277334392,-0.33315422300496067
-1.9985600737394487,-1.9303084829588135,-0.3695242680288011,0.0,-1.3498393537373472,-0.2549614716693922,-0.4351993363245077,-0.09746376376855892
-0.7164947446201957,-0.844509247794841,-0.15257514305181807,-0.6835758227768807,-0.058481150266803006,-0.06317136886974772,-2.9627328673590956,-0.6873888723158519
-0.5585069729684768,0.0,-0.17924871061773473,-0.9850754585878772,0.0,0.0,0.0,0.0
-1.2438466913074242,-0.18567972255640797,-0.06529807678824628,-0.20610717570963466,-0.07558795893940395,-1.115109805525437,-0.475145397936231,-1.393407754569104
0.0,-0.199579131300462,-1.0719533004513027,0.0,-1.3253857487044831,-1.0097677158136449,-1.1818327764058365,-0.6091853521350687
-0.6685631919440418,-1.2292403432638617,-1.382770200487526,-1.2140115500946163,-0.06374641954102245,-0.3087072432719413,-0.9107721660638299,-0.6072024078459934
-0.7630845922601122,0.0,0.0,-0.7204728586427098,-0.2791595483398135,-0.002793263557027359,-0.09843887373828686,-2.4447411264072665
-0.32592461913410187,-1.3538192632394361,-1.5638117430555054,-0.6468295437022107,-0.13488237942313486,-1.1645572827496302,-0.023962494946401236,-1.1435192038439297
0.0,-0.13749607954135357,0.0,0.0,0.0,0.0,0.0,-0.598683517006271
-0.3535592646373429,-2.547992642579625,-0.4161503394350383,-1.4315374467128983,-0.027848149737655703,-0.7316958642883868,-0.6365629700188853,-0.3925981452903269
-0.7604620616423237,-0.3345577481030997,0.0,-0.04963358672563345,-2.4324759565272025,-0.38990754586700227,-1.5963514714403786,0.0
-0.4078547361139817,-0.5184663073281168,-0.5067174722118244,-3.282268540746796,-0.07461453798488904,-1.0018889908259112,-0.14251540546186714,-0.7498587050073935
0.0,0.0,-0.11764073213028325,-3.0557573193967738,-0.5002156472336532,-0.1057579356054319,-0.6296609128394346,0.0
-1.2458232622212195,-0.21623099575509297,-0.9503142241185749,-0.0911215217926733,-0.4380290997922547,-0.6244804272262421,-0.977883524886666,-0.41144287183916806
-0.33860440422803517,-1.0882836159095124,0.0,-0.5282793991107217,-0.6185064017782729,-0.19364557691120599,-0.0246416035669883,-0.8184334796198254
-0.4282601595876274,-0.27536464357486334,-0.2679427952686835,-0.9926731491157206,-0.3204162236056014,-0.682144815723019,-1.40825622124812,-0.788670980379135
-0.9218356045260396,0.0,0.0,-0.6313135435562449,-0.3070999566229551,-0.737329189025127,-0.9075982677754855,-1.2722954778208484
-0.9594588100809318,-0.8489322662522891,-0.15290207415149748,-1.5446693108174596,-0.10030166550145658,-0.8642981702341768,-0.6183034485525383,-1.472252697291526
-0.19686991228206985,0.0,-0.07396857450646621,-0.4887272404454599,-1.0657257934724802,-0.45012489327498084,0.0,-0.1060369031202244
-0.0010497213386146953,-0.38844213427543295,-0.4184974358448885,-0.2368153487284257,-0.6390246901390118,-0.004578257009019815,-0.041876174073692596,-2.0416779221182715
-1.0611254105122825,-0.4579745075999817,0.0,-0.2503118057526619,-0.10686540709320802,0.0,0.0,0.0
-0.20617633866742757,-3.027554372216444,-0.19663910414590013,-0.2445215265834797,-0.41173605210949926,-0.4489271948905067,-0.421567892683977,-0.6589735966549028
0.0,-0.15007462460607535,-0.2601227508387245,-1.3647810185340719,0.0,0.0,0.0,0.0
-2.434702978255884,-1.5745603112159454,-0.25025395700088104,-0.5345348067844427,-0.11652529866042194,-0.8699035774456361,-0.4516700900209081,-0.31763838510718667
-0.32306917171918137,0.0,0.0,0.0,-0.32876624992393566,-0.20124693372369684,0.0,0.0
-0.8807339829817149,-0.19180142737903605,-0.7999434105121139,-0.45252776539890593,-0.6118142107065925,-1.807402442816544,-0.8517591279106398,-0.717572099057314
0.0,-0.12722476587558074,0.0,-0.16439508730413976,-1.1823750902033048,0.0,-0.18175395363801972,-0.9412663346018855
-1.0637400232227954,-0.6368580740434702,-0.9320765902992809,-0.4875364862061984,-0.2596897117365842,-1.7367268672441867,-0.5155798002067478,-0.2933416024143618
-0.10720626530257693,0.0,-0.2713593180695053,0.0,0.0,0.0,0.0,-2.1645314648810823
-0.8213598751688052,-3.5877981504211958,-0.3877993928215915,-0.009297454925111026,-0.8798321160270639,-0.25256203025682566,-0.6901406631210572,-0.35038592924199996
0.0,-0.10967197242300752,-0.8560126803405508,-1.3736646166157795,-0.9741008137853981,0.0,0.0,-0.33829651184750453
-0.8413307793134734,-2.888444868076447,-0.0953508279399653,-1.1662814747861265,-0.08208797993492922,-0.581483809061683,-0.8957578184573736,-0.34536818386196355
0.0,-0.676914241268574,-0.09226728864836975,0.0,0.0,0.0,0.0,-2.159262725925008
-0.5348531495782165,-2.7034783797450093,-0.5122667715339171,-1.0057407253276072,-0.3777938391696356,-0.23847953628126284,-0.46765419481773574,-1.0754509751440375
-0.48639236121284934,-0.0881333335899468,-0.19387651284784901,0.0,-1.1985862924083586,0.0,-0.4586959608082877,0.0
-0.19071096689923817,-1.9749735133289672,-1.2699760812123024,-0.17388444244636325,-1.6864656184896472,-0.06473737715561967,-0.8788255753231322,-0.36383203944731335
-0.9270784155666831,-0.24870194080190355,-1.148422732328143,-0.007873064439462674,-0.16965335969311024,0.0,-1.2805260982932936,-0.5560628274159507
-0.5686470867418363,-0.44768880355904095,-0.4654869102201422,-0.6379739850018868,-0.16784524191489947,-2.191092105228707,-0.27706460234755426,-2.1537573438937674
-0.048414175037575724,-0.16055136840589856,-1.2517940456596346,0.0,0.0,-0.23217485034872354,-0.8274292100626788,-0.6434072641875153
-1.0175378850944474,-0.5608388005061364,-0.41444223470511776,-0.8154865908553077,-0.5800431071285219,-2.6391683767798035,-0.6988174705440962,-0.21217788888965927
-0.843664760047937,-0.8853922118631754,-0.2360347141975554,-0.9681562526713243,-1.0161702409845939,-1.261787235115217,-0.13024714108842073,0.0
-0.39585260042638915,-2.417598204518823,-0.07806198105660656,-0.7343468131561055,-1.2262232256556072,-0.7523080595289482,-0.08066380378344462,-0.7091320933732881
-1.837402279033804,-0.5956270838733495,-0.27921163648663416,0.0,0.0,0.0,0.0,0.0
-0.020251183834980147,-0.3031972047302105,-2.1638231190983905,-0.05793105758420225,-0.7911152483592012,-2.039718739542847,-0.7807493745604424,-0.2680244346675398
-0.9770682380973685,0.0,0.0,0.0,-0.06497675252282775,-0.15398958666730778,0.0,-0.10204903295559653
-0.4453852698301848,-2.3374603867727632,-1.5088311165761796,-0.6350914498455795,-0.541765278115454,-1.0868950747212898,-0.16086019346921,-0.025744541058959847
0.0,0.0,-0.4143678528270742,0.0,-1.3056287941869353,0.0,-0.6198982728375553,0.0
-0.4253674117480202,-2.0978360227480275,-0.74454970196342,-0.45411844555831316,-0.231564299142776,-0.5978173812811862,-0.8076540997306001,-0.8288206952935298
-0.18525682348994987,-0.1219334272475372,-0.31092677766963117,0.0,-0.30501131397869585,-1.2296882233511814,0.0,-0.1888832939603038
-0.1892449418077753,-1.6152858824071048,-1.1310999724627528,-0.3007643841412406,-0.9252925146178388,-0.07835020093295952,-0.34816541772392107,-2.3780885938194745
0.0,0.0,-0.948244996891721,0.0,-0.37300945936141616,-1.0394537725522728,-1.401167852129305,-0.9781486815961262
-0.2369824790902868,-0.8818863965757897,-0.5477850505219362,-0.5510489144878346,-1.5354714633604534,-1.0044496553795321,-1.1059911165771261,-0.3832950783625577
0.0,0.0,-0.9790602100907897,0.0,0.0,-0.3701428960243227,0.0,-0.6946671096121042
-0.39945707677469056,-0.7390961749234819,-0.3415935379150792,-1.497487827226113,-1.385970924713618,-1.5191431673572442,-0.14978623481444053,-0.079221795403428
0.0,0.0,-0.4695276948607754,0.0,-2.115585364280621,0.0,0.0,-0.03414270216315174
-1.2448442065082856,-0.20569654191076836,-0.4502925852725239,-0.25028587014492487,-0.028342897965786484,-0.42641117688412145,-0.5137622802074118,-1.8436984892523505
0.0,0.0,-0.9215141554766779,0.0,0.0,0.0,0.0,-0.46811735773385355
-1.0148823138070293,-2.264106803386615,-0.5325969503985508,-0.4065816113136185,-0.07446691221173474,-0.09720095122218275,-0.7726389123223347,-0.07592056843029127
0.0,0.0,0.0,0.0,-0.6909728248326577,0.0,-0.3127881253282858,-0.27784757182715936
-1.1170344606608476,-1.3820564835281761,-0.695645148803723,-0.4190381911049501,-0.20313847518371286,-0.8903495046445595,-0.18346071178142598,-0.2226818019982506
-0.7872439614808853,0.0,-0.21522238075241695,-0.49763692342531396,0.0,-0.05953880347777396,0.0,-1.139817885835086
-0.7168799507487185,-0.25382750881657934,-0.007105113042898736,-1.5307936814639715,-0.6154162695897583,-0.20288299344467298,-1.123384582062732,-0.02884976132988548
0.0,-0.7746775354010857,0.0,-0.7967782782727939,0.0,0.0,-0.9198934802264143,0.0
-0.19054462323894228,-0.246868892005641,-1.172034913021986,-0.43494273912667936,-0.8385453839324297,-1.903687146667103,-0.49432227956307173,-0.5211124828335727
0.0,0.0,0.0,-0.480000825408041,0.0,-1.7291137034939528,0.0,0.0
-0.5921027500412794,-0.09202056873776332,-0.5557532916393182,-0.8303498838938399,-1.9999239190229545,-0.6742595993867893,-0.00024123832203848394,-0.442705418099008
-0.9130282615294778,-0.42728403407158577,0.0,-0.46199671565083467,0.0,-0.8331933143932835,-0.5894683064708248,-1.1057795888917736
-0.32050381473263023,-0.7862883376203511,-2.3387163690364297,-0.14031304164944647,-1.4382159291284324,-0.5110479694104626,-0.2552147133089191,-0.0330494886527557
-2.464166649876624,0.0,-0.7113446636031124,-0.28155310571630654,0.0,-0.16307102140367746,-1.499980610735145,0.0
-0.6399073064548828,-0.4488747042621135,-0.3726367438851712,-0.24886391024963306,-0.9580169558282181,-0.6809438673502752,-0.7338952536586607,-0.12890994396302435
-1.2345752938567003,-0.8863500739369332,-0.05532580859693148,0.0,-0.3417800300079019,-1.4476000886893532,-1.22565387125319,-1.2699531044678984
-1.7133800461832438,-0.3245951700709693,-0.052446700828723714,-0.8901978940237676,-0.012966828326372415,-1.9023443751773348,-0.4419741779704669,-1.0243611488828313
0.0,-1.5843847250737282,-0.7063926345093812,-0.7802805945366655,-1.154390698276389,0.0,-0.10159683140111397,-1.1363357336593243
-0.45441726093954227,-0.4030374118431439,-0.6541246240966689,-0.8784949249820073,-1.3796790434511816,-1.260982079287376,-0.1454454747575591,-0.8454366053094322
0.0,0.0,0.0,-0.7859375604217469,0.0,0.0,-0.7265608534454326,0.0
-0.13384037808326088,-0.19642378990528897,-0.4277129663594019,-0.7270894326287198,-0.7239482064488492,-1.7638979616653137,-1.0929461017786908,-1.3983154424133257
0.0,-0.3343678832823196,0.0,-0.36496147047988803,0.0,0.0,0.0,-1.4054387282226077
-1.0518831269141433,-0.023122545778282877,-1.1746296576446813,-0.2743973923446221,-0.44380325739216,-0.3667375469628835,-1.3423946832369946,-0.8576150282901587
-0.08609024208075589,-2.466050610501112,0.0,-0.37612686887778146,-1.7299329974079356,-0.05730786334241422,-1.108781177520311,-0.6770388266964416
-0.09963806709010647,-1.445672253187456,-1.5189532331837494,-0.3690637736383229,-0.04562908557498879,-1.6584231226358321,-0.9803643670945448,-0.026404857983747476
0.0,0.0,-0.8189661351278561,0.0,-0.5139650345724114,0.0,0.0,0.0
-0.8269097185165357,-0.6561328273474549,-0.25794126543345275,-3.6929583045434593,-0.47358711762118055,-0.3325424618464785,-0.06788696117559923,-0.6658816851452105
-0.48858285720851047,-0.9358684625917162,0.0,-1.0264282660028572,-0.21479567473882355,-0.1186750730941446,-3.1136728181369255,-0.5052123790398424
-0.987512208028388,-0.26632824330610383,-0.7763124167532487,-0.11290814219339929,-0.04496346728743994,-0.7416481072663199,-1.5255392927921791,-1.3260355943436029
-2.1985959998078313,-1.696035984726299,-0.44032555839602683,-1.1727694224847465,-0.008622062409746611,0.0,-0.4748277203337983,0.0
-1.1827690248857463,-0.14651625918375366,-0.872102650588686,-0.2707165656495807,-2.6606746250955373,-0.17933900992722496,-0.2468485434233516,-0.0780635333251114
0.0,-0.027064364205154234,0.0,-1.1369778788470786,-0.2462320530324993,0.0,0.0,0.0
-0.7030243174289934,-0.44417162187528625,-0.40988007507604074,-1.195180218309468,-0.45934229051742914,-0.031001022192521432,-3.4516760883585738,-0.2251510777325283
-0.6655582541235594,-0.013466623362315744,-1.876761975552406,-0.6296977013576823,-1.4535239734858152,0.0,-0.1952427163839694,-0.11415679251341615
-0.26415286235397417,-1.1711296701560583,-0.7317371749801103,-0.028769834874863065,-0.5762185613450477,-0.4285241305339973,-2.559136164580525,-0.6401501642009109
-0.24905979665034916,0.0,-0.6989847517813184,-0.051477413165050834,0.0,0.0,-1.1427755403301951,0.0
-0.7821101224426359,-0.0511219204475406,-0.3236421719460827,-0.12358493909227519,-1.4871820593217775,-0.711297875827098,-0.8303831534576354,-1.2531577632452366
-0.11124016005416415,0.0,0.0,0.0,-2.0270655796528647,-1.5116490689599846,0.0,-0.9034717970735011
-1.4481782729916546,-0.30545869488779864,-0.03380918198499838,-1.412920042945851,-0.5324104711168163,-0.05891532420710277,-1.5030506202113152,-0.2969382625227084
-0.8488478419822911,0.0,0.0,-0.5209984434723394,0.0,0.0,0.0,-1.3656951268802136
-1.4841406916297473,-0.6076903072908202,-1.1520268330919343,-0.10736958203420066,-1.0325384339045893,-0.24544184437733207,-0.23579788751847808,-1.2167656215522369
-0.38808994883257686,0.0,-0.24634125668248164,0.0,0.0,-1.036150301573496,-0.5680832209881448,-0.22938510167461068
-0.12125368939662806,-2.1095437388066784,-0.4587968023055877,-0.9508748555886655,-0.5744503508846854,-1.4055897219790783,-0.5473368970534374,-0.33080877301274825
-0.16395394022293086,0.0,0.0,-0.6188903061402486,-0.4362893103000953,0.0,-2.888117016276083,0.0
-1.0012898088323903,-1.35033256208491,-0.15879488846806122,-0.24489301785800333,-0.6157722289413776,-1.4374408305109263,-0.8684215668568109,-1.2230233458959479
-1.1286813912114884,-1.073991084640145,-0.036607986385929436,0.0,0.0,-0.7456305885457581,-0.5047057291156074,-1.7837978179174394
-0.2791813892892714,-0.4629985299003767,-0.16651455355174694,-0.13623170591528488,-1.7434566809916134,-0.0124781398459346,-1.297741805028859,-2.4087239570290233
0.0,-1.0667595915135726,-2.552241657238679,0.0,0.0,-0.3927438474532794,0.0,-0.6334904037944273
-0.5651575272606548,-0.3368939285534669,-1.7819332794402722,-0.07784350751105418,-3.847813074755141,-0.199516941838076,-0.03781814048443177,-0.021395213967405624
-0.40337755797603325,0.0,0.0,0.0,0.0,-0.10294583242592825,-1.112751829526629,-2.0668443697824346
-1.3834357221901517,-0.4680849052714873,-0.6530971911225008,-0.27240244762054466,-2.8081137762039976,-0.614072609245083,-0.11304414106118177,-0.20814924590977668
-1.3877053381547002,0.0,-0.2152497236619908,-0.7060863898552103,0.0,0.0,-1.2939598263202363,-0.06930849238825143
-0.11905673633602465,-0.28445347764416073,-0.7385971145177939,-1.0268222616362204,-1.4100238672088503,-1.2403473823731703,-0.015368995343048475,-1.190147743833001
0.0,-1.1584973039556408,-0.5084918969664152,0.0,0.0,-0.24871750140319993,0.0,0.0
-1.6852213688569408,-0.22630232711362464,-0.018332958664419863,-0.9518650694393163,-0.07547705050124964,-0.45111501613808613,-0.17912474080607677,-2.4621427444114845
-0.1754748268255284,0.0,0.0,-0.054413472293052934,-1.6599048338710825,0.0,0.0,-0.5501750862491646
-1.0961221720886964,-0.3905260308021843,-0.5225865624039328,-0.6380550264002212,-0.24892067527887285,-0.13486212179604973,-2.8073435439930865,-0.9249103657431705
-1.0284458284745943,0.0,-0.19803319757000626,0.0,-0.6784943387731817,0.0,-2.627739684312412,-0.49319248956833484
-0.6907215775047035,-0.1873265193676712,-0.720209093878827,-0.25698430981846343,-1.7157821116717198,-0.2503202420880122,-0.5899180174726295,-0.9990600697566183
-0.06115102948863882,-1.0316597416053792,0.0,0.0,-0.5890227668287293,0.0,0.0,-2.463239593575471
-0.5299872674955388,-0.26439522797693726,-1.7360426677688459,-0.8765221768322498,-0.5640343486819281,-0.10136811362028109,-0.15871892201393223,-0.8000167262211271
-1.9191569795248817,-0.8521988938143048,-0.6031571729977339,-0.16979053924255716,-0.9417993790214947,-0.3369280054519743,0.0,-1.891229909497044
-1.9316013173093758,-0.22955739559940547,-0.7073329311549097,-0.35689086928520375,-0.778700663676231,-1.050341069409276,-0.03311936671331672,-1.7209728390607069
-0.2401281729465019,-2.579843533761392,-0.5500817762361443,0.0,0.0,0.0,-1.130838292069697,-0.3132992917985806
-0.4764206869698313,-1.0221935388847267,-0.3163477754284827,-0.05073590676274442,-3.44828604635515,-0.25648164086332237,-0.4643621412308834,-0.7654913671025891
0.0,-0.5625506752168885,-1.2152352372849968,0.0,0.0,-0.3679629892617502,0.0,0.0
-0.9643119303559935,-0.08733094424198917,-0.6094306877999047,-0.42192940827373615,-0.10860297975819222,-0.6791208278041818,-0.14311207579388796,-1.6931881583653183
-0.4466137314184131,0.0,-0.16735650981535777,0.0,-1.2658714034587444,-0.5881948638472032,0.0,0.0
-0.5701697837217319,-0.8774400287197333,-0.20221620780106164,-0.11648242734995407,-2.642857552787465,-0.1414902264720883,-1.2419061475554098,-0.022295231515178315
0.0,-0.32994730144759643,0.0,0.0,0.0,0.0,-0.5500885673004507,0.0
-1.480917561051248,-0.6364067947213732,-0.6308947961656619,-0.44614277770211164,-1.1383016175600282,-0.08576375195421093,-0.5434461344914068,-0.8077417598535561
-0.9380735593242377,0.0,-0.5925885658316927,-1.3261913740603442,-0.7406425859604706,-0.4642502204385375,-0.2949097430565022,-0.2013469015712399
-0.3463950960566162,-1.2478591632366385,-1.5492170205463864,-0.03880768608827623,-0.2999928141253294,-1.1612404948307393,-0.8727509678242695,-1.2765443969828194
-1.077593010986046,0.0,0.0,0.0,-1.6880920968967947,-2.0806155046702903,-0.5125962429576099,-0.17565599962196288
-1.500140247112605,-0.4763053112788196,-2.3987268048847525,-0.8974886403793256,-0.36639958680123197,-1.0291653853923783,-0.10598112158004636,-0.21615105936958212
-0.30782235782454226,-2.621683268097496,-0.08364400132686622,0.0,0.0,0.0,0.0,-0.6283492645806108
-0.6180167054682331,-2.228116795698777,-0.8226800450362459,-0.8492699564471167,-0.5827927963137265,-0.8421526712012364,-0.36728158004857825,-0.13292029470161637
0.0,-1.569253622474779,-0.4659120001104249,0.0,0.0,-0.24850301463461566,0.0,0.0
-1.0127660575127537,-0.18922536228170017,-0.26530056849926087,-0.7742859597909426,-1.9462404344408197,-0.16030432888631285,-1.667088651298812,-0.21188236899482593
-1.066890172605678,0.0,0.0,-0.4024249083793947,-0.6414130584789701,-0.45184912177138514,0.0,-0.1500191321438349
-0.824502271068277,-1.1977114914018303,-0.8623899020776857,-0.1428782502511572,-1.61640408762959,-0.20220844452372244,-0.21330947450831328,-1.3246952587726408
0.0,-0.2896386124370176,-1.0407732292723777,-2.4623338891140465,-0.4101163491860733,-0.6221725766319803,-0.3491967105039997,0.0
-2.332658170811662,-0.19984853169339267,-1.2351415105473897,-0.6151348961867065,-0.028396393927008212,-0.29404434826764003,-0.31835925868771575,-0.16893209516536167
-0.276083043559165,-0.012465591347840643,0.0,-1.4474180887613297,0.0,-1.3428169317506544,-0.006375492905407398,-0.5424373561553413
-1.4797105086703786,-0.5139632615339282,-1.565488462587993,-0.2207504040871333,-0.704535850288659,-0.2372889840576473,-0.7601529677333208,-0.4725879291548152
0.0,0.0,0.0,0.0,0.0,0.0,-0.7636687765706771,-0.9945728819156621
-1.787549101866622,-0.603098130257198,-0.47416238271571576,-0.10221846705576709,-0.23447120622465967,-0.8235164949152276,-1.8469769204034536,-0.8526148398487656
-1.1638057654524019,0.0,0.0,0.0,-0.7779528383561836,-0.4710526363689951,0.0,0.0
-0.27414341696098443,-1.8873293569429963,-0.3218534217808129,-2.005053760609152,-1.020827956388887,-0.07164439813128709,-0.19105140193050563,-0.878083475191306
-1.3646355149994829,0.0,0.0,-1.3685830774896548,0.0,0.0,-0.08415784162741602,0.0
-0.33039144300385104,-0.42389741827561433,-2.6231058767366466,-0.5403640327845416,-0.2437857770382097,-0.18746516249706424,-1.5732660355878458,-0.8156075371966125
0.0,0.0,-1.0325231998541087,0.0,-2.8593269775440655,0.0,-0.17267247707027167,-0.9444247854780059
-2.210789160494638,-0.6032340404602259,-0.5055952581341883,-1.3278352005954197,-0.2570107973281237,-0.6284132732995404,-0.5942593552492692,-0.35366136583763375
0.0,-1.1689527182339763,0.0,-0.02000563220907914,0.0,0.0,0.0,0.0
-0.7852740319285187,-0.7726399325055828,-0.18730721159098174,-0.022680581954826806,-1.6048252352978976,-1.626569576315,-0.7116724369237373,-0.5053907514422917
-0.32989970495698273,-0.6474215859993091,-0.8179140727953556,-0.3389209513490048,-0.4682455319834711,-0.23759433083723636,-0.8594979584487836,0.0
-1.2585978670330356,-0.5804676022507893,-0.126761162369891,-1.8665426782361267,-0.7125552502637369,-0.13052206390254728,-0.7501114116974108,-0.6651738179963651
-0.8723533308407214,0.0,-1.3584378970178062,-0.5244439246308445,-0.1220055819914192,-1.9374765969350474,-0.0026368843390232044,-0.2570967286163519
-0.8502163750837504,-0.6933594119948054,-0.4542987466962023,-1.244366440312766,-0.3830065959365889,-1.8574131174111939,-0.4080091624023723,-0.3695975936544693
0.0,-0.35517098788797163,0.0,-0.64466351461102,0.0,0.0,0.0,-1.012186953755621
-1.23820181275694,-1.3758230649952576,-0.7055398282711822,-0.9980600052410598,-0.3173708809433844,-0.07764456143335519,-0.13436577816950646,-1.397136826945955
0.0,0.0,-0.4774310196577325,-2.148416530625231,0.0,0.0,-0.6543221803544963,-0.5539320519165738
-0.34049064267846596,-2.7441522485194874,-0.22595854449309805,-0.4157384163317488,-0.6199941685859169,-1.4841782147992522,-0.1153975553520672,-0.6263039210401029
-0.57822815775548,-0.8168844578769576,-0.09214667350868311,0.0,-0.9408912540319392,-0.31345249239283746,0.0,-1.4939542811205113
-0.15386418836362914,-0.2831691049217433,-0.4537238967476718,-0.07732237505353012,-1.1081599027593017,-0.6045893344345146,-1.432870676699384,-0.8850824962300274
0.0,-0.9641575367820492,-0.17849396066981704,0.0,0.0,0.0,-0.3547216730822882,0.0
-0.09368161184628576,-0.8215545689833732,-0.4431933273691113,-0.5275605509365136,-1.8803663309704222,-0.11202132312247315,-0.9752721255373977,-1.9599865917046282
-0.21113532880867236,0.0,-0.7622004500950643,0.0,0.0,-0.4214205437260299,-0.132019246924175,-0.3379298010449414
-0.30177935710104364,-0.14367200155818427,-0.18143436435097016,-0.38899005748722626,-0.22611874966758716,-0.7514489258738646,-1.5335059950260241,-1.632416716541373
0.0,0.0,-1.063516879556901,-0.26841917862538445,0.0,0.0,0.0,-1.073661910831448
-0.11533090210138397,-0.037319992142831104,-0.5801119612164349,-0.8842343712481053,-2.6082154453479944,-1.4013414085414553,-0.5420129498492168,-0.32445724050196567
-0.8467811583150349,-0.2716867280505397,-2.1916857252008484,0.0,-1.4118688606231489,0.0,0.0,-0.371109313656528
-0.09675586294268435,-0.17701654536960287,-1.0319432507716133,-0.3800499486069695,-0.43532976491300523,-1.5264043923764534,-1.2936092153922392,-1.6135259680010439
0.0,0.0,-0.3942434349173869,-0.1230818363709334,0.0,-0.13978763045193343,-0.0543396637005209,-1.170434000632211
-0.3560473340907002,-0.42319350725951566,-3.019159149734792,-0.41745402222138406,-0.2714702468554062,-0.7274646764592472,-0.4370024621521633,-0.20308882765467917
0.0,-2.8685399301891366,-0.34777484549051607,-0.08336249417882247,0.0,-0.3657303924343509,-0.11927897189312908,-0.53310681203586
-1.346152873434952,-0.38313576352150136,-0.7869340779842284,-0.9272639878582849,-0.6416775858555424,-0.012515155973908954,-0.5570901866372786,-1.3720472132866535
-0.9755040200394731,0.0,-0.6714101628208224,0.0,0.0,-0.31838646119775227,0.0,-0.08365104028782433
-0.08159619212830638,-0.7477646873058079,-0.09209632985805438,-0.3440330857167586,-0.6624198024594268,-0.0917583796803294,-2.9438602395001547,-1.5136205266743339
-1.1753145849463067,-0.010249700607565693,-2.483158526172672,0.0,-1.5020242475146723,0.0,-0.29785772156982837,0.0
-0.7756956698507702,-0.20985383414650727,-0.4989007452559724,-1.8160332234141414,-0.03182253315622319,-0.1775612790518828,-0.8553813194933815,-2.1430033262246786
0.0,-1.0521812030034834,-2.168561487813334,-0.3296470126950908,-1.275800306257894,-0.40207629792490884,-0.030555320147479748,-0.06064276016691039
-0.8202554164924107,-0.11854870684985297,-0.16038260577291297,-0.24260548399983328,-1.0165318619303072,-1.3340729230057855,-1.9130678021730452,-0.15604552829765073
0.0,-0.2815500839303855,-0.5374718195565338,0.0,-0.4456271211937546,-0.3740120539291807,0.0,0.0
-0.29133749042981094,-3.011672317272166,-0.1205057369754634,-0.0988502433227536,-0.4133713003515975,-0.11799191988904756,-0.021599076482332613,-0.9908783295760921
-1.9889105128414206,0.0,-0.6059555147323463,0.0,-0.9652834109047141,0.0,0.0,-0.5156598327059063
-2.953574575200996,-0.7106702261818949,-0.050906625707934694,-1.7138709866215418,-0.03749123836318535,-0.698891136614213,-0.0145591383769057,-0.7358116874893037
-0.5075214193539281,0.0,0.0,-0.27784580805171455,0.0,0.0,-0.5165026226034612,0.0
-0.33379502450426024,-1.1829020395158514,-0.03188877806479162,-1.0232606803621795,-1.2015762808359876,-1.2251530734557736,-1.189096349716408,-0.675411354498265
0.0,0.0,-0.5850694752852492,-0.3693886220568636,-0.2950151550122575,0.0,0.0,0.0
-0.06682037106739802,-0.17027921854997885,-1.2330826250405638,-2.0682149347582035,-0.9271851842925329,-1.4511277721268403,-0.24842265437951028,-0.4661023737659873
-0.6650514433272345,0.0,-0.29463381023327084,-1.4290712276139557,-0.36665188903432444,-1.0162260959427067,0.0,-1.5709202045344046
-0.7721417697137269,-1.7328439531882118,-1.2592761353368243,-0.858738639263736,-0.8576936767504888,-0.049812581569811165,-0.49056274062168637,-0.0007072904260905233
-0.0195305851152483,-1.618981019529083,0.0,-0.5233253834898557,-2.2032273672100438,-0.5290686902408073,-0.20340002364133003,-0.4951909344456702
-0.7544639423374448,-0.625733903303721,-0.21545158749243853,-0.4655127321533028,-0.8540432152487938,-1.3186152741589083,-1.618160284914481,-0.738134739828654
-0.6633951378288545,-0.5646393143849533,-0.26858556957203206,-1.6621722610929313,0.0,0.0,-1.0567095175429788,-0.4664569232896332
-0.4206915834791429,-1.6453304531008914,-0.44947336775580116,-0.7142463054447905,-0.2594125569271224,-1.2739288744662867,-0.5516425782391519,-0.37656199216070796
-1.1687793895603837,-0.6521822949210065,0.0,0.0,0.0,0.0,-0.1871911620743214,0.0
-1.0045777806830873,-0.8467104995988857,-0.2561474060193305,-1.478893658109767,-0.4978514332532722,-1.2158072986642052,-0.35943661139759264,-0.6575715675833136
-1.3689599243267256,0.0,-0.7671744440252102,0.0,0.0,-0.09990476712489738,-0.022257921749055498,-0.34827308474036744
-0.12521722322258455,-0.20976266874144933,-0.16864534398620368,-1.0525190536380364,-0.03944724678149569,-1.4787396212841877,-0.03174057895384497,-3.8699118824172456
0.0,-0.11900116505205638,-3.8779223233816422,-0.3737470378338186,0.0,0.0,0.0,0.0
-0.18298542449572963,-1.5634608624495483,-0.25626975479456693,-1.3355146583240325,-0.48316166779407865,-0.36263784483389205,-0.05173371587031994,-2.763879899901303
0.0,-2.948969861740011,-0.5674650510016566,0.0,0.0,-0.5368925361844568,-0.001120901282846809,-0.6456247611453936
-0.5909322049443508,-0.5808952340966442,-1.533339923866488,-0.36859424656702533,-0.26623130139358864,-0.9364721083036134,-2.419868102121127,-0.13932699003942872
0.0,0.0,0.0,-1.832117042582719,-0.6912557497961505,0.0,-0.4233320238361644,0.0
-0.1910114883206413,-0.3383450919391633,-0.7304030093178939,-0.6910404004634607,-2.521247519294997,-0.9307444636582147,-0.11615825583669892,-1.1965119837184472
-0.4992414686334099,-0.7034937392024005,0.0,0.0,-0.5145365274278166,-1.6331097229179221,-0.04717544537720908,-0.007163364381979065
-0.16002835888851497,-0.0009437911891536643,-0.8622347530086447,-0.539004881925198,-1.1669507748994192,-0.645879554888503,-1.2750663699465878,-0.5951826528582442
0.0,-1.272004673889139,0.0,-0.09719031649849708,-0.42813082224889687,0.0,-0.20798197049831124,-2.24651686812698
-0.8217011624370079,-0.20786260921510813,-0.5729016581272344,-0.7593122747996279,-1.0375820091390748,-0.9279860974954799,-0.3074875433040418,-0.5575482303414017
0.0,0.0,-0.7053986888157757,-0.1496981809907716,0.0,-0.8199453193374051,0.0,0.0
-1.3232578154647028,-0.31996492127390574,-0.06455888076049998,-0.11392445557438968,-0.2682291322885364,-1.3469890393393413,-1.2043229617877458,-1.023835319522342
0.0,0.0,-0.2664419885800342,0.0,0.0,-0.6755294624394903,0.0,0.0
-2.316992557448132,-0.7272133050862992,-1.09774549109411,-0.1975659824966307,-0.3445771750859965,-0.07846273246769275,-0.8814804230655167,-1.2578557468468823
0.0,0.0,0.0,-0.9507956349981228,0.0,0.0,-0.17313553035506146,0.0
-0.7288369145959983,-1.1590921410343755,-1.3323525648257943,-0.6279081487338676,-0.028511273441027996,-0.7362782950156443,-0.03743134637876988,-0.39843671701471806
0.0,0.0,0.0,-1.0316715997699895,-1.3470091141756342,-1.41768283622475,-0.017909189510596057,0.0
-0.35361153753694197,-0.05504697875053033,-0.39508201292219436,-0.5382022926558534,-0.6294642123058267,-0.12023505080843933,-1.1108360156452282,-2.1632497998239
-2.089867689885441,0.0,-0.19263984954637703,-0.5543133194738834,-0.18857974493188667,0.0,-0.8071188989563831,-1.0611009134105789
-0.24011075786518887,-0.6835918787425435,-0.2525252859004068,-1.1667365330170112,-0.12003001893087362,-0.043567297254591075,-0.7005042799164771,-1.8068038615691835
-0.008142419366917508,-0.2249469345898607,-1.8834648894929344,0.0,0.0,-0.4436476159362641,-0.41437439882913196,-0.7709202098010799
-0.25117895304501214,-0.676301177289699,-0.5351118089677227,-1.288792849910374,-0.5508916649315365,-1.523864327701566,-0.5744467808579596,-1.0496169411459118
0.0,-0.21716967198270876,-0.9754756691151476,-0.5043647618980067,-0.43902564216613804,-1.0997497791183264,-0.5041275288457969,-0.18679932866208926
-1.2400166974125657,-1.7664464951748622,-0.008969216849905592,-2.142204448545728,-0.20998926745533453,-0.8429973438076495,-0.0752842056011076,-0.17393225496030862
-0.6921175443417731,-1.1748130280056683,-0.5387101094687816,0.0,0.0,0.0,-0.9434867984743605,-0.11032667919463357
-0.13896423788744094,-0.26516464148154917,-0.4910007130424541,-2.400315230066301,-0.4233019582442772,-0.1568105266996893,-2.4021334284247233,-0.16381200062977808
-0.27710071919393187,0.0,-1.5881722831389427,-0.3702140582939606,0.0,-0.6384775058765992,0.0,-0.48296680534522807
-0.4061343682577965,-0.3434492531482016,-0.6677859701581808,-0.003922579428622619,-0.7007518499820646,-0.56049276340012,-0.2868301981992296,-1.0464521622123772
-0.8015354590998314,0.0,-1.6717433879605696,0.0,0.0,0.0,0.0,-0.6760843217526924
-0.40981711567119383,-0.2790370573181846,-0.15738827582804493,-1.709333765831631,-0.16794436790290224,-0.6444469966511113,-1.2505932574233762,-2.2440500092223026
0.0,-0.035937659611231965,0.0,0.0,-1.9071616268286116,0.0,0.0,-0.6062150401263846
-0.6026270527741904,-0.08263787566091718,-0.8608771096655925,-0.9164839154424724,-3.684254280829423,-0.08906882215179213,-0.2742578427265734,-0.42063199808240714
-0.8044161917987687,-0.01166499731028292,-1.2784292391506735,-0.16211069718629112,-1.5653347654473055,-1.0188496257488273,0.0,-0.1512529170988426
-2.6065701605159317,-0.743122757117324,-0.7922154180655729,-0.007297187291714025,-0.2999680909206015,-1.0481689004100936,-1.3331029327578934,-0.0854165216416547
-2.7946904702608064,-0.018692725546565647,0.0,0.0,-0.4333107814588031,0.0,0.0,-1.1770538294727722
-0.6218660952781168,-0.7179420563664429,-0.9692339983419203,-0.07297879845147648,-0.8627164306984199,-0.22137521673386917,-0.8222534461577133,-2.4466421063679356
0.0,-0.021364733906407807,-0.3205033192024107,-0.9531592508213231,0.0,-0.2128922349783684,-3.2789273201611246,-0.38076195357237275
-2.911243741603724,-1.7536414257349264,-0.1723901912452197,-0.10113814279805933,-0.9763169865825683,-0.023039896163806084,-0.4515970544873191,-0.5638364660089383
0.0,-0.06977035387487174,-0.16981959453777584,-0.5049790197342006,-0.5416921586269012,0.0,-1.0093875043833958,-1.5950048679639348
-0.7774640195753566,-0.013674363522379274,-0.831222560725676,-0.3426473418128353,-0.4730725995219167,-0.37389856679735267,-1.3167689295405456,-2.3906038828735063
-0.3564212317558635,0.0,-1.0857683550155404,-0.9798621906757763,-0.09025911295465772,-2.3843473359501157,-0.5934880637652267,0.0
-0.7970859904005492,-0.2635517435123207,-0.8613376644783992,-1.3899526743965254,-0.40492875492767144,-0.30868524194220104,-0.8246759259506717,-2.069583148292627
-0.6927487234754182,-0.7164439167973162,0.0,-2.0115202433886834,-0.10316490254850041,-0.10008537319915689,0.0,-0.26956102252101033
-0.12134499757235151,-2.112587821547005,-0.5641140863001208,-1.2754109572760868,-0.46083331505846026,-0.8547488787640791,-0.44991346040408153,-0.6544405466241905
-0.6892251643026466,0.0,0.0,0.0,0.0,0.0,0.0,-0.45471990745447144
-0.060847729968278585,-0.21538907163606957,-0.05686371380541644,-3.1873221134415646,-0.1714935604143486,-0.567754044862415,-1.5323367239861554,-1.088607725950288
0.0,-0.5733125373368795,-0.33600473490569094,-2.335719091408099,-0.14934270274164785,-0.3104283453849561,-0.5370966615477384,-0.12621789174392894
-0.6951602755952182,-0.7555062536638957,-0.51011305147507,-0.0430891614083162,-1.3579495647862903,-1.6692144445388788,-0.6728063978239556,-0.32492220185833
-4.8684302185028905,0.0,-0.01972041362719512,0.0,0.0,0.0,0.0,0.0
-0.7843643280058057,-0.2948188837149619,-0.36027128156823274,-0.9251176308387823,-1.3564608594406415,-0.9192840117664485,-0.68260611361291,-1.4966539265132681
-0.581092789243824,0.0,-0.6172999008260271,0.0,-0.8473093422429443,-1.81238147612365,-0.4598799151220252,0.0
-0.509529129917099,-1.2353376485363423,-0.3548712221132515,-0.036761408353246594,-0.5957970733931282,-0.9380144088204521,-0.4855598432616244,-2.678153309277163
-0.016621506762542815,-0.25565378630377467,-0.520510999228029,-2.0236121275497263,-0.10568513199284979,-1.7898542372489397,0.0,0.0
-1.4542661390725984,-0.967653318260556,-1.5585679745004093,-0.6050470731117361,-0.27387331418091154,-1.2196332821517561,-0.04910485422919919,-0.24258649282498634
0.0,0.0,-1.3137027727527206,0.0,-0.36686719444751326,-0.7045130192975488,0.0,-0.7952559591908326
-1.6563037989920621,-0.5555491961544456,-1.2437329382323474,-1.3312875992398032,-0.0031867705948886993,-0.9877744699822557,-0.5553323692979779,-0.539008896850258
-0.055858036856461624,0.0,-0.07177032050375498,0.0,-0.49519887858625644,-0.752615568274571,-1.35681679847945,0.0
-1.1783189965717193,-0.7006782940481759,-1.4876254823678412,-0.785773897144022,-1.4145041267901508,-0.749913786990235,-0.26835680175729415,-0.37739261055842643
0.0,-1.5703214320336585,-1.7944921596649879,-0.12351213520259474,0.0,0.0,-1.1974749218160499,0.0
-0.22512359308010854,-2.372046637610442,-0.11842652142354648,-0.555333097862075,-1.4045665120523108,-0.24362547957326797,-0.7870167677450626,-1.0305494872533805
0.0,0.0,0.0,-0.7360029648094955,0.0,0.0,-0.984055486495544,-0.5263801689055416
-0.22711695857876268,-1.1494384422005126,-0.6616346171582173,-0.9855082949761051,-1.7331148586029146,-0.7543991875393736,-0.49195190110440024,-0.44131179296757406
-1.8938481837485241,0.0,0.0,-1.000282720132689,0.0,0.0,-0.6085636352346029,-0.40645512126882366
-0.010372318037490835,-0.16174518773591018,-2.12960953033504,-0.659010594634978,-0.342482942123965,-0.979856973076906,-1.3223690059810673,-0.15475343423688237
-0.8169898020908173,-2.371364081055452,-0.3398107652002107,-0.6993300924051065,-0.5276597505610363,-0.07206590099753551,0.0,0.0
-0.4721368458268689,-0.3281314071648671,-0.5901503554673235,-1.1536768097002907,-1.411683854716686,-0.3227240264415787,-0.11833126408004979,-1.679739722643518
-0.0969429454952131,0.0,0.0,0.0,0.0,0.0,0.0,-2.0478473032007996
-0.10528449638498572,-1.2832277675382313,-0.5784338599719616,-1.1506210199932703,-0.6690688090374479,-0.11030888109645609,-0.939583803244366,-1.4284962235689456
0.0,0.0,0.0,0.0,-0.6103339936692294,0.0,-0.017177551176608574,0.0
-2.4346969895297885,-1.4564998840319268,-0.2607650294132835,-0.3553073994274252,-0.5235916244741157,-0.666991660300269,-0.35631793524648714,-0.5928991812193498
0.0,-0.001072582040415604,0.0,0.0,0.0,-1.1437687122000133,0.0,-1.5499914497733824
-0.39221980697245407,-0.1777299124784104,-0.4216921645734324,-0.5516315784432511,-1.097785578041572,-2.593633987899832,-1.5079383803649549,-0.08915870746442511
-0.09941297853718822,-0.5221759536214794,-1.6090607132091534,-0.6447354224511841,-0.07395495307486666,0.0,-1.1161545187282753,0.0
-0.6670153689004952,-0.21595643499546568,-0.013468483097282657,-1.346306722707796,-1.32371716169337,-0.8583747732276157,-1.1737913252170369,-0.5363483046385014
0.0,0.0,0.0,-1.1864228901541676,0.0,0.0,0.0,-0.30568819203045816
-0.27069714403343514,-1.6314720625158605,-1.7202125659259107,-0.4739389910167304,-0.2651069220571518,-1.0505782354143562,-0.09087526277824942,-0.7172570807962799
0.0,-0.8215838312115133,0.0,-0.9724684635274468,-0.05566177018588281,0.0,0.0,0.0
-0.35281473671529273,-1.3182664449375832,-0.5845447631324117,-0.20777360625896169,-0.10271442546104481,-0.14526349586688703,-0.22958798291244165,-3.755238920626418
-0.5686610344036449,-1.4724159988173593,0.0,-1.1302111178225012,0.0,0.0,-0.550878961301601,-1.4645256159298583
-0.6874159030497129,-1.1715108480370686,-1.2921578636849604,-1.358510368147698,-0.09439922202968809,-0.35119936263152596,-0.6072080657166836,-0.3804574650980932
-0.03738456592020345,0.0,-0.27095817202287,0.0,-0.026033377572340477,-0.5058786243952476,0.0,-1.3809850199289695
-2.192431965788698,-0.5939317633348473,-0.6366534327434676,-0.5685812487354855,-0.28915177923718804,-1.1760353470074012,-1.0138398110977045,-0.22789116156984335
0.0,0.0,0.0,-0.16634301403988871,-0.753664041316453,0.0,0.0,-1.3213805786871866
-1.5004464301846392,-0.1814250796061776,-0.7905509371260555,-0.9516169168490674,-0.139802715162471,-0.016359952014964207,-2.451527514443865,-0.6632316575282191
-0.0506020570183896,-0.5266790251620668,-0.9063427931856403,0.0,-0.8612794341722916,-1.8459149588905381,-0.08582280890534122,-1.665213432586457
-0.19924252650224084,-0.8324211697790886,-0.6950125677057963,-2.4353425953857215,-0.2196186572651211,-0.20672186747604382,-0.7323664111947421,-1.6117168852028705
-0.21433900858284094,0.0,-0.8441992049261255,0.0,-0.8730890011407411,0.0,0.0,0.0
-0.22907493554030278,-0.7153520605318908,-0.43337302198955374,-0.979716983565674,-0.014545486793995366,-0.6819182689362728,-1.474490072458348,-0.8747525423428701
0.0,-0.7097007005764491,-0.1563189986111242,0.0,-0.19104689079363446,-1.7871809755503651,-1.1577690818899367,0.0
-0.2817423985585341,-0.19655507518888538,-2.046599396899004,-0.44843461655299155,-0.042058253236001875,-0.3057590371721801,-0.5349380351939867,-1.1369207012962903
-0.21871291451179786,0.0,0.0,0.0,-1.0797159837159311,-2.4698221624798817,0.0,-1.5557790059834193
-0.21647241460451205,-0.37533549013953316,-0.8797770407360552,-0.3739883080156403,-2.577600375483833,-0.38093737773261793,-0.10869247701305529,-1.4464583383417944
-0.016382396239823294,0.0,0.0,-0.5240200596196125,-0.36011567872573913,0.0,0.0,0.0
-0.3947123780176067,-0.1110210676436072,-0.5211710543549524,-2.2681145578832753,-1.1042585691701845,-0.902583080569789,-0.07625198175405057,-1.3415908520062505
-1.546356889084966,-1.0919607571053493,0.0,0.0,-0.41802618801596303,-1.4100064000739234,0.0,0.0
-0.33118385925315774,-1.2944178477185933,-1.2616298184774726,-0.05647364848318315,-0.6801757357239575,-1.5050714796799802,-0.3860235738716735,-0.8931954497028123
-0.8595419058463873,0.0,0.0,0.0,0.0,-0.02326153246025786,-0.06253881272618944,0.0
-0.2964799134173042,-0.2805176516824295,-0.17639698855769037,-1.0149548871022667,-1.1475901683346965,-1.3536379440229354,-0.7236468625229797,-0.44831739295583883
0.0,-0.20819471104030107,-1.3911365629164658,-0.42160261844010893,0.0,-3.331461268627768,-0.09096014171481936,0.0
-0.23248497304878857,-0.6576474118586075,-1.9948197774112062,-0.08636704241995918,-0.3125700610940969,-1.631025434671363,-1.8186278179351385,-0.2558559490276142
-0.4898489341320964,0.0,-0.5852851320622303,-0.11297066976620584,0.0,0.0,0.0,-0.6604837253619067
-2.703410738048473,-0.34334646522732815,-0.08962833724784236,-2.2479815745724014,-0.0651064957064964,-1.0722038752975704,-0.04455483757810619,-0.42105350698529076
-0.562196366879383,-0.9515774281797098,0.0,-0.30691936037112644,-0.2003953690425604,0.0,-0.39960336474593294,-1.477855283457422
-0.9450699217741674,-0.19475654938341336,-1.1600865702431804,-0.22120029519701134,-0.07629668505586196,-1.2453405237664974,-0.6889654181173821,-0.3997217227380574
-0.9905729711567872,-0.6906264520468461,0.0,-0.731783305525533,-0.09967259920808758,0.0,-1.733228411487958,-0.0028161044742951447
-0.3799359765178858,-0.4519519078194225,-3.0548818463931804,-0.6102665506738072,-0.10709781618449465,-1.4576749535464177,-0.1894419170341184,-0.27656797502420805
0.0,0.0,-1.8223218835651167,-1.0586341049668002,-0.5815099077632757,-0.11406745804296747,0.0,-0.543016665620975
-1.8753630526968141,-0.23219473775010613,-0.10099421034235068,-0.7945104898409427,-0.7464611737488207,-2.3962520100392126,-0.04676721580814025,-0.08616137409091262
-0.250222733588088,-0.08813837794651747,-1.0306836007066078,0.0,0.0,-0.5435764759466579,-0.5000516676538576,-0.5001766929871287
-0.510631803684241,-0.27878934903977104,-1.1244700904820766,-2.4128540517096786,-0.9713672315428212,-0.5883117156158875,-0.2742444516045648,-0.21379260673058553
0.0,-1.7344429244988193,-0.9195267554054496,0.0,-0.7611213525027827,0.0,-1.446086864836559,-0.16327746334255533
-0.8374847941901731,-2.524843743698236,-0.30185588514285744,-0.11771119357731319,-0.5839122476302983,-2.0303760735982452,-0.498077835813576,-0.0344520750578976
0.0,0.0,-0.6061075677700449,-0.8626841289237079,-0.42764089984478915,0.0,0.0,-0.34373813942744125
-1.0434128798691527,-0.2917303218653018,-1.176249853911063,-0.8865209979145732,-1.253276657176138,-0.010961811346637873,-0.5095088194046342,-1.229096052293139
-0.5313097909847375,0.0,0.0,0.0,0.0,0.0,0.0,-2.2713174358119117
-0.7299962266094724,-0.11332354773842024,-0.7644043289561928,-0.30443699739252317,-2.608216412047237,-0.3868738006054384,-0.9020709875302577,-1.1576188416896374
-0.22919297738335942,0.0,0.0,0.0,0.0,0.0,0.0,-1.4935710733630945
-0.08274475524153946,-0.11906356956056463,-1.4383710880800304,-0.187049441938961,-0.024773066716347714,-1.159137480451915,-1.994639753441037,-0.09894464325422359
0.0,0.0,-0.5866701912033676,-2.9513547811427303,-0.37122079031433497,-1.5208154895184007,-0.4658089263706007,0.0
-0.33991075630904266,-1.5794623684152445,-0.4022021653826311,-0.6173002506731882,-0.04777628769809006,-1.0250627386897566,-1.0420507555644845,-0.7447254577766174
-2.134713138310712,0.0,-1.1794431486387937,-0.46680210624550256,0.0,-0.44699429204003316,-0.1733507013886717,-0.533062956021868
-0.7542077105443381,-0.21459133570440603,-0.06589147146325658,-1.3669751977877969,-2.5596151783926793,-0.27972757598887643,-1.388005332639148,-0.24130080362073691
0.0,0.0,-0.17140432955966656,-0.24713405860441995,-1.1333564325911851,0.0,0.0,0.0
-0.7427265233879368,-0.3266154788593214,-0.7578398647396938,-0.01838911756749262,-1.3341027150407019,-1.147860982013568,-1.7571062482353348,-0.5238905976518788
-1.9368154113889569,-1.1812481299903004,0.0,-1.2661761008936958,-0.12980825087747494,0.0,-0.9582620462629476,-0.17502408330869113
-0.9609881051378775,-1.8612354207310817,-1.0791437985385253,-0.5623461110597985,-1.8625078882597395,-0.046540116826166766,-0.17316019965915075,-0.0015925774844012253
-0.35044937010500554,0.0,-1.363281408950523,0.0,-1.212004867917896,0.0,-0.2209415519993181,-0.906759366044434
-0.9086280662007562,-0.7683149298157677,-0.9315702495495275,-1.7858366679426796,-1.139536739144896,-0.7018066031086203,-0.3505036966928259,-0.033845587033336066
-0.3788119884978496,-1.2360572359396835,-0.720373477927005,-1.675962661313351,-1.6422848355936752,0.0,0.0,-0.5287479597832005
-1.9743358813811085,-0.5869073843591215,-0.1294829894166476,-0.3548018558371222,-1.0323486068963774,-0.797758186271607,-0.8664287556926356,-0.601989897044473
-0.27172196750639,0.0,-0.20849385748707494,-0.7306405478040796,-2.923448604307155,0.0,-0.7733404249500024,-0.3579206606181602
-1.2035301028420138,-0.9567603775401343,-1.5485588123536536,-0.325674438394973,-0.3903170024973299,-0.18621904489857588,-1.1346591794377145,-1.1869605481306076
0.0,-0.5944289506419302,-1.2552339525138496,0.0,-0.6199753397044256,0.0,0.0,0.0
-0.327535196840679,-2.84271888809195,-0.04206379523928305,-0.6415085300913219,-1.5826269665777586,-0.8296284339103162,-0.5401243980952861,-0.013094939440055242
0.0,0.0,-0.062199154730022244,-2.377430572079823,0.0,-0.1912781741439762,-0.28026675374639254,-2.1200303959761158
-1.658252137178291,-0.10071284406883052,-1.3325049605416162,-0.48574223925055726,-0.5962331347917562,-0.0791396999612104,-1.0324558247445124,-0.9884138873764492
-1.4686513555498601,0.0,0.0,-2.173730661967549,0.0,0.0,-0.6061911935436504,-0.6363310898781052
-1.513046467303397,-0.008341030227856372,-0.7362583045430693,-0.035103958888544895,-0.009448478974129593,-0.016286559155533453,-0.16010682009505128,-1.3577323986064211
-1.3437228297356762,0.0,-0.5422164430273915,0.0,-0.8692837751888236,0.0,-0.17541845615483886,-0.4509109567295164
-0.06303117873825226,-1.403539517930052,-0.16955887670388137,-1.4208221755814892,-0.20173793651317062,-0.0026331728605839544,-1.2594320052699812,-1.0301330599364302
-2.321425517278646,-0.3578700064617335,0.0,-0.28270502290408306,0.0,0.0,0.0,0.0
-0.13508641474514338,-2.7327660679884183,-0.27348601757479774,-0.8410716327489531,-0.7637057829367855,-0.7569940031305267,-0.8358752458542735,-0.19413030427877676
0.0,0.0,-1.4599019499110497,-0.1530991723140236,0.0,-1.6331113396996493,-1.2748373959287518,0.0
-0.35352462940587603,-2.117258671313918,-0.9941945646083958,-0.5658665210688767,-1.1057143297610628,-1.0178826738242561,-0.5391283351951905,-0.16921925826171247
-1.511629582278097,-0.4492232025353964,-0.652429915074948,0.0,-2.3672965125905128,-0.9587310434531275,0.0,0.0
-0.22937072484701115,-0.5123692301802931,-1.1113668896331594,-0.31145692821833926,-2.2846459554850274,-0.5821246179032586,-0.7870823385754617,-0.2482318886981254
0.0,-0.14758595495437632,-0.8074916991240668,-1.296245508578517,0.0,-2.309874516088306,0.0,-1.2728309109653102
-0.26420150215930427,-0.16277020535193287,-0.31182409057160587,-0.9032350174923351,-1.1341229140521394,-0.6026478780071898,-2.839602259896121,-0.4638379174715528
0.0,0.0,0.0,-0.050040281313228796,-1.2911099291314363,-0.11497254975390803,0.0,-0.8130763905398757
-0.11465786281617607,-1.6106276031845654,-1.3375015071082874,-0.08502854523371095,-1.9669613980069443,-0.23277186019713447,-0.3595207299732994,-1.0830488322352938
0.0,0.0,-0.5359675987831096,0.0,-1.9162955431126631,-1.098545923517956,0.0,0.0
-0.6734835327353634,-0.4113230001377923,-0.12234006640887785,-0.7273424488020472,-0.03792070407806758,-0.5536053731208987,-0.6164000567240704,-0.5862290172858753
0.0,-0.65524995519743,-0.31108186785413583,0.0,0.0,0.0,-0.28198259382443247,-0.07455846703400582
-0.6095307059356232,-0.8997839014236542,-1.7205539062263284,-0.4033610872638125,-0.9007047213072124,-0.3083055320790242,-0.026669737120299963,-1.5910823233016202
0.0,0.0,0.0,-1.0340042075311349,-1.1098566174742226,-0.38680705301538953,-0.6263021939299067,-1.6996558950914649
-1.8304822813343566,-0.7391703301648072,-0.42610717147963406,-1.2710259085877755,-0.006874376401754034,-0.5710932898527679,-0.8934899905288338,-0.29680929284314317
-0.15413107064069553,-0.34568985547624465,-0.27632260719463897,-0.3725870331037653,-0.2491180806349087,-1.479151793433945,0.0,0.0
-2.25901263668717,-0.44291532563767344,-0.31261082210071134,-0.667785385055117,-0.012239595557348437,-0.17723401608327638,-1.0950286816958794,-0.9849609985053123
-0.6097361250680917,0.0,-0.2031819878160679,-0.4072831182424048,-0.724587763228878,-1.4544276297905885,0.0,-1.2678579689924883
-1.351772788250253,-0.1797566281675156,-0.11521400101851231,-1.2957956310736254,-1.1515223113785105,-0.4594483057343899,-1.1169578649844034,-1.3053213069848146
-0.15874126850327475,0.0,-0.29829735599620744,-0.32282039304641685,0.0,-0.4002052199510242,0.0,-1.0805048066217697
-0.0692733201937541,-0.8760710935880205,-0.6796260302194908,-0.9577815850653595,-0.4780535650136093,-0.07496767367790191,-0.19605966558513366,-0.09756862978899683
0.0,-2.0267366116039707,0.0,0.0,0.0,-0.6331125610995478,-2.0366043430957355,-0.24066421203469535
-0.5133050854132355,-2.1568189403961977,-1.794832341244688,-0.43482739700271633,-0.8489250684611145,-0.11702270313280394,-0.32203625967679805,-0.0705463180916519
-1.4069584815927971,-1.092957404569777,0.0,-0.5148387267066283,-0.2751055896198151,-0.4327637783651017,-1.959294679120969,-0.9757538361146283
-0.5617770745640414,-0.07140113039851492,-2.679406750761638,-0.4682380636759156,-0.6934547034414607,-0.1809143811304974,-0.6068093704764106,-1.4203309021779376
0.0,-0.12671676245448182,0.0,-0.7528983438294148,-0.9275371545998894,0.0,0.0,0.0
-0.12407783731085154,-0.7368912458548467,-2.211077132826933,-0.09619824354600404,-1.931404162798005,-1.0836536412117779,-0.32564928041824537,-0.2970506123876069
-0.572337888001516,-0.783252057905468,0.0,0.0,-0.407950979486122,0.0,-1.0588116927228537,0.0
-0.5960275497592287,-0.6602974906357373,-1.6337335074597865,-0.7557836878430768,-2.0575253857338334,-0.22118031891932866,-0.13558366678412437,-0.223338376593186
-0.3154845924130978,-1.2641679895962543,-0.7789521081273589,-0.4011566510344773,-1.92610830256538,0.0,-0.11865925745953909,-0.8074347285514305
-0.06510599958333696,-0.8111011865573063,-0.9386087854290457,-0.6120390607583222,-0.5397983610826937,-0.821481118098478,-0.003489844369275019,-0.4843078953784792
0.0,0.0,-0.7568239403282275,-0.9929917631682361,0.0,0.0,0.0,0.0
-0.7382887962627596,-1.0831237517912733,-1.3245793076418284,-0.6143399652625767,-0.18206561868660742,-0.42121158528942093,-2.0929206006327066,-0.07047645351340837
-0.4766100009848113,0.0,-1.4724494018756227,0.0,0.0,-1.9567432810552639,0.0,0.0
-0.0016915661534966375,-0.22029325997137317,-2.8863458453989352,-1.9832088415694855,-0.30339326259368793,-0.21756720233524973,-0.9938660624481965,-0.01820712722544293
-0.27297755573947136,0.0,0.0,0.0,0.0,0.0,-0.03261408070455385,-1.2247320407906255
-0.034915925795567126,-1.913566880367993,-0.10579768528096789,-0.5918908651945003,-0.27196806030295484,-0.6993826984084848,-0.8224609555143525,-1.2951004010719336
0.0,-0.7551705072433972,0.0,-1.4469788386998061,0.0,0.0,0.0,0.0
-0.3608136324942457,-2.331558083742106,-0.009602272767436304,-1.182738186421278,-0.23513054191072946,-0.26885065855515666,-0.3441199698564219,-0.14050009088751025
0.0,0.0,-0.7661845098175828,0.0,-0.8997770028304615,0.0,0.0,0.0
-0.8095620953395191,-0.3036445139015882,-1.3331317420505933,-0.3940593608807861,-0.779130747595886,-0.21497817290814059,-0.6426237129977705,-1.1451511266501555
-0.4972186434219559,0.0,-0.7720895468447315,0.0,-0.2710877761146353,0.0,-0.5412926671809517,-0.7649820044003466
-0.3630523970896222,-2.8675720122657298,-0.008798892819775084,-0.5233640206684225,-0.8504904983607293,-0.9757697379338559,-1.0281192604418417,-0.2677427692364347
0.0,0.0,0.0,0.0,-1.3902589325699308,-0.12667219984910627,0.0,0.0
-0.8330289891364009,-0.7301420634226394,-0.6206628615113079,-0.026506066989918864,-0.09595841019037632,-0.25418589787138135,-2.7826253645226897,-1.342401414791163
-0.22063649686639852,-0.9457596752013302,0.0,0.0,-1.799952903102911,-0.032406602891738245,0.0,0.0
-0.05479236804612331,-0.3721967661701271,-1.3993108809625543,-0.04844061703821545,-1.1918888610171106,-0.5714413594249832,-0.07437113387997485,-0.7924757271680001
-0.19068894949785253,-1.276676858369175,-1.8659080436435982,0.0,-0.4560184744619429,0.0,-0.10242508425487884,0.0
-0.3584695042877586,-0.7678338702621712,-0.7635938327333998,-0.15052341190206953,-2.763449011973245,-0.03387978266699143,-1.3800371364673154,-0.33536769870717986
0.0,0.0,0.0,-0.22923204780441075,0.0,0.0,0.0,-0.5415806555839495
-0.02540730472561581,-0.5569667126138977,-1.2963671500020952,-0.9901655259067184,-0.09782850014615718,-0.9768379220515868,-1.4508556056217339,-0.7450984493579691
-0.6508872286993679,-0.03336845712371428,-3.2730401458594907,-0.19500000443179744,0.0,-1.6380220385632018,-0.5733741396787133,-0.22312602782320656
-1.2674535184209637,-0.9450321430964355,-0.5431120489851882,-0.27599497847093524,-2.4818039302927684,-0.07598797143239366,-0.07354387073602187,-0.8520915243318283
-0.1348353497653232,-1.586154874415401,0.0,0.0,0.0,0.0,-1.1417563653734408,0.0
-0.6724927809100922,-2.173474305375411,-1.107336366445657,-0.19722809190607204,-0.2500698993943873,-0.996871776365138,-1.230934456038617,-0.26604997484430193
0.0,-1.4499175677365796,0.0,-0.2970703054375168,0.0,-0.9669899791490817,0.0,0.0
-1.9375029005769804,-1.5097234523284255,-0.4955774145705707,-0.28892158728209694,-1.8921693439903926,-0.031881520627587534,-0.28538263460936353,-0.5372652814632088
0.0,0.0,0.0,0.0,-0.048390139437819,-2.1950530740888228,-0.12830440512615127,-0.2419420868754214
-0.8447020213173797,-0.5368622195488522,-0.5352347869682026,-0.46666600872037645,-0.11246454804066275,-2.408699667338656,-1.0320072562337046,-0.004657856217971101
-0.3394420527476365,-0.0704830595306456,-3.267426275422659,0.0,-0.6659117589550938,-0.21206350625099546,-0.4826823272024754,-1.539894661832272
-0.41220136393058127,-1.8883102361952817,-0.24268304722647205,-0.230015313006664,-1.336595210019481,-0.28957769544944956,-0.5329671947609853,-1.0765790171032288
-0.006413963056267846,-3.2011987187885564,-1.879910942188995,-0.8852752110005309,-0.1260734667990544,-0.3285665304591223,-0.07737842181738674,0.0
-0.20217836858101546,-0.11834442941117551,-1.182798390689503,-2.613398409892789,-0.24336075185097616,-1.8692189011272466,-0.35573184182601914,-0.18548507475916942
0.0,-0.7354666070581874,-3.1049179853075843,-0.14480284442876723,-0.6674607583042231,0.0,0.0,0.0
-0.8655803560759452,-0.37785496763188586,-0.07066665599395705,-3.0179067469286975,-0.0790758970705232,-0.7733662701728186,-0.412827584093975,-0.7804940481250275
-0.0773324387483072,0.0,0.0,-0.8255542073470625,0.0,0.0,-0.4808389780751696,-1.2909602337314343
-0.4069704506445886,-0.15194683488195437,-0.6736162498264946,-0.8734919460672055,-0.28867278707169497,-0.5677033482690641,-1.1149286278624881,-1.7235564693104326
-0.17935905929046214,-1.2386882191844046,-0.17481671288064504,-0.40332874340626557,0.0,-1.3245208986511328,-0.7009901025259007,0.0
-0.22593058472726302,-0.48111456175808875,-2.506274687374095,-1.1374863685339518,-0.6961324658141779,-0.20415658824445604,-0.2802405504396335,-1.005309164669871
-0.5119010998753941,-0.6034818008416654,0.0,-0.11686982601946916,0.0,0.0,0.0,0.0
-2.659460628206782,-0.08550361171774767,-0.716754017223634,-0.42852318424064073,-0.14537113432773907,-0.17363879832796147,-0.2742656197095128,-0.7175931580211845
-0.015404590508717675,-0.06011738280229029,-2.360380851145308,-0.08838090704737578,-0.485960777590269,0.0,-1.9563730531779386,0.0
-1.1027274214795764,-2.0612196180909006,-0.32287178969061614,-0.0023446434307450303,-1.2057791798260737,-0.23920526192989477,-1.7770664534569596,-0.1916598956920268
0.0,-0.941084738588926,0.0,0.0,-1.1574079844961656,0.0,0.0,-0.08916579471459762
-0.31520897394865166,-0.22779205677630898,-0.557608515477436,-0.15042069191121143,-1.389137803162062,-0.20153293325046118,-1.2554356999579488,-1.970928026468778
0.0,0.0,-0.050202935442650976,0.0,-3.437376156902879,0.0,-0.08490593704343397,-1.6452058036383201
-0.38662383248753773,-1.1307596000938123,-0.33419047846362293,-0.3340599420326136,-0.43695380546773954,-0.6186767322357722,-0.09703214425981344,-1.7645788730768937
0.0,-0.10185009506142073,-0.44995466788637994,0.0,-0.06514646612769504,-0.08099045348463463,-2.0214014159645055,-0.8376659880570889
-0.8021352956551571,-0.5328170360497175,-0.8628139801781414,-0.6239504206200515,-1.3348138432236638,-0.22115568000149466,-0.2850676975765465,-0.7290262358452617
0.0,0.0,-0.28952151545198035,-0.6442337820050907,0.0,-0.7322350668427218,-2.7001966734682235,0.0
-0.3339958271771941,-0.2911514877000556,-2.6055346177848033,-0.03908829884653109,-0.30090479358121325,-0.4312248942110797,-0.8926018081974716,-0.18168249598164365
-0.2330746830026138,-0.40817576547193113,-1.8689255071365514,-1.046111906136213,0.0,0.0,0.0,-1.4129693370441458
-0.8054641922264825,-0.5971519417618989,-0.6105148939563003,-1.5423339863434844,-0.7491020315464931,-0.8549924551780679,-0.9304512477219662,-0.4453089599229356
-0.754727394641252,0.0,0.0,-1.8485391551384476,-0.5231346649538491,0.0,-0.025789322554595095,-0.9846199201978827
-0.007220908857150654,-1.5105966490088214,-0.014226920249138075,-0.5833351066682582,-0.5814970546545055,-0.2865086427493191,-0.37081295239399115,-0.0071500350326285655
-0.6674254439334355,0.0,-1.3437410228265083,-0.2629236096484977,0.0,-0.3311601104129229,-0.3868643417241504,-2.6925100270369073
-0.43197313683594096,-0.8795226539312635,-0.5229395494693563,-0.004312293017489033,-0.02599516640327426,-1.7936561459460574,-2.757737643998233,-0.2693357778797978
-1.1055206515760148,0.0,0.0,0.0,-0.1271306596916375,0.0,-0.5291876701364071,-0.4551564845489313
-1.5635981573364113,-1.7483887651628516,-0.030524858668002253,-0.5198054095983018,-0.001934566227859591,-2.2682230490843853,-0.06600665867747502,-0.7439926943291777
-0.43950398762145415,-0.09175249542573916,-1.1360248022175607,-0.09127078412422929,0.0,0.0,0.0,0.0
-0.7360770003809982,-1.0303954342670885,-0.623538167326589,-0.0032708539193420094,-0.3829184556601781,-2.664668876380766,-0.9192502587979092,-0.4397721927563234
-0.45388752536678023,-0.35408653423526104,-2.850406068340913,-0.6724645790967019,0.0,0.0,-1.4450540527849753,0.0
-0.11163817939069443,-0.45088978493960497,-0.8797029815938373,-1.1082883614154158,-0.7611431373841073,-1.9522795107385393,-0.0720703147638666,-0.7442559239277333
-0.732292209199402,-0.4100746124706438,0.0,-1.4357274928420676,-1.806429766443582,-0.5407032357197377,0.0,0.0
-0.12974969775710044,-1.5190515586266686,-0.9590766545534555,-0.5496634712696311,-0.010023561949294546,-0.13376813495004836,-0.5516528869664299,-2.5210473236057958
0.0,0.0,-0.5212595709820205,-1.3690387878033592,0.0,-0.001956513658937453,0.0,0.0
-0.35338324957452727,-0.1348228186068745,-0.1437967556927653,-1.321247939389174,-1.5368728237935194,-1.2707099961061745,-0.5111001628293224,-0.3130361353985869
0.0,0.0,-1.997125471529813,-0.6868640525548102,0.0,0.0,-0.500992380721974,-0.9131005640743481
-2.128194869795963,-0.3556240785289786,-0.0712252021311599,-1.4102274436172877,-0.5705261258859098,-0.08413023658746432,-0.3558099990410808,-1.5493988593001369
-1.0192867358626048,-0.33428092845022217,0.0,-4.14226290038687,0.0,0.0,-0.22426739977193044,-0.3998636420726358
-2.8577409243264897,-0.6822427188301212,-0.7084994027987683,-0.16912499288871263,-0.45087419866255907,-0.8285764252365126,-1.0512370554694215,-0.1415917524968
0.0,-1.0964060923474834,-0.07959627177670203,-0.09633059593040016,-1.0317085886645199,-0.7506518675900988,0.0,-1.2453645132305384
-0.47096754069283353,-0.2223731018287589,-0.13398328168717466,-0.7605153456341576,-0.13747094035725915,-0.8269882979733589,-1.7611558640475282,-2.6256329779398913
-0.11004387204057409,-1.6170546836431212,-1.0900139590616753,0.0,-0.08705733313501174,-1.3013286886152988,-0.35529623684318246,0.0
-0.292210946449055,-1.0085095182506905,-0.9076250835897408,-0.4023376430567769,-2.192524717333529,-0.9566323929371876,-0.11895460511175227,-0.25959806106086614
0.0,-1.9401932517598475,0.0,0.0,0.0,-0.7970091876807999,0.0,0.0
-0.06798157132394156,-0.4255620279462091,-0.9018911828279199,-1.0717208098361786,-1.9399159814330629,-0.5604853701007455,-0.3508846674867403,-1.0056969816784784
0.0,0.0,0.0,0.0,-2.3028097714071123,-0.20533546260012248,-0.7582259607769632,-0.8083669994808815
-0.43850527554876617,-4.282232295424807,-0.4850655134870996,-0.3156726999031383,-0.3570340458867598,-0.2622429914159845,-0.3233900365095881,-0.4982226699907093
-0.6729113705181877,-0.014390846955874892,0.0,0.0,-0.24347193866358996,0.0,-0.9046443591709323,0.0
-0.19498200752901873,-0.15966726477954385,-3.176033118706419,-1.0750996504228674,-0.28250466319169654,-0.39743116299446424,-0.1110518782587615,-0.45774073968617035
-1.2614370427103072,-0.16644737626730688,0.0,0.0,-0.13327051511380894,0.0,-0.4194366574275774,-0.16070075010645812
-0.44404055914636764,-1.452317624943384,-0.3105862452417263,-0.8120195410315336,-0.42990947363576737,-0.7171575767921157,-0.17907975513354035,-0.47333543597041405
-0.15855864366226857,0.0,-0.8698965461256059,0.0,-0.17901404295226353,-1.5817126846233824,-0.254991255940169,-1.4546890894631002
-0.4721514584893276,-0.479978790152618,-0.15291260123507833,-0.35217875408427624,-0.5272048881296909,-1.0252939189621655,-2.279553817903995,-0.4522978640027482
0.0,-0.6621417832493472,-0.05792544131222144,-0.7013275716247591,-0.9376841483768139,0.0,0.0,-1.0053116215025462
-0.6858032951887569,-2.0300393887564,-0.09624802494827644,-0.06523573457456333,-2.3560744722178777,-0.9253330607131396,-0.5356679591856999,-0.02848423137501932
-0.5504376145385912,-0.9780422529738368,-0.07669228981019938,-1.2942348031608208,0.0,-0.5866761095879713,-1.0370889156522516,0.0
-1.4527308295397532,-0.8330855280166132,-0.5104301332741761,-1.4771207264763788,-0.979156426583776,-0.01229976080380002,-0.08106357262905917,-0.635134413715936
-1.1038285768277074,-1.6412835580577543,-1.036061417802439,0.0,0.0,-1.63193819933921,-0.11583271742552093,-0.30359466770626575
-0.3955241972158037,-1.2566692418064829,-0.018314826054298905,-0.8085162195110929,-0.3282829499882123,-0.9577276458907154,-2.4160414364678955,-0.18476055588189766
0.0,0.0,-0.22325210864212153,-0.6709565117980576,0.0,-2.454464480473292,-1.324258996982473,0.0
-0.3293786288027185,-1.11418096156567,-0.0718669881982672,-0.16919963887693257,-1.2726562745200871,-0.5251322576389335,-0.9190673311403641,-0.6866411922410407
-0.04287526613292503,-0.7318349015531176,-0.8203742732641723,-0.5277002749059072,-0.5742344535085948,0.0,-1.6850213116172634,-2.295240527556648
-0.45497471355926145,-1.0908587769882843,-2.1168350036294488,-1.0741504478052777,-0.01587976647154754,-0.5657328726357775,-0.14912067743402346,-1.3521634538686254
0.0,0.0,0.0,-0.17192222937402235,0.0,0.0,-0.2060745311940657,0.0
-0.6607608880664539,-1.4925466867868504,-0.2385256823652302,-1.5472696099900318,-0.0017723950210468686,-0.7275575937337369,-1.597620565955351,-0.1275766961081155
-0.6772767494550624,0.0,0.0,0.0,-2.3129056626810502,0.0,0.0,-0.2661400387437709
-0.7038701548291666,-0.886899343648671,-1.3957524074300318,-0.2245954750540058,-0.7226495642243478,-0.7052741452486071,-0.7114223148505241,-0.48707102138553005
0.0,0.0,0.0,0.0,0.0,-0.6526240160970769,0.0,-0.6167967245092623
-0.8016844931390237,-0.29877913321783467,-0.3890970005024572,-0.7988132328108861,-0.01921034582465353,-0.5217899645421173,-2.318206929776249,-1.297473803843225
0.0,0.0,0.0,-0.8061723795269593,-0.377678914287066,-1.4683125649332167,-0.3297305725165556,-0.4555249562244308
-0.3021753375430327,-0.2204142359768495,-0.22539993420428672,-0.8519834245295854,-0.480239584100671,-3.2856222101608576,-0.1903933185589466,-1.3714717592602312
-0.6590988816338346,0.0,-0.722161147545517,-2.7312242286357433,0.0,-0.14805387713221485,-0.7250992982438724,0.0
-1.4325982072456869,-0.1741820085160395,-2.4755349349674063,-0.3861435242480624,-0.6428845178110612,-0.02148120442756074,-0.008908650064380907,-0.004655925904692104
-1.1680593942102195,0.0,-1.4194260093231739,-1.3655153800329058,-0.8614191583904791,0.0,-0.17742633614593384,0.0
-0.8022134749989265,-1.005233732510269,-0.46138539501680054,-0.710452905040512,-0.871268646413748,-0.09699593369796311,-0.27895336093255274,-2.1092132177554834
-0.8697392470957857,-2.8609367817184435,0.0,-0.45139787732020764,0.0,-0.5705867221004564,-0.02043457857601627,-1.3966696777922927
-1.0861777032823783,-0.14664713522338158,-1.23315318854553,-0.6282664933556372,-0.30306165527747986,-0.22334594090588844,-0.3009656600339037,-1.537438969438539
-1.1549942708348064,-0.018922353564081007,-0.15119893262797213,0.0,0.0,-0.3555720383278853,-0.26634361638496173,-0.1953251899494548
-1.0732892981334938,-0.689149105986739,-0.5922080076840341,-0.09869962079655714,-0.26302508955570136,-1.8390612085112403,-0.1969403377433796,-0.878101586796511
0.0,-0.5349716410348506,-1.3335650150671183,0.0,0.0,0.0,0.0,-0.038928535047534574
-0.6355844237765158,-0.3083365927480921,-0.016645255446897878,-0.17740934871543423,-0.8507520398322486,-0.011014294866188656,-1.235068614377914,-1.9688628322067583
0.0,0.0,0.0,-1.5250376214481438,0.0,0.0,-0.35137579721364354,-0.21573324010986283
-1.4599091653800773,-0.8839411597134239,-0.976622332280983,-0.2726479385574869,-0.6177299563944958,-0.6176556274808531,-0.28563362265251335,-1.3559480860189224
-1.5685542192913244,0.0,0.0,-0.727867530013798,-0.8786098880719635,0.0,-0.9574756748892295,0.0
-0.1930269147666399,-0.9331813214651259,-1.2593723877833467,-0.05212362969464923,-1.105233076525435,-0.2039420408781094,-1.9130917091167117,-1.314164837545885
-1.9627541072707402,0.0,-0.2908384208303243,-0.9851834353161797,-1.4631357472879722,-0.04094115925034103,-0.5557381645393615,0.0
-1.111968320529579,-2.4967749381505504,-0.2987681326928513,-0.3210619885108956,-0.5935860552974956,-0.673810839577289,-0.10696346285596725,-0.4774420604714633
0.0,-0.042952190371986276,-0.7440720046601221,-1.3880270317953727,-1.2820025428793818,-0.0820286009795872,-0.7822593286515982,0.0
-0.11058986757651645,-2.7387185031064556,-0.6725186626839665,-0.386733757453225,-1.3249085215377612,-0.22679154356251363,-1.368787158048776,-0.07920508176627017
-0.5186884301058043,0.0,-0.6238957928681588,0.0,-0.5316059703967486,0.0,0.0,0.0
-1.6018710657722295,-0.753520512472523,-0.8807443211744017,-0.35194663070130616,-0.04629263927955307,-0.6695967291315625,-0.23961562337175035,-1.6525063714127484
0.0,-0.5231374442301515,0.0,0.0,-1.1688101922474328,-0.4127861542510063,0.0,0.0
-0.4971138442527767,-1.0555878485995835,-0.2786770285939344,-1.6134872592913467,-0.09049723995609238,-1.9455994311952187,-0.07155038913764855,-1.1123117009909116
-0.9005023728932811,-1.9356268522378661,0.0,-0.19014929218940768,-2.006857255114225,-0.1472600043358998,-0.6449563546948083,-0.760463050131241
-0.4071238490601914,-1.662340252447514,-0.45607077786931605,-1.2425718406820287,-0.6086470607281056,-0.5977270372822465,-0.484307310833616,-0.8816340975346062
-0.38282535107963955,-0.6469926508147887,-0.1256048506402614,-0.07010168510205084,-0.5818380547533328,-0.3983949946157841,-0.6975338336583778,0.0
-0.1715662049034714,-2.809485943982894,-0.38236914464744576,-0.037085651932678765,-1.5344627968651032,-0.2939086885515012,-0.6386827717187336,-0.14491100008584024
-0.2394367125685095,-0.3802943967385941,-2.304892221452768,0.0,0.0,0.0,0.0,-2.2599577572640666
-0.2131607473991588,-0.051999427122895625,-0.4395849970457393,-0.23305813180684876,-2.191378854587308,-0.9588394310673909,-1.477123331737995,-0.7886083852493915
-0.5223879759013785,-2.087030333373531,-0.48206806787011214,-0.17661508245820912,0.0,0.0,-0.9829997264413857,0.0
-1.3552390627319095,-0.1505700384852453,-0.09751823552849537,-1.2493094462935446,-0.26104900345115034,-1.73459441402089,-0.603808085006234,-0.9317241422458702
-0.7418490574325292,-0.03351358667462723,-0.18437601364368916,-2.2751165252261627,-1.7354235930810242,0.0,-1.7259806916502276,-0.11979161415686246
-0.9296657853836008,-1.567858880237412,-0.311816850561204,-0.45303340896622757,-0.2350048471310089,-1.0660107552679916,-1.2165098286781513,-0.021757103470808836
0.0,-0.7322025213818666,0.0,0.0,-0.7772764971552952,-0.029906586904080434,0.0,-1.9793973514940406
-0.8384060212268833,-2.0579302691980503,-0.061225941158709496,-0.18259589120291153,-1.1542628872112806,-0.4588954666764149,-0.6341501830857217,-1.4647563345492882
0.0,0.0,-0.8757676919493118,-0.7078804807142962,0.0,-0.13913611342357335,-1.8437077791055927,-0.5243896281446361
-1.0783566221074992,-3.0160596516539018,-0.5545064159889943,-0.6687479278411255,-0.33728501427167235,-0.01870464557275131,-0.12867387549308873,-0.7156133636443096
0.0,0.0,-2.574281696135965,-0.22367000317009555,-0.07532059023838134,0.0,0.0,-0.06827891814951581
-2.4859045793596604,-0.0430180903106443,-0.4311498005322125,-1.0175096463976798,-0.13978351811460232,-0.8023842869235018,-0.3974936010245145,-0.26451186327645715
0.0,0.0,-0.6417298025064051,0.0,-0.24553819218952455,-0.8224769216846592,-1.4063154760530248,-0.6941513673414947
-0.22120933178611146,-0.10916319024349885,-2.2255315485468596,-0.14604041778579102,-1.776942132919384,-0.3470215550399498,-1.1264221655262494,-0.598175581872332
-1.4061524263023903,0.0,-2.353302682098226,0.0,0.0,-0.6346872557967043,0.0,0.0
-0.042588137565515716,-0.7059046494751513,-0.7487709521379733,-1.8204906849063738,-1.1407032689926897,-0.9415926992924524,-0.48087254141781877,-0.39783559760095955
-0.6649722838744418,0.0,0.0,0.0,0.0,-0.20103555026117714,0.0,0.0
-0.3328264171717077,-1.6816976386951854,-0.4559353966312445,-0.47912306720746933,-0.787530984669317,-1.6793266209363065,-0.1256555308232432,-0.207943597194423
-0.8286031324266219,-0.2895466428473439,0.0,0.0,-0.2181993744689663,0.0,0.0,0.0
-3.16621341828043,-0.1526478750578848,-0.4832627960161924,-0.8263875516917247,-0.29280914529369984,-0.6783865402260476,-0.9604666788743979,-0.08534033202064961
-0.28249525761262717,0.0,0.0,-0.45781436538949283,0.0,-1.3467033342140748,-1.1711443035700402,0.0
-0.8768175245077607,-0.045708965704162274,-0.5961370289625467,-0.9450689078172632,-0.020255876402118567,-1.1347030157326126,-3.0135555739501734,-0.29726868948010754
-1.0762026700175698,-0.46051495876028614,-0.6519808398800153,-0.2199400213816327,0.0,0.0,0.0,-2.156054837294862
-1.085719193175013,-0.20337716694817765,-0.5759144025133001,-0.2630449383619533,-0.8081983267751873,-1.1183322914321314,-1.198160841639158,-0.9993892609559047
-1.313661311556987,-0.4400726356479492,-0.7139250051509247,0.0,-3.466511160633381,-0.10163268800586867,-0.2889766522778565,-0.11914673522119301
-0.682155507846189,-0.7805431018142404,-0.10948388834578182,-0.39403593358971545,-1.3315550344670717,-2.9306922084542535,-0.26985400262029824,-0.08009430798097394
0.0,-2.7562121564576705,-0.25535010758249044,0.0,-0.4703940466740395,0.0,-0.1562088809098361,-1.105511608154087
-0.03145979055892845,-0.5113189800785385,-0.46589197774432556,-0.3797949079180247,-0.7267116185034164,-1.9246625542803004,-1.1612994461222401,-1.7958488993292931
0.0,0.0,0.0,-0.4207389503481931,0.0,-0.7136459302182807,-0.15185036721099188,-0.283845272405717
-0.26428344689188954,-0.7801380445571828,-0.7069927376218548,-2.248338567800655,-0.44792091798655864,-0.7270086861022431,-1.033750629851979,-0.24125905286898153
-0.5963025891685074,-0.1549618842577205,0.0,0.0,-0.8700366578749179,-0.16481778745922604,-0.584946522066895,-0.11311806800278568
-0.9830215318535007,-1.3647535139917677,-0.016384470473778556,-0.5803161758666722,-0.301436905115283,-0.3446506137607628,-0.8431783440779599,-0.8428600793634029
-0.09131434097441549,-1.233676716125622,0.0,-1.0108941533397164,0.0,-0.8640661427679772,-1.0726245375192107,-2.204189814864314
-0.17999351562068178,-3.459616326469764,-0.182314058944689,-0.05685650871870429,-0.4861407361903174,-0.11089822961616669,-1.3735127269594685,-0.615311788256534
-0.7961900155678476,-0.4999168494275903,0.0,0.0,0.0,-1.0117116645688533,-0.6158053243348469,-1.6314609655999153
-0.41346399382094745,-0.184144204847577,-0.6546273914198331,-1.619408041390078,-0.3337965517042907,-0.02081239853781547,-1.2951030767822669,-1.0733538701755796
0.0,-0.43076979547189964,-0.2984537145460271,-0.02995282050376602,0.0,-0.08330832526016252,-0.2760857720604406,-0.622390292992848
-0.3866779622769023,-0.5533542473967978,-0.6955551059709446,-1.0966007802264048,-1.0411022666580392,-0.06768739631979859,-2.542559051105716,-0.2544679672045991
-0.768286273153306,-1.0770404775944655,0.0,0.0,0.0,-0.1167470798686292,-0.5641698489240596,0.0
-0.5898386605009653,-0.27923841558259443,-1.6252108020251743,-1.107669178561732,-0.3211000493214895,-1.9148372714730852,-0.3785532015828412,-0.7155181211338402
0.0,0.0,-0.007802947168849883,0.0,0.0,0.0,-1.157662081344455,0.0
-1.3855243234875294,-0.43859336256508374,-0.3245248499436961,-0.2665356548125324,-0.755389712006151,-0.054275145725907414,-1.333146813774026,-0.9794046582763256
0.0,0.0,-0.8223286816295117,-2.0230685145645975,0.0,0.0,-1.087457548389584,-0.2612612720833365
-0.10921620875802773,-2.517396787739493,-0.274191488826359,-0.11745821678555846,-0.24691723135406995,-0.23101561870036225,-0.8330080933678525,-0.2085684953838829
-0.4964704525729786,0.0,0.0,-0.8180935312364799,-1.5513361676379427,-0.926091432626734,0.0,-0.7029300008091841
-0.8061563925885409,-1.3903219924742682,-0.1835711044365027,-0.8229660433229187,-0.9369550405584581,-0.9629099445304945,-0.0547378194466841,-1.036452873533423
0.0,0.0,-0.2384211752326948,-0.8233155008132629,-0.6790543865384899,-2.386496228524038,0.0,-0.29589571991039776
-0.7896834915281588,-0.3733901848485939,-0.9040900156870872,-1.549308938208748,-0.8707125436259169,-0.07719259136733658,-1.8691871274140155,-0.43848854830707396
-0.06942103427086632,-1.762023296807314,-0.26171053807547473,0.0,0.0,0.0,0.0,-0.7842681134284488
-1.029975721564532,-0.6891135145093275,-0.06996762552421032,-0.31735518058108614,-1.123231335799126,-2.5270894876853705,-0.6020961641356157,-0.4217231622672646
0.0,-0.8306776447936333,-0.973643147341356,0.0,0.0,0.0,0.0,0.0
-1.201538118501949,-1.0000637249213238,-1.2174878755196978,-1.5805552031990544,-0.22462839961761283,-0.5157800802940997,-0.3363965911964666,-0.23425950371260384
-0.16673690510020922,0.0,0.0,0.0,-0.5442483493523191,0.0,-1.8751371917181219,0.0
-0.5159550079424058,-0.2805359865986885,-0.9756351581017189,-0.5353575893266118,-0.636581670595044,-0.8868620418078077,-0.8919534863956304,-0.9300113858873758
-0.7704193943966935,0.0,0.0,-1.1132350323551332,0.0,-1.1323708613219896,0.0,-0.25049880955991366
-0.8352461572829899,-0.6904678808528919,-0.15375364025338722,-0.3456185519235273,-2.2726290179532045,-0.6796766649573138,-0.43657139569599845,-0.23231305573251504
-0.042391311484520244,0.0,0.0,-1.1710038281700426,0.0,-0.7635579114147726,-0.8650547074422956,0.0
-0.13244933564738393,-1.0743902757640678,-0.11425876174046934,-0.34731689814267774,-1.5730294921088595,-0.027753051699846765,-0.7142050842820797,-2.767564282354363
0.0,0.0,-1.621727582180588,-1.2381540193362666,-2.202190076226115,0.0,0.0,0.0
-0.8843765306166453,-0.7838470145560565,-0.45297740393746544,-0.16496335822430463,-0.4298141021411821,-0.6567800640032111,-0.6701686804790228,-1.1722768784933502
-0.5744699797735784,0.0,-1.2920389385050566,-0.13820353002841568,0.0,0.0,-0.243969948435252,0.0
-0.3182019617815879,-2.7073527638200243,-0.33788630479473536,-0.1033181084988577,-0.17970431812797205,-0.49225557721799884,-0.22569517127177985,-2.0464223355276445
-0.749541016900249,-1.6120787348169276,0.0,-0.7400605615782689,-0.3852235044109573,-0.053012468573150784,-0.05818312726018959,-0.29851021773884945
-0.4943303756208275,-0.5353010324034981,-0.6748234662537893,-0.12187770021751021,-0.8211401925906676,-1.51181387231175,-1.3438955408101068,-0.1464638419368134
-2.095009825582733,-0.24337000230097505,-0.16285998933337975,0.0,0.0,0.0,0.0,-1.1122648287546495
-0.4809470671600389,-0.6241697889438411,-1.1989668873757724,-0.5253536946995734,-1.0457755390538246,-1.1854053944118759,-1.0463078059545339,-0.5571311133803007
-0.6990264738116032,-0.3700106701762538,0.0,-0.12586151219929587,-1.5246223571575417,-0.08526476211314815,0.0,-0.2754798919926289
-1.3254335712265748,-0.6041613029670643,-0.9727186396373915,-1.6243156944067705,-0.3470296666522943,-0.6826482176247985,-0.6956109732131841,-0.2498798806760627
-0.0656865542443743,0.0,-0.4568452823768183,-2.5456472475537257,0.0,0.0,0.0,-0.5460405545815314
-0.7208316617792061,-1.604183115073793,-0.672450232016474,-0.1905117556955318,-0.5505770928723246,-0.9951196971265315,-0.3419881420397921,-1.43308721752806
-2.1695978347099043,-0.015559342737443416,0.0,-0.06492237685197022,-3.0333097887664797,-0.2909427538809375,-0.43975120191513106,-0.39661232051163076
-1.3473062346437326,-0.7665434400394942,-0.2654228394253133,-1.2278284717591763,-0.12042884397979225,-0.842595604169003,-0.9114410086326936,-1.3912659297010483
0.0,-1.2043127440558417,0.0,-0.05226336716580704,0.0,-0.7859162854340251,-0.8440934308692576,-0.8021737741784687
-0.9569491223387194,-0.17827838163276866,-0.21694995143869722,-1.4461508980556639,-2.146804063664047,-0.890685549985637,-0.9932074678099223,-0.11175957292161254
-0.518966753981978,-0.09518153526377482,-0.5627742250497718,-0.22352737568826253,0.0,-1.0886777873694227,-1.736150397606556,0.0
-0.3630419705691601,-0.06218414920186355,-3.1429052334032743,-0.3512953737713387,-0.10229511749336506,-0.32778072726204854,-0.34751620163968955,-0.8130079849991372
-3.279437524569887,-0.4060940293194948,-0.46930487450455693,-1.193355118744309,-0.2929618883617078,0.0,0.0,-0.005999598266986261
-0.44700649341239274,-0.9096968619997448,-1.5659774669940498,-0.13247300907712578,-1.1233079438469007,-1.1895638184569464,-0.3734369555305097,-0.8609609314151596
0.0,0.0,-1.5563827890324564,0.0,0.0,-0.6396293339481307,0.0,0.0
-0.4954235939687255,-1.045100107603945,-0.23402687060615612,-0.7698616368150955,-2.935166959958047,-0.021023158094692462,-0.67894840918723,-0.6810337837255496
0.0,-0.5245514367585349,0.0,0.0,0.0,-1.0037364853544792,0.0,-0.00551203704932135
-0.007517894784404788,-0.6757844490831824,-0.7101681290920077,-1.3005918081490977,-0.12529433851696758,-1.4077198547809164,-0.24679454613751162,-0.10982578611481753
0.0,-0.6388554849228232,-1.8269346040640588,-0.5113091916341155,0.0,-0.25371052017860407,0.0,-0.4207566613050737
-0.1400810088251827,-1.8196031270910762,-0.07822250561106436,-1.755227749124825,-0.9125256064523466,-0.28422072002995424,-0.6308921930453497,-0.5652914372632427
-1.2433888771069244,0.0,-1.2095743093367588,-1.5668651103705198,-0.8693947087671958,-0.5238656546847222,0.0,-0.5943665842931232
-0.3681557947314271,-1.0905610615650527,-0.20055183953191946,-0.9427538640776776,-1.1137377244974047,-1.1024791367100715,-1.2992105850637943,-0.3708989810853902
0.0,-1.702124828309418,-1.5885679508835864,0.0,-0.33261560942818225,-0.809101729126743,-0.15461620296051048,0.0
-1.6344104050171238,-0.012243214760051302,-0.551426685722836,-0.7504733311853924,-1.748652232571418,-0.19437914204484041,-0.04390514838298287,-2.0185554957598626
-0.14880695178543224,-0.275618078602343,0.0,0.0,0.0,0.0,-0.6067454781041697,-1.2767418889203572
-1.6171083823395112,-0.0068614990219995065,-1.1407253146250405,-0.17644805392772778,-1.5889157067923634,-0.13660925258450707,-1.6461838569168181,-0.04380694997121193
-0.7617846824340981,0.0,-0.019944525210454422,0.0,-3.195412246735761,0.0,0.0,0.0
-0.3739975545883585,-0.1894756241504565,-0.629406815384403,-1.340360670417783,-1.6529141200933228,-1.2517286816446243,-0.35375312452171137,-1.0581499123510705
0.0,0.0,0.0,0.0,0.0,-1.2021166039489666,0.0,-0.7166486739242863
-0.2936868925221656,-0.3729137443714148,-1.4373804887930088,-0.48801161956023087,-0.9507319463405528,-0.04299235068808116,-1.088051519075993,-0.9775392194629342
0.0,-0.03469121119170815,0.0,0.0,-0.819611129705315,0.0,0.0,0.0
-0.830992399407128,-0.06380094738201425,-1.439208363840283,-0.8211383986097642,-0.4026891988747394,-1.9096371903404608,-1.3808974613832508,-0.014754957932264112
-0.8054665246944142,-0.8152631835579633,0.0,-1.1205951727388204,-0.8766310897123066,0.0,0.0,0.0
-0.5273953323349909,-1.3267668450262926,-0.13052626010909396,-1.6029989682679515,-0.38923540487006036,-1.186646744133884,-1.4031252504788876,-0.16622745052607346
-0.25234325161502547,-0.3276814032965678,-0.23460890940780033,-2.424973447782553,-0.6045141312038407,-0.2432583613543029,0.0,0.0
-1.0633560227237924,-0.25807796186171394,-0.7781723835147201,-0.5893809974824684,-0.8503101287004746,-0.23200879935786123,-3.0768902964356135,-0.005318028624088811
0.0,-0.9584350022185282,0.0,0.0,-0.831451251121976,-0.41548983092966374,0.0,0.0
-0.8421220349107319,-0.40914777153667714,-1.638744297670626,-0.713953058559194,-1.1972763305978722,-0.5773778422525524,-1.2269237785872793,-0.10946670189623475
0.0,0.0,0.0,-0.37975286108483,0.0,0.0,-0.11864562922645217,-2.012415273291354
-0.0997528206839089,-0.5651799016575714,-0.31567051460447093,-3.243002356775829,-1.664973463110937,-0.10314522827224604,-0.43501142808680004,-0.506311043117929
-0.07103955335405754,0.0,-0.6921233947595082,-1.0088267749447892,0.0,0.0,-1.7382809273249231,0.0
-1.3503160091476092,-1.0048606767001251,-0.4788473545447056,-0.8195965897954531,-0.037166845862016906,-1.031939161060765,-0.44386426141478097,-1.0369210408326062
0.0,-2.238461163638701,-1.1655478640058643,-0.19943793332867532,-1.4847998714740216,-0.001900486013841629,0.0,-1.0671748756225217
-0.22369141643030233,-2.3973989703701832,-0.46858566811651503,-0.4532865910032573,-0.1976393450667917,-0.1940647639234303,-0.04955655764811695,-1.7141411593316187
0.0,0.0,-0.252816591552552,0.0,0.0,-0.27051402430265625,-0.721332460263362,0.0
-0.448663699114082,-1.2601307785527212,-0.0185760794832035,-0.8639182670877572,-0.15433688361234932,-1.5219976201064043,-1.5529816771583649,-0.4472648441646614
0.0,-1.4025537807009822,-0.23003789083746717,0.0,-1.2868763183649152,-0.36257751215979095,-0.3248050735902783,-0.9670397559410429
-0.048988535779982634,-0.9753433121835391,-0.6294788799053297,-0.9196702360064952,-0.17653364801731009,-0.8096169605218009,-0.2566239852887051,-1.751768201967793
0.0,0.0,0.0,0.0,0.0,-2.536281988088385,0.0,-0.1313150153882896
-0.091930010013483,-0.7490666162110786,-1.1262156520873141,-0.768177573289968,-1.7983652275055784,-0.4278953953110767,-0.6091196142211608,-1.2375435586446404
0.0,0.0,0.0,-0.8062770005171833,0.0,0.0,-0.3551438861001648,-1.228901902139227
-0.4694433594036056,-0.4394707882484159,-1.8124048619622597,-0.07560720749820593,-1.2691169335759893,-0.24628145346311747,-1.1522164062209859,-0.678252729795318
-1.0307270761294012,-1.9372526767680007,0.0,0.0,0.0,-1.4318916780927209,-0.48005166055804604,0.0
-0.3136022106590417,-0.4765939392664471,-0.08563519254773588,-0.5158646205996691,-0.9987025240019696,-0.27120776129984314,-3.599574525476558,-0.22914477584136517
0.0,-1.6664672013070945,-1.358136078021289,0.0,-0.5689308104582516,-2.377527660831193,-0.224989853881846,0.0
-0.9215923003992881,-0.1746045198799635,-0.5979415837032738,-1.1785862583135085,-0.8655015036478444,-1.9140531368140437,-0.22654042457962298,-0.5955175022336201
-0.13733429384831108,-0.2957170661091144,-2.5517582934188603,-0.1506764505918019,-0.22638566543005112,-1.8327817960157118,0.0,-0.3081025047628536
-0.35750956740436557,-0.3080365346745806,-1.4644427355213807,-0.021355680249959264,-0.330298954516536,-0.1530139086969502,-1.3022925043260933,-1.3414529097203607
-0.5865508597695221,-0.6100802192690011,0.0,0.0,-0.17624164280073717,-1.3009772750238744,-0.7414968458111124,0.0
-0.022010671944011406,-0.08097957797060573,-0.291134927833653,-2.6135568910604716,-0.648193918138305,-2.3839844895497198,-0.27162265498530136,-0.6770199695852153
-1.7143195791631793,0.0,-0.7853682425666548,-0.16984571940031934,0.0,0.0,0.0,0.0
-0.6514464635989681,-1.9097811812737042,-0.9198440848497054,-1.6716595634553961,-1.2427867758551754,-0.0378756145768957,-0.2189827384242644,-0.26148152633854593
-0.2370821358602413,-0.2761150222247988,0.0,0.0,-1.2054463772495163,-0.40893060262892345,0.0,-1.1750970516737347
-0.5990546771957623,-0.25531265943952075,-3.2289761440283944,-0.3511273562961632,-0.6795075443846663,-0.4649732235355284,-0.41080062876606416,-0.7899005251368703
0.0,-0.007811274737008489,0.0,-2.2434307016785464,0.0,0.0,0.0,0.0
-0.24377081419281232,-2.8757582536653175,-0.8928382493706337,-0.5131998958201107,-0.728383793120658,-0.7299341211024579,-0.17148001563021964,-0.5731542725493606
0.0,-0.018281972774879307,0.0,0.0,-0.0938089921496772,-0.8943220083738819,0.0,0.0
-1.1142782788404704,-0.07574455904804189,-0.39851872362389607,-2.848423135489659,-0.22250249290436486,-0.44346118138307933,-0.45035167660056974,-0.3343228606322901
-0.45400824154709696,-0.19996404273869395,-1.7826065837640295,-0.7519212425961816,0.0,-0.041194777868322596,0.0,-0.8065956356305426
-0.12395961678998813,-0.37297083948548426,-0.4718998522223874,-0.703059893914844,-0.7142900443523947,-2.253768615559302,-2.027262878994671,-0.020865315462084588
-0.5534358343260095,0.0,-0.42584685558567426,-1.114562982360514,-2.7020886479582504,-0.049869600373216194,0.0,-0.6682432934507068
-0.019947926063106358,-0.46149469546974853,-0.7812222241150018,-0.33420732736866476,-2.310143879855004,-0.06541541342996471,-2.601639478093479,-0.2174935677142038
0.0,-0.056381246904832594,-1.7473616448655838,-0.7138267813137897,-0.06932866613495836,0.0,-0.08287345107195332,0.0
-0.982665577632261,-0.40346737587753,-0.5472606195013867,-0.11368107688603146,-1.0286610175673863,-0.7505884838647212,-0.7265928583149188,-1.1477505301133313
-0.7621804076502485,-0.3557261221222836,-0.58961534577886,-0.2674276448710362,-0.3470893424174939,-0.18128195805638825,-0.5727287982524132,0.0
-1.5824296606581179,-0.08552083193149684,-0.2857931681421464,-0.6210472325035763,-0.438181242672421,-0.03223619675948708,-0.622145681443321,-0.8787655819912805
0.0,-0.21060948053034423,-0.3128937462398369,0.0,0.0,-0.7382361924614669,0.0,-1.4443752028996402
-2.5837884076975515,-0.2830687427891645,-0.043286971277485264,-0.007695366513797985,-2.0676384649893365,-1.0514850497735635,-0.13542866023779965,-0.6780791371150077
0.0,0.0,0.0,-0.09788119163655029,-1.444702183913602,-0.5904685666727598,-0.32864751805527437,-1.4907840939042671
-1.3205791276019063,-1.3277710644262122,-0.7447119918669038,-1.0394292765258815,-0.09543630518598345,-0.5866267954487121,-1.1363333010009669,-0.21086665540484972
0.0,-0.6269402330851808,-0.11028085686905342,0.0,0.0,-1.6473635947424041,0.0,0.0
-1.0799288753611558,-0.5915315375911199,-1.0000444243916213,-0.3860003909415459,-1.197683372340924,-0.2704931741570178,-0.47083133837293456,-1.745270120574797
-1.114889830877356,0.0,0.0,-0.29970208295446543,-0.6646844364684252,0.0,-0.45171797713409845,-0.15873910686760428
-0.1671073418909721,-0.716650950415473,-2.773587676940899,-0.0752011271921571,-0.10284850694213343,-0.679536500478819,-0.9261183990967528,-0.6363783297700394
-0.6641979342028668,0.0,-0.4061012785092162,0.0,0.0,0.0,-0.9676666473462978,0.0
-0.7039841040646397,-0.40023041590906416,-1.601089333275631,-0.3152950205017797,-0.23228442464555332,-1.0221953309747196,-2.2983179494036037,-0.02334302153973855
0.0,-0.627808040207869,-2.2417252036180875,0.0,-0.3078505257505473,0.0,-0.034543185483951966,0.0
-0.051442875183247416,-0.47321460364311285,-0.33477638747222027,-2.17712735937042,-0.059018956288740654,-0.1345341779202256,-1.5737706006019447,-1.0569739939229184
-1.8321966400064138,0.0,-0.32102246022980907,-0.2513749701648287,-0.46776776106689155,-1.6324186777815708,-0.7601119455889478,-0.10348397451812197
-0.2362740775317853,-0.35658937796644885,-0.9318897085028901,-1.8654595504792413,-0.18359613341501557,-0.3577119884938913,-1.2408726432221782,-1.2601983361856508
0.0,0.0,-0.22697357185130684,0.0,0.0,-0.04822988063416833,-2.7643610032524393,-0.2929465058109253
-0.0444183773945781,-1.5252389922963658,-0.22795874789520365,-0.974361804261294,-0.5071944264329842,-0.040761000511629675,-0.7307033980707969,-1.5799311729633825
-3.079773873340308,-0.33745352600427125,0.0,-0.652462893749636,-0.18867191462213917,-0.1891352325959934,0.0,0.0
-2.2798210438801094,-0.30293563082536146,-0.11061355563271213,-1.047199650304675,-1.239894310133689,-0.3147741422161543,-0.6640601710385932,-0.613343542813551
-0.46189764982157033,-1.0512041414798663,-0.09592496930476191,-0.08151543518723248,-1.1724081983540433,-0.8934009282705349,0.0,-1.1718244791850552
-1.1807100531141517,-0.5745185456631292,-0.7016648743997198,-0.7730663717763164,-0.4496056482920343,-0.84944560446342,-0.9141812798706663,-1.4756853134121846
-0.6354097559185554,-0.7535848249906696,0.0,-2.030243320016341,-0.44945424726417826,0.0,0.0,-0.28307712253482453
-0.28439111489639757,-1.4898938450185897,-0.14509869828164668,-0.53930467135062,-0.11472998754300079,-0.9383912444256861,-1.472076445097863,-0.635718872098475
-0.6434549263646909,-0.4275007335235852,-0.7269006038131147,0.0,0.0,0.0,-0.1887248216454278,0.0
-1.0766045446067816,-1.4891060052772502,-0.9324178346601721,-1.342887901747801,-1.2004323509313313,-0.07568094117555368,-0.29565339508218713,-0.07230919275943393
0.0,0.0,-1.2470024941195756,-0.7365344379976957,0.0,-0.8224986843294584,-0.9431609305773341,0.0
-0.24287605910214705,-2.7731787942226562,-0.4173495259287927,-0.3010382965526279,-0.8091150044269311,-0.5688880421902587,-0.23231439795785924,-1.1266774867251712
0.0,-1.1620580708570678,-0.004275401612154894,-2.6599896067365547,0.0,0.0,-0.5704523178814442,-0.15995764470536677
-2.111073777656082,-0.6959549815223651,-0.3321554188621514,-1.3145218872150988,-0.19791892734432803,-0.024239742861862368,-0.019739522364080386,-0.9787735843473557
-0.7755034459875532,-0.05805354190456313,-0.679351346834026,-1.0087778110827852,-2.0959318727800795,0.0,-1.1595157958527622,-0.12064950859108059
-0.5511422324900188,-0.5617468875512639,-0.3706091685481967,-0.33334081948370464,-0.6626130538135317,-0.1683189569339021,-0.7961216498191774,-1.0750973729418902
-1.660193619094274,0.0,-0.27417173143808427,0.0,0.0,-0.4823758005321306,-2.148047034040758,-0.8239786553783333
-0.06774198205130677,-0.25748118521827745,-0.9622845632153263,-1.1212883882108642,-1.4651490989316924,-1.811204149217641,-0.06369552290405167,-0.3928111304161215
-0.35222221487107497,-1.5521361627042216,0.0,-0.1542415423382515,-1.4508090414829846,0.0,-1.5235960269661293,-0.5587949519169157
-0.3132848552959633,-1.852025072142749,-1.334362744698903,-0.8733568599525681,-0.19083764097524192,-0.8475619324181629,-1.1707396195883764,-0.053455304268931414
-0.7280565290782572,-1.112631386047826,0.0,0.0,-0.9080242311403959,0.0,-0.1310194065577841,0.0
-1.7834693220349562,-0.28918347012653633,-0.265300322353454,-0.4388499963704202,-0.20418252319454222,-2.8950981146332655,-0.9090979656900569,-0.07297168420188616
0.0,0.0,-0.28055335393168335,0.0,-0.155832518949369,-1.5339247174091293,0.0,0.0
-0.7977890501609437,-0.5068493054530654,-1.094542625224558,-1.6158537443182075,-0.9203173689654687,-0.8425972605143581,-0.4464328611845163,-0.1100930815999055
0.0,0.0,0.0,-3.7469869017771864,0.0,-0.1467573199551655,-0.895797706313699,-0.26117245483341023
-1.3432057395598287,-0.07896625288211911,-1.163564863958677,-0.3737935939649999,-1.210604413919902,-2.2284306470795396,-0.07619805628108178,-0.1989735201286198
-0.45637189689496616,0.0,0.0,0.0,0.0,0.0,-0.22070164084289878,0.0
-1.2963249164363377,-1.1353176021643057,-2.390996366036446,-0.10468371913632346,-0.13257138385081557,-1.3444730560175167,-0.13031353174295113,-0.18384233519210547
0.0,-0.7781884571041173,-1.8580987942545963,0.0,0.0,-0.12728593260099785,0.0,-1.2390661284153746
-0.934101688358747,-1.194407558715687,-0.018158381287066483,-0.3073460776629826,-0.11537803937075353,-0.10807649063392244,-3.018913095349304,-0.6486937080861699
0.0,-0.9553594625041955,0.0,-0.8677878514356427,0.0,0.0,-0.4847042339831136,0.0
-0.04463612151497642,-0.042572820657975186,-0.11741139916075394,-1.9591713310553622,-2.404805130763493,-0.6860674963516029,-0.9900985214618476,-0.4978443819083562
-0.5737320334685396,0.0,0.0,-0.27632872106115514,0.0,-0.8555064285655991,0.0,-0.04951054794912757
-0.1339024718206252,-2.4072019402837173,-0.37484656658759175,-0.7508407001561412,-0.5531527068511819,-0.3653323722768089,-0.23983273551855877,-2.1679532199821843
0.0,0.0,0.0,-0.2508173555094473,0.0,0.0,-0.08690087528376722,0.0
-0.9641839165042061,-0.152605798139259,-1.629295476944657,-1.5627813836432587,-0.03804013968307185,-1.3076451822408357,-0.07862871870425003,-0.34699714893203115
-0.29554031812745496,-0.47159771874253753,-0.15453977987439682,-0.5417053226635193,-2.237338620216395,0.0,-0.2679349389640482,-1.3563784519658082
-0.5790183956856492,-1.803008298498507,-0.6243970574386273,-0.49375286151033393,-0.5540224525491926,-0.38152013967178355,-1.2506689107537943,-1.2918986637685101
-0.36547326765163923,0.0,-0.31070814656956003,0.0,0.0,0.0,0.0,-0.5560390240471014
-0.037284554685033555,-0.9262868954901746,-0.39039102447174745,-0.35057351708347184,-1.1067875194287602,-0.20580022282489274,-1.5847594238008478,-1.310776935923685
-0.4713970079181635,0.0,0.0,0.0,0.0,-0.5585330105539175,0.0,0.0
-0.3330031375590181,-2.7817525989590566,-0.08012977580852265,-0.12062427702169298,-0.009896585216186082,-0.9451770248958145,-0.21778293646297975,-2.2701662190082565
0.0,-0.925396843414199,0.0,0.0,-0.8929819555554896,-0.38976693529134643,0.0,-0.01949235100810487
-0.6208895779106314,-0.9054887669877196,-1.1039883007248008,-0.38732625540603305,-0.1336522027069149,-2.556616592326006,-1.0945535462936338,-0.1588828386583696
-0.14449235001162286,0.0,0.0,-0.8759721605778008,-2.7828475315906065,-0.3002931837190097,-0.2868943861188846,-0.6919879024322597
-0.44220483445833025,-0.9828851584188794,-1.562438484410877,-0.2722893753235418,-1.3220103284805678,-0.10640134009836899,-0.1854798761591896,-0.933721088007915
0.0,0.0,-0.34644841797656056,-0.9288442439783253,0.0,0.0,0.0,0.0
-0.4047404529791434,-0.5605814583223117,-0.04335144195769214,-0.11857714745912151,-0.8104417778098814,-0.3562873595544964,-0.8543396107696379,-1.9002129856135896
-0.6539813703321329,0.0,0.0,0.0,-0.00013508585559041109,-1.4730307093444495,-2.358904142814315,0.0
-0.31875593681977943,-2.611437986410282,-1.292089204951167,-0.4787256299037761,-0.16121294793402452,-0.09828776523487015,-1.0183796418071314,-0.2665736510682448
-0.3884940280291076,0.0,-0.6021373174992632,0.0,-2.4252997166035692,0.0,-0.3626617085208652,0.0
-0.2564923888829824,-0.29653560095225107,-1.1170638173031016,-0.3578692263947998,-1.4027074858762623,-1.7456500108340425,-1.1660235772390983,-0.3714077898105739
0.0,0.0,0.0,-0.30164785805502525,-0.3179991702893332,-1.0482906520695288,-2.555406668671158,0.0
-0.16154666966604747,-0.04553494020261617,-1.1684723538734536,-3.147535830252084,-0.5830692857789526,-0.07556297277485413,-0.10199092909283003,-1.0229814866841123
-0.7156581907447208,-0.49469803284940994,0.0,-1.1295831165267876,0.0,0.0,-1.5214353126757238,-1.2065153386107097
-1.5120402878747194,-1.9019949336384672,-0.2144623186562411,-0.07179165495833573,-0.5214563556230836,-0.6783921183338304,-1.5769671299846015,-0.27109481974673244
0.0,-1.3873549658573818,0.0,0.0,0.0,0.0,0.0,-0.7330965477959932
-1.3295879271207003,-0.17478104016207752,-0.28057482202677253,-1.3866833631186068,-2.305622022583587,-0.5822014398335682,-0.230628781664854,-0.3457266086753181
-0.13791215846020233,0.0,0.0,-2.0944690559986565,-1.936301746599817,-0.38200899991987836,-0.7777371863961138,0.0
-0.5155310718327852,-0.27097057741022734,-0.17956586279094466,-2.1709249110981146,-0.3120180310061178,-0.30882292110039167,-1.7224363000849507,-0.9611766761554597
0.0,-2.743227455001909,0.0,0.0,-0.8422162503992761,-1.3478821010178361,0.0,-0.6906379719702196
-0.5368307894276612,-1.3551608617246202,-2.071341792410937,-0.6554498659891559,-0.3305939613175273,-0.378066497384677,-0.5592466018187441,-1.0097069414162014
-0.9496091844016181,-0.7450724442727985,0.0,-0.22908258587676666,0.0,-0.8028220186747301,-0.44342798607545575,-0.12544039260933992
-0.16056989094597984,-0.49196677367350006,-0.6810217248932835,-0.7022388702387845,-1.6795869708436024,-0.9840422909244051,-0.8896341640836782,-1.0194310162429145
-1.2519154627738764,-0.7392645656488259,0.0,0.0,0.0,-0.6020929942391167,-0.650602922796776,0.0
-0.7984746738042308,-0.7336372411525849,-0.5803850072029411,-0.5335554809405716,-0.3180572019189434,-2.28183240067482,-0.21471227164341755,-0.7472012057794934
0.0,0.0,-1.2459036811472304,-0.857809621348868,-0.6682064688943594,-0.4895571064385811,0.0,0.0
-0.29138729625236603,-0.11299567107146213,-0.6393172155183597,-1.0760015912019627,-0.105041761504169,-0.8480961704414982,-2.580181870670474,-0.22523438403680895
-1.155649871046025,0.0,0.0,-1.5382652241201793,0.0,-0.6172249891936215,0.0,0.0
-0.556007655573576,-0.859684804589218,-0.27787266872988514,-0.6318425233459815,-0.6465541818035607,-2.0817809024099247,-0.008795751376459826,-1.8247839426290469
0.0,0.0,-0.23409751680590762,-1.2139353446592764,0.0,-1.495452012830759,0.0,0.0
-0.8186004945106156,-0.20904519710926106,-0.023605540075292808,-1.15005450745939,-0.6815034481776614,-2.7407538425747484,-0.5252269160814826,-0.27578304838412304
0.0,0.0,0.0,0.0,-1.8790714203879215,-0.6093109526543286,-0.7139620083227847,-0.24891704644592672
-0.2439363789718989,-0.0704862799999928,-3.041477660123473,-0.19081655263710484,-1.6032819470561357,-0.41815113092135014,-0.7211926981741694,-0.6100305084845443
0.0,-0.6546998117461555,0.0,-0.16435722343644255,0.0,-0.09892248350275512,-0.4465790896957511,-2.592528822684443
-0.14532879594323145,-0.5856775124516993,-1.571237205839843,-0.6303001467410532,-0.11558881346502048,-0.6656649409589477,-2.1995562369243995,-0.8090165921232524
-0.49175044307073357,0.0,-0.3257448672715979,0.0,0.0,-0.09800479096487624,-0.5700707546565909,-0.05674733858414793
-1.0698977873648285,-0.9765602345286348,-0.22429568132167788,-0.577909566496797,-0.18627371028142115,-0.6712770905863108,-1.9999530653953297,-1.2420056786968994
0.0,0.0,0.0,-0.27506419591695064,-0.062335766199066,0.0,0.0,-1.1151465461845973
-1.3579409812494276,-1.2900917210954903,-0.06490535259771057,-0.4873521511329093,-0.3575829954840568,-0.5129873716431934,-0.4592643192730099,-1.499392967673768
-0.3893976599429809,0.0,0.0,-0.9772576864719493,0.0,0.0,-2.7036674693420073,0.0
-0.8639606081790561,-0.11974286018913993,-0.4919689179697819,-0.05149467754214765,-2.5736769018208205,-0.8705664369367678,-0.8429186617909199,-0.3203281531479414
-0.5971787284569032,-0.5002278537264022,0.0,-1.3949640506619065,0.0,-1.8116846862720024,-0.29230115709339977,-0.5659887478439618
-1.4247326797336868,-2.866163106570742,-0.1838145004576175,-0.013754500979512585,-0.31212540745491335,-0.4272876098208007,-0.4828460157390815,-1.0738790908987532
0.0,-0.9230648189244377,0.0,0.0,-0.49637526313699887,-0.7215713313060634,-1.2343121482685495,-2.4671045973899783
-0.5831991498501683,-0.692672188941966,-1.7883703022095974,-0.2728179644833393,-0.6432227480193102,-0.43345289968327894,-0.26646390605957215,-1.540960500016916
0.0,-0.7717872250866638,0.0,0.0,-0.700202226144861,-0.20772941398761446,-1.1619937722840676,-1.02880914923709
-0.2357769138074488,-0.6648121585689006,-0.7884285578319199,-0.02568322676723689,-3.308711221662616,-0.4507826452499497,-0.15277439114524682,-0.299549804413461
0.0,0.0,-0.5085980349175045,0.0,-0.9006868592272923,0.0,0.0,0.0
-0.4869565596136569,-0.24476167463029253,-2.9123748282117807,-0.006860339404029858,-1.7815857509234139,-0.07972971338363077,-0.41536443754687813,-0.39695087869813683
-0.05554070399810307,0.0,-1.9806518536911053,-0.2712992447557001,-0.3324143890429836,-0.44157799994060376,0.0,-0.33442061720590743
-0.4215149635310125,-0.059768934383816585,-0.7814443294380835,-1.8949004230129418,-0.6516387002869841,-1.3265185236018375,-1.046302847503994,-0.5460524604841455
-1.2844060383386768,-1.2938945058110782,0.0,-0.03699460295565249,0.0,-0.1372625477569791,0.0,-0.728657030796743
-0.3622965208598261,-0.06707771085720182,-0.9940257204542355,-0.5256406828941032,-0.16488318960850545,-0.0901917050388068,-0.10132567557163608,-0.9805711039759748
-0.9418972030114467,-0.3774583182715432,0.0,-1.479883022419103,0.0,-0.5343491402268228,0.0,0.0
-0.2665230829986296,-1.5686887483272773,-0.7285569360930841,-0.010931837439096093,-1.0485768972054972,-0.41784313487437696,-2.7436588012607785,-0.20150986188875208
0.0,0.0,0.0,-0.1469016356404209,0.0,-0.7170165742719998,0.0,-0.20896571170290734
-0.0023100283421362278,-0.18319777452019181,-2.6106991270894317,-0.18466180806145616,-0.21977673049295987,-2.0727535720766355,-0.5561226048906756,-0.7592699873613169
-0.9645314548593342,0.0,-3.417703628870146,-0.559634868733248,0.0,0.0,-0.12393179366238716,-0.14592936876039353
-0.03783203477740393,-2.2078232225538326,-0.3943451894303749,-0.40301993175788553,-0.05112128322757048,-0.0777062035461098,-0.16179309337454306,-1.8157513715334916
0.0,0.0,-1.2170513807661587,-0.021138985853493608,0.0,-0.18550684787774685,0.0,0.0
-0.735890375316445,-0.9323282171070861,-1.0165569888807333,-1.1984895402959452,-0.10805402520382579,-0.096002587607118,-0.45648588035208437,-0.3439308509515451
-0.6674525968746234,-1.4384032907594317,0.0,-0.4380601490455005,-0.04483094185907355,0.0,-1.604928085162304,-0.019017655564698366
-1.3042363761087516,-0.20076315072937145,-1.0540055628497225,-0.0033702601925105213,-0.24457799449314255,-0.48529815906767215,-0.70101559152166,-1.6736726771882635
-0.2007467545005177,0.0,-0.7322461120630663,0.0,0.0,0.0,0.0,0.0
-1.0445536727765212,-1.226565599278973,-0.4377464995731044,-0.5083935347388717,-0.6511514739471336,-1.0851725756650925,-1.0563035054326173,-0.9457993874707116
0.0,-0.29671558357266203,-0.8556420346754416,-1.684951186927444,0.0,0.0,-0.6506370583947421,-0.03469786732800273
-1.2579063690809749,-0.21547413722956588,-1.031941712895435,-1.004309040442088,-2.479218098180759,-0.7753685029322552,-0.09163077471944003,-0.03645046238760319
0.0,-0.7605617277624601,0.0,0.0,-1.0235608344875757,-1.9369843650209884,-0.4851943613591452,-1.5204074343993996
-1.6924364093910516,-0.45465070360485615,-1.3364001164324693,-0.6110380425806543,-0.0063368142231503555,-0.39998335275983976,-0.2534255081926098,-1.6756857962624876
-0.4474456200533936,-0.581186801639797,-0.8606481587754002,-0.007105599188930611,-0.922894394840295,0.0,-0.9373789956584879,-1.3348446651257673
-0.14227621289037629,-0.05240626838766449,-0.8221678388351563,-0.07633377478887571,-2.2379747169453728,-0.7506700261015737,-0.20161358247414451,-0.9694614211692985
-0.6172525562331197,-1.7447178318575283,0.0,-0.49833500734873937,-1.269419566511111,0.0,-0.6992728803530044,-0.5193199301964802
-0.5672907706345649,-0.6778637705780444,-0.7343539164023012,-0.1857691832304127,-1.358192193519999,-0.6121540564826242,-0.9241904295362433,-0.4806353363662579
-0.03206596697390829,0.0,-0.22949367610268645,0.0,0.0,0.0,0.0,0.0
-0.24282117787007973,-1.4070283188156898,-0.32962799513866514,-2.258761762510731,-0.14249679194394282,-0.7914468829745402,-0.27879735945605066,-1.0203913285560233
0.0,-3.1912984265213935,-0.0699274521402593,-0.03950379908667845,-0.21401431720492248,0.0,-0.2324773561076725,0.0
-1.0102084998369616,-0.5889511582391691,-0.21608821478635054,-0.7123429633431986,-0.7293537687585729,-0.5662878195194496,-0.11715239490388285,-1.2133018949794936
-0.18994880699005634,-0.7161733632849581,-0.09978084559341305,-0.005508088018491009,-0.5998463687964009,0.0,-0.0825965429371216,0.0
-2.129264698635108,-0.027590345867223753,-0.43953707829014377,-0.2863200775433974,-0.0007736486844143187,-1.2681896852198484,-1.2561685605539825,-1.075549190848899
0.0,0.0,0.0,-2.2526650145847924,-0.033356722756092694,0.0,-0.2948544603253733,0.0
-1.0431562538223167,-0.21142416233004813,-0.3698525869493343,-0.41827524872817534,-2.7400298394037845,-1.2255395350895304,-0.38756393424818025,-0.3444909800311997
-0.9267276127796009,-1.5082339447708941,0.0,0.0,-1.350225685355774,0.0,-0.2554939443508397,-1.3304315609030164
-0.1817909251238614,-0.9671507919535065,-0.42443745509797903,-0.7085324398344701,-0.9301487513149977,-0.488170401981332,-2.9209138560940717,-0.11854856142708403
-2.152752800008428,0.0,0.0,-0.03289983542843533,0.0,-0.06752232716829187,-0.3050451676110475,0.0
-1.1484137826653171,-1.3032952451730688,-0.7605593578169847,-0.16035521846331502,-0.8153931486397079,-0.23238826623971232,-0.11452594287746454,-1.360465667636884
-0.82642526860226,0.0,-1.859232608128651,0.0,-0.18283426815133375,-0.10381368467791141,-0.8304069100293976,-2.7607714390269944
-2.258940385832938,-0.023131235706827624,-1.206897648613209,-0.20321126174155957,-1.213175440934073,-0.5157245220344056,-0.6762508876374032,-0.6451034981279591
0.0,-1.3983852859629513,0.0,-1.439116124468904,-0.3712614409238322,-0.7524068619277999,-0.34954363269808475,-0.4692152912019001
-0.7048306391790886,-0.6297534938520926,-1.2501200196851059,-0.03922627952804536,-0.7879919951029022,-1.8738640244406808,-0.8867544916801933,-0.5441995942724143
-1.4448894299153787,-0.23385537021299463,-0.28911683354123596,0.0,0.0,-3.161943019805466,0.0,0.0
-0.7413908105779177,-1.3946294023500698,-0.006446770886234354,-0.44283000543834294,-0.5647020054999983,-0.9629754183324755,-1.652431083982055,-0.45358994386694373
0.0,-1.0644554011863159,0.0,0.0,0.0,0.0,-2.2650238773591393,0.0
-0.4059499162333138,-1.5582673831240665,-0.23694251581506265,-0.42456355254679146,-0.026918897770812578,-0.23973694572328696,-0.8642784151885152,-1.3146658391422088
-1.0417456303846064,-0.25284792751543517,-1.871062887132597,-0.09155185327645476,-2.116811446649473,-0.6015169206244382,0.0,-0.3702241732687659
-1.7422731383178967,-0.7817506285975062,-0.3583942808147418,-0.29228683483776763,-1.177948375971292,-0.3302422428024334,-1.135138691779539,-0.8230015151442025
-0.08570474217405355,0.0,-1.0810953753367079,0.0,-1.4816811330761261,0.0,-0.5238633298033566,0.0
-1.4640410146235059,-0.003846433082852485,-0.8428333344765724,-0.29304069099968455,-0.09951436445421535,-0.980158847202599,-1.310313524901332,-1.9685902047327124
0.0,-0.14736249852602423,-0.5961331965718024,-0.961845629032414,0.0,0.0,-1.1295891906827764,-1.4648657328421022
-2.0285128241689696,-0.24241569129199725,-1.6142491463070634,-1.2462792366154973,-0.23322519444701317,-0.6309935684011876,-0.19592841627537272,-0.5339172519700606
0.0,-0.5245930519306121,0.0,0.0,-0.4550285237959022,0.0,0.0,-0.7194099551110886
-0.8722034741471179,-0.6148866190400089,-0.7739681905390245,-0.22155740968902915,-1.7626850853340796,-0.43582049877999296,-1.1883883881218287,-0.2857927488428951
-0.9638183190078307,-0.4905408496916026,-0.27535643708295154,0.0,0.0,0.0,0.0,0.0
-0.2682018215465307,-1.5589586070693047,-2.3862543099005684,-0.9025775649596826,-0.7084067484002183,-0.6459367678543071,-0.018494476452581843,-0.1856532204472039
-0.31490592973946896,-0.9562053604709941,-0.6748130459838215,-0.0991722830565882,-1.6401604445346996,0.0,-0.7911664542476569,-0.47706991046480063
-0.008200190640759608,-0.700190595861641,-0.6965690268894029,-0.2964143143731617,-0.11560977159815522,-0.597152464249838,-0.7172947396505975,-0.5754505060348745
-0.5820621647498063,0.0,-0.45256354731583937,0.0,0.0,-0.5966754471578248,-1.0587103554004536,-0.5462955103731071
-0.16028566405602707,-2.1687244710487157,-0.2829019676386011,-0.09244009835156852,-0.41927015834427195,-2.4318299272961124,-0.1351079682792644,-1.0819250449870523
0.0,0.0,-1.1598844404450919,0.0,0.0,-1.0112203438804626,-0.13327136098362935,0.0
-2.0505783989626805,-0.1916624297659224,-0.8435405868451316,-1.0283327309297103,-0.29946185422233373,-1.0663047902582417,-1.237619461270766,-0.06464819969664592
-0.1456192108931571,0.0,-0.5802940360564799,-0.8467429913961482,0.0,0.0,0.0,0.0
-1.2920476853427258,-0.46720825156858137,-0.392764681631407,-0.0907692957033257,-0.8548123111241637,-0.6763201393656448,-0.6504566087034602,-1.9068730736237143
0.0,0.0,0.0,0.0,-0.9869995874000548,-0.9661024953666493,-0.04544242259498432,0.0
-0.11645297580267666,-2.113185338451528,-0.9760337170013758,-0.4832155936002671,-1.1187858358322789,-0.17501354855530238,-0.16821386819132655,-0.17181628665584014
-0.4329336945828297,0.0,-0.3520570597431876,0.0,0.0,0.0,-0.8970218593747976,-0.24220983752626868
-0.7611515270882174,-0.4735828080899287,-0.42046615674418586,-0.9949701944047771,-1.0579986925090106,-0.20513706223584371,-0.18077759154269923,-2.550285130151976
0.0,0.0,-0.0038190894385108365,-0.32100802875952006,-2.3352406265362156,-1.90277258621132,-0.11582736319319498,-0.5237460921439547
-0.6379920071514658,-1.0276343092529974,-0.34066826935205974,-0.5170073728769324,-0.30994270064355334,-1.1395076727933837,-0.7085374424142019,-0.380794743334504
0.0,-0.42646906362546133,0.0,0.0,0.0,0.0,0.0,-0.08714341427438654
-0.8901658514982111,-1.050501574856514,-0.20065525084495484,-0.03287587312502804,-0.6475012244815908,-0.47524743724674856,-0.6100179219815001,-0.7929798484347632
0.0,0.0,0.0,0.0,-0.005337793133103119,-0.11411398772859283,0.0,-0.5106070075639897
-0.8736091897118916,-0.31918032325278745,-0.4406897093207647,-0.11704414932675178,-1.0880808144726535,-1.3516154869091013,-0.73381395421071,-1.5987505598932152
-0.1871783569239014,-1.3032027891839402,0.0,-0.681627321860713,0.0,-0.37830883035890484,0.0,-0.12180014011868501
-0.5519662823939342,-0.38696350275825253,-0.4630330840936949,-0.11700259643176736,-1.2026075559049332,-0.5801238860857776,-2.770428082793285,-0.5220924565781457
-0.9298784247718777,-0.29986096064954726,-0.3565438398450489,0.0,0.0,-0.1951982224472184,0.0,-0.11350263670984972
-2.544348159275679,-0.11468473359504117,-0.8183412472417109,-0.30180330593487614,-1.0503429835764138,-1.2078716908196805,-0.6097572023276294,-0.024544802780127384
-0.9475499853451819,-1.9086517436117179,-1.0586838439452801,0.0,-1.3346675120208218,-0.18388986621968506,-0.3540524076924578,0.0
-0.29214729963577213,-1.5821681179781901,-0.22401058182210232,-0.9681693384615011,-0.9844232193425198,-0.9617340172493094,-1.2137072696379425,-0.1736559393090209
-0.9109623094859343,-0.2713515905739987,-1.085878090167128,-0.23364693154773075,-1.5821489255938266,-0.1486656243776494,0.0,-0.48320621532294883
-0.09561200468792475,-0.3438249099810866,-1.6562432558890192,-0.040286646353607125,-2.5597514856195733,-0.7010023682816691,-1.3276290000010569,-0.10072775568786962
0.0,0.0,-1.4246602429903703,0.0,-0.242530472481171,-0.35643083607773374,-0.8728384218270442,-0.005831034675049196
-0.00956638136402077,-0.5841199256888991,-2.6781868415478876,-0.27224655074085913,-0.26196445172037564,-0.9347361915403694,-0.31752306360412863,-1.5898293284063678
0.0,0.0,-1.2423342007456402,-0.32474130565434756,-0.2411513747985694,-0.9950820205357598,0.0,0.0
-0.8144242331746359,-0.8744919592820395,-0.14223238423217666,-2.3693429976068696,-1.6017208626112147,-0.01066236749476257,-0.24763156552189436,-0.29054550961468717
0.0,0.0,0.0,0.0,0.0,-0.6732391867116148,-0.3277797999607639,0.0
-0.20300579774012384,-0.7409136409635799,-0.9323894647374988,-0.0009142546405920271,-0.47976229746228505,-0.07712718515713046,-3.6418109235716187,-0.4696654502732862
-0.13898958702880293,-0.6001207942549396,0.0,-0.4025801805205811,-0.694321263400858,0.0,-2.0581133113326997,-0.04452696585730198
-0.9208865360935272,-0.03760989867611908,-1.2525705663481324,-0.18344988019078912,-0.42853794076785956,-0.09592775009612087,-1.0548818778783318,-2.91025524706124
0.0,0.0,0.0,0.0,0.0,-0.2900937422849932,-0.739087948230714,-0.8252674265224176
-0.02138009448191891,-0.3964787046443776,-3.5260818087206447,-0.39905837844026504,-0.4215191137963128,-0.5003966045517618,-0.8734453847788988,-0.5688234593897867
-0.6436291255222448,-0.9837984254428784,0.0,0.0,0.0,-1.0817097776211932,0.0,-1.180371037683602
-0.15951139444679363,-0.0005251014916733965,-1.845291170176914,-0.08454647055794062,-0.6920738666973305,-0.8191109311558797,-1.0844422407182934,-1.0023197998482
-0.018660417837793375,-0.2739681211790579,-0.9630951469192555,0.0,0.0,-0.6130949941718926,-1.1893358327533141,-1.6892224696587714
-0.8039796822057541,-1.0035572608229817,-2.475623504158884,-0.4842167008157068,-0.5438771613802462,-0.06251268440492463,-0.040830423582805864,-0.7529161380567944
0.0,-0.9335902624844898,0.0,0.0,0.0,-1.5005573882737009,-0.9269039754273667,0.0
-0.8865806271208125,-0.21449876131771273,-0.2127976903081148,-1.4694175468451487,-0.38816527323379013,-0.2082291338534228,-2.659103498012657,-0.828434914225002
-1.3837778472412587,-0.8567601229580903,-1.0631929252755423,-0.017312768650430854,-0.18879005882532063,-1.2317267925906625,-0.4140078017287996,0.0
-0.38686117626678485,-2.428107399027909,-1.135768413418873,-0.43316210243390785,-0.49458616506805697,-1.2609194492203972,-0.5203813419513921,-0.33472232650070133
0.0,-1.3567091221834193,0.0,0.0,0.0,-0.7645171059678608,0.0,-0.22156939354512772
-0.5684117625915448,-0.3217886807505881,-0.9976785501987342,-1.5125382701299,-0.3180847701860756,-0.41603928688071345,-2.6308066107177677,-0.146513849012198
-0.35146847151913896,0.0,0.0,-0.8508854669214081,0.0,-0.0014579138756758425,0.0,0.0
-0.6549280439315917,-0.04346999028776466,-0.8353208213118766,-0.2255334194141403,-0.12231828923644006,-1.0532924298147028,-2.696200761507699,-1.0471325537588472
0.0,0.0,-0.7647537265690634,0.0,0.0,-1.8876558558976102,0.0,-0.1116279012004382
-1.1010414845486167,-0.18551050266643365,-1.052343222622886,-1.3305818057982322,-0.15131435240942803,-0.29961303406226314,-0.14874429895182217,-1.0510585741486915
-1.8640582820977372,0.0,0.0,0.0,0.0,-1.7451535421003896,-0.4379724890438368,0.0
-0.2836891156914776,-0.442433740810948,-1.4526837254757625,-0.9102579419732164,-0.19822653925183875,-2.692826866952063,-0.6798140256340259,-0.1177495837320146
-1.1705852358644382,-0.22715905118933932,-1.2828195530469095,0.0,0.0,0.0,0.0,0.0
-0.48053013298580893,-0.5049176343196482,-0.23146304782188043,-1.2904013240326169,-0.17296358095353614,-0.4312684723387026,-0.07712485308123274,-0.19291483531376752
-0.027955812362996824,-0.7731431102768811,0.0,-0.3384750170325166,-0.05643380962932465,0.0,-0.920483268439245,-0.045292608732173
-0.24902800245625567,-1.9650655073176653,-0.0645958499028012,-0.06966034072227334,-1.2782933947014419,-0.018828172569599566,-1.5681349735093333,-0.6528675240021133
0.0,-3.0434913669158936,0.0,0.0,-0.3269769581808557,0.0,0.0,0.0
-0.10477714493774304,-2.034660745572787,-0.8919540529032872,-0.707204463192685,-0.7167658570693822,-1.7255116230899832,-0.14235264750093002,-0.458335052577862
0.0,0.0,-0.8151130642467992,-0.16968644988307258,-0.44074840954874794,0.0,-0.5480881301896794,0.0
-1.3047640499782744,-0.31168308886115614,-1.4161525316317594,-0.40412463427025713,-0.8835361054117721,-0.1592307819787484,-0.5740671651360936,-1.7407902145437406
0.0,-0.29407275752632156,0.0,-1.2019061589179874,0.0,0.0,-0.3236061451256953,0.0
-0.20030340111923728,-0.031309235419540116,-0.44441642861445096,-1.5291341785089374,-1.2056737032002856,-0.5606091948855987,-0.09048019833624554,-2.143772823107005
-0.12430461340043131,0.0,0.0,-2.2542207088157467,0.0,0.0,-0.4696269975562455,0.0
-0.4204575512944295,-0.5371773208037043,-0.6034716264819453,-0.3362730585586551,-0.2504261412878632,-1.006495653303304,-1.2272530264703008,-1.5628321731351713
-0.130233232329509,-1.7784782175140403,-0.38639915498263644,-1.3700897678963155,-0.24974668040317738,0.0,-1.199438008624873,-1.609496724466954
-0.08606937838347051,-0.8324650439597505,-0.3179718455130116,-0.4578977168633669,-0.7422542094504072,-0.11188741538138913,-0.14546969772665008,-3.126847945018662
-0.2773024430008828,-0.05676573898650972,-0.5384467860021358,0.0,-1.9499714571714026,-0.8869603820704306,0.0,-0.33709452484572644
-0.6559118459228479,-1.3450215022362926,-0.6220404431267985,-0.13471088970703882,-0.16342082052917561,-0.5055073955097393,-2.642883231788039,-0.8340759757799487
-0.5393579939205679,-0.08181268210763104,0.0,-1.5057440048239474,-0.9369387212393141,0.0,-2.060847073610434,0.0
-0.2345700858077855,-0.5080133097818953,-0.38421061377729515,-1.6176277472314604,-1.082092540352357,-0.17389498613815402,-0.14217976027427426,-1.6586145158773578
-0.1742554497425859,0.0,-0.8905840679145669,0.0,0.0,0.0,0.0,-0.0724313095825293
-0.05828886819390178,-0.3160721460300513,-1.8702763174367751,-0.4791627941233063,-0.14098066453591152,-2.8086140385594467,-0.30138831799406685,-0.4380229052734741
0.0,-0.5162622427910879,0.0,0.0,-0.05798428599563721,0.0,0.0,-0.044583325016827935
-0.4431313997704365,-1.9418048010633129,-0.9285562517423802,-0.8679417520612702,-0.6570207802879011,-0.8271852210277828,-0.898878003342924,-0.19928669352772843
-0.32117422862671674,-1.3400369432310253,-0.07501649849317005,0.0,0.0,-0.15061554958079437,0.0,-0.7899839517953255
-1.5599062451543277,-1.4294983245206847,-0.8489255179189561,-0.2100830729983887,-0.25435633522994916,-0.6957982865937034,-0.4052204405938058,-0.5748201257086976
0.0,-0.6108447283643015,-0.37691182349831465,-0.8551787833500981,-3.1450638976321534,0.0,-0.09871172315427579,-0.9710134085547253
-1.7672817285764388,-0.14115977223371168,-0.40479357985743913,-0.9736267448137026,-1.9824524084613664,-0.7871381583717376,-0.3726232373591758,-0.1245012640797949
0.0,0.0,-0.8358063763763521,-0.26637766590962375,-0.8764038784732238,0.0,-1.4589902336015772,-1.233305802007635
-1.4183861308614514,-0.18389671455800105,-0.57727995626,-0.7945364258827441,-0.25724606580059817,-1.9161462281608221,-0.5279355552708793,-0.980524961401918
0.0,0.0,-1.236692016027928,0.0,-0.3252559661101868,-0.8331311817877545,0.0,-1.261413518177073
-0.7799262319108333,-0.7178873196067688,-0.8237196913984492,-0.5699894145588518,-0.3710973162871225,-0.2737036530429684,-1.250029083848096,-1.0795507652477312
0.0,0.0,-0.7612451535688223,-0.18611588341764662,-0.022563678563305878,0.0,0.0,-0.051399091973438615
-0.6182799980881253,-1.0076172520836657,-0.08567686667984642,-0.2935571339731968,-1.2114974120110409,-0.7567470462813226,-1.369351234373121,-1.493438954945054
-0.3200997656070683,-0.8391005841212458,0.0,0.0,0.0,0.0,-0.047648328754934965,0.0
-0.2541020596464705,-0.018473657755032846,-0.8461047550213774,-3.1401073690290273,-0.41556648801498497,-0.7495605320351499,-0.8810405250013069,-0.05568898037424841
0.0,-0.371424000336936,0.0,-0.01605203649243858,-0.004527775141687229,-2.477377322654905,-0.10554521719087973,-2.32392926526206
-0.2048061064587312,-1.3784795520705702,-0.2719497428745319,-0.17711962445071538,-1.5450957094345696,-1.642846980061477,-0.1464637563997293,-1.5314242596029644
0.0,0.0,-0.2615825300659882,-0.38563426739916196,0.0,0.0,0.0,0.0
-0.45602370543925996,-0.47562100419163933,-0.9797540685208563,-0.4816964286851464,-0.20836949329962895,-1.0005402754900974,-0.37526487529971764,-0.7792724609487998
-1.0398006524228292,0.0,0.0,0.0,0.0,0.0,-0.740600637138269,-0.15051332714186216
-0.38524580148517096,-1.7406429472891958,-1.218836109261952,-1.2771625899693744,-0.5732418937641093,-0.20773817424536833,-0.3036223220313463,-0.9072235571161302
-0.9412631600318822,-1.176294457400921,-0.3079149927429361,0.0,0.0,-1.8778568211960405,-0.49010226671974166,0.0
-0.25326603117270796,-0.44553407744942675,-0.30538848644291683,-0.23932096680976667,-1.6758515186398615,-0.856475062981711,-1.1838565526219949,-1.1600613114419955
0.0,0.0,0.0,0.0,0.0,0.0,-0.9003447319880014,-0.4673894359054733
-1.1125477394577574,-0.012074127430981463,-0.31589477802798704,-0.5658297352563215,-0.07747311137021295,-0.36678790103904113,-0.8820030915705104,-0.7458497982994228
-0.5737890450529433,-0.20713157767071344,0.0,0.0,0.0,0.0,-1.7066264733499033,-1.0960056330851993
-0.1610590359285542,-0.0590611842333697,-1.461155827609029,-2.227527287446051,-0.610102016567799,-0.04801785364044697,-0.8888227350616225,-0.24771193648671908
-1.3848754686859053,-1.8796938131166971,0.0,-0.3951140958418593,-0.914440796823266,0.0,-0.05809949307028628,-0.11075049919803792
-0.019473625870397804,-1.0535790264091345,-0.7550357514782453,-0.08572793555130076,-0.39106822708228517,-0.41245307694256805,-2.7105963756575058,-0.7010807743078811
-0.4548954686495845,-0.8791937401758467,0.0,0.0,0.0,0.0,0.0,-0.5185191516211338
-0.22221305012419723,-0.4748688468723783,-1.792458513144517,-1.5048172034859881,-0.5918109328534937,-0.3507022773807815,-0.6358516442789135,-0.2956034606786062
0.0,-0.03650771030063105,0.0,-1.8794849448650384,0.0,0.0,-0.6305454531649355,0.0
-0.6610142002427803,-0.11458365430869222,-0.7410497847092206,-0.23901756455502365,-0.18303103865720516,-0.6095458658775854,-1.4535657099036108,-2.97098217819729
-1.0206984498882807,-3.2078740519416566,-0.580038636272521,-0.0120998369983365,-0.8641174930268658,-0.383343319257091,-0.31871320002701164,0.0
-1.0093337403710985,-0.4112236524357744,-0.12437384775154037,-1.7912530291476827,-0.20009673779053738,-1.5035074022695456,-0.8145661464851619,-0.565852040112798
-1.409337723398358,-0.1437709255132109,0.0,-1.0100169327846613,0.0,-0.06531269720664934,-0.9883193890867101,-0.06998450150263658
-0.34743390639373306,-0.1738933641627165,-0.2856056694046023,-0.22636943545896315,-1.9691296873708097,-1.5256659520572722,-0.4132610530658143,-1.4569979518679057
-1.147132773361884,-1.1230651383779655,-0.5388322032198678,0.0,0.0,0.0,-1.7488912743063914,0.0
-0.8038886180264999,-0.605599244963912,-1.0655016513672502,-0.7314648050308206,-1.0543966568449132,-0.7173599639746522,-0.07909785201082009,-0.3905495517998814
-0.10358303477973951,0.0,0.0,-1.5969439572635844,-0.2638600428610145,-2.3512969716623653,-0.708029937415219,-0.13060101754053832
-2.378625356645631,-0.318691700931808,-0.15147649709034994,-0.43137690743445045,-0.1746147994763385,-0.2568687258040816,-1.3807714768477846,-0.9902338952692942
0.0,-0.2965522235880975,0.0,0.0,-0.7731529509060762,-1.4192757602800006,-0.6706441082711727,-0.49362070443780315
-0.5689914555045803,-0.4454056616567348,-0.21772077804109458,-0.37997392463173174,-0.38054312643231825,-1.3460043440274925,-1.5001218771429112,-0.9779755862715334
0.0,-0.00702062082787247,0.0,-0.912657305737012,0.0,0.0,-0.2224277641021688,-1.6195448887573365
-0.45843884031499105,-2.329348761669177,-1.0870382168396349,-0.24155003293683563,-0.4504566500957674,-1.0241561753434425,-0.36125633253932676,-0.695512261623926
-0.6149089309791744,-2.691968333013829,-0.10643395643586295,-0.1842973197558493,-0.05859772461567747,-0.49051007854244766,-1.3798797609915159,0.0
-0.01646622567902778,-2.0323912943218465,-0.8920754212325175,-0.2309666300676403,-0.10564188242187011,-1.0246984953354534,-1.1796854172449924,-0.28506440439450653
-2.193327875044332,-0.23206493406078366,-1.6938361003965712,0.0,-0.14001545600824894,-1.552552101331206,-0.4079134619607503,-0.04967285561383328
-0.1644400318294803,-0.31597659393650446,-1.3068467508291493,-0.028067917344186455,-3.7069875145202493,-0.9443887982293262,-0.24629329196479155,-0.09382255069376821
0.0,-0.27056853857737995,-0.4466287703899541,-1.0151893961619658,-0.6145684289846383,0.0,-0.33798978656042955,0.0
-0.3771463091297784,-0.5761309361521381,-0.2631320767060492,-1.3321268463175313,-0.8213747195676371,-0.039778619999604636,-0.7781269412927836,-0.3219384484200747
-0.10467230882696033,0.0,0.0,-0.13591486701976052,-0.3223030055959768,-2.3327216345090642,0.0,0.0
-0.5130318564373892,-1.1397899451173474,-0.7341868306336492,-1.3700889458251737,-0.3864677652768922,-0.270093536464044,-0.17713748950490427,-2.0212077365869305
-1.6079281801145804,0.0,0.0,-1.371688629390862,-0.1635820370990233,0.0,-0.05427528987690877,-0.33405040494719795
-0.03628691238884141,-1.222753499727526,-0.5131968986899142,-0.22475925949640985,-0.5684412763522904,-0.9099050655153356,-0.20360854319866384,-1.3131907571603438
-0.8063734908828932,-0.49785624653096416,-0.853089301312882,0.0,-2.191489205237125,-0.11216157201744714,0.0,-0.4412626491584959
-0.3125050792524222,-2.4041769448085866,-0.45930106527618,-0.1373069189621816,-0.6114654156055241,-0.4266437680663149,-0.7899677333751995,-0.5893831243310572
0.0,0.0,0.0,0.0,-0.7740600365919841,0.0,-1.053092707917683,0.0
-0.29667065559669403,-0.02943537236399507,-0.08966854327048601,-1.3626564380773036,-3.8567465567141395,-0.39408156213622547,-0.10823064934781979,-0.5360292066982959
-0.9201228610542884,0.0,-0.23443541286542668,-1.6325279910839763,-1.0403341988888304,-0.35442302425815075,-0.4350417866570684,-2.256815407170798
-1.9412250404989075,-0.11796094965418913,-0.3118401947743399,-0.10388668327556516,-0.6851721592157674,-1.3138654379280208,-0.026583564654157676,-1.5306238486039474
-0.3472656027087453,-0.26600793435062453,0.0,-0.3317061929193921,-0.2457809970478575,-0.39890599488919865,-0.8115400604195155,-2.962963065882687
-0.027488842544874714,-0.9791188711178496,-2.266381003777826,-0.6492312462116017,-1.5838034957355847,-0.6129535116055749,-0.4571855010319519,-0.28881627132991294
0.0,0.0,-1.9027074360722214,0.0,0.0,0.0,-0.17102107881632644,-2.283056731351671
-1.157774003282963,-0.7780997311920759,-0.512288858189244,-0.11033336613502076,-0.33856289635078696,-1.6441418798968552,-0.632457167531383,-0.025304745897462233
-0.04923032534370542,-0.5549587533677398,-2.6054499370504427,-0.19257262777090745,-0.3894355622147003,-0.17412839032045646,-2.358459987343399,0.0
-0.9536059267672048,-2.0588593383481797,-1.0847975705078055,-0.5790805832376806,-1.0639073823254002,-0.16166009936376913,-0.444940558289753,-0.19492477952461673
-1.200351142831094,0.0,0.0,0.0,-0.04531165959508243,-0.8304857514565631,-0.7000827913281888,-0.4311191612242826
-3.270508167144011,-0.022705318747563652,-0.7906850963111127,-0.5094545413271252,-0.18320254879377185,-0.21069897107302538,-1.0064350631918852,-0.7030806016770068
0.0,0.0,-0.8049011296073045,-0.46508803837908985,-1.8786684898658041,-1.1840070113128212,-0.647270068414052,-0.006244842073472867
-0.7912374701138862,-1.5528187867048624,-0.8567141908711724,-1.3925886774013527,-0.15672005025363056,-0.5664324295959782,-0.3411629973744228,-0.8511535351651212
0.0,-0.3394436594646759,0.0,0.0,-1.4267623437734374,-0.3219276320527227,-0.16225717137133433,0.0
-1.240830845583738,-0.006190672517806917,-0.737014699490472,-0.39857517787262253,-0.12067989813566626,-1.979842543915959,-1.7865613744318107,-0.014030745544578949
0.0,0.0,-0.15678029323068188,-2.5803664905709907,-0.003194767024057299,0.0,0.0,0.0
-0.7919062477938015,-0.534308864160228,-0.9306000041350622,-0.7528253217738214,-0.22070480733732367,-0.30096335139757,-2.3672837471964865,-0.2591640852569075
-2.516443367468298,-1.0296912239383165,0.0,-0.03927820042712238,-0.640686494195096,-0.08245313827380496,0.0,-1.033748807832711
-0.8347465086889363,-0.9586778209397906,-0.9912750554893428,-0.37132892425389485,-0.793565556984448,-0.518027906790306,-0.508694902838025,-0.4565759103957303
0.0,-0.5609031391095289,-0.24209591656083074,0.0,0.0,0.0,0.0,0.0
-0.08891557124046834,-0.0006267321238357937,-0.46633983211568353,-2.11126738652408,-1.4083669585731347,-0.47150670179898224,-1.161106575229594,-0.29375511900310425
0.0,-2.648287972896221,-0.5562251248561987,-1.0693780941560451,-0.1467235493868415,-1.6849890120214903,-0.12286286293612836,0.0
-0.6706322966189076,-1.6333528342555272,-0.42217670941119856,-0.6075711862849911,-1.3295383496140687,-0.8497160420085548,-0.9227876000263295,-0.17801687408303124
0.0,0.0,-1.6157708500292003,-0.098610110251518,0.0,-0.1167212372455122,0.0,-1.5310866801920175
-0.011789455933134185,-0.24750282586709638,-1.3197348170733418,-0.2631092244059543,-1.2276649320794206,-1.198534305130421,-1.561776117636704,-1.1276652212470193
-0.3870003231275101,0.0,0.0,0.0,0.0,0.0,-1.3376962980301226,-0.3326229240845402
-2.434512905192874,-1.1688125979129556,-0.6927258832030594,-0.32122401785106725,-0.5091251043381666,-0.20053116828255657,-0.7627497676593382,-0.18814144283058098
0.0,-1.6402211465844925,0.0,0.0,-1.5175912058787402,-0.14512632143439141,-0.30363775775884694,0.0
-0.43001510770111917,-1.143765627510458,-0.10547293428355609,-1.115888206601836,-0.7214816060426736,-0.09757521450723061,-1.33901587013335,-0.9987276715351898
0.0,0.0,0.0,0.0,0.0,-0.09046744437594967,0.0,-3.4359569911692125
-0.42607681531228536,-0.48925819677678994,-1.914084694926876,-0.28585508622400546,-1.090999143779909,-0.2690868057394429,-0.19577838114527069,-1.9826620630493261
-2.327837513189869,0.0,-0.38536483299698343,-2.284233692284621,-0.04989094999765076,-0.4724173373187295,-0.2069272460331968,-0.8472509373896777
-1.5564012609754858,-0.2029068952160742,-0.894365277786064,-1.7535671077650203,-0.7747353592673782,-0.981211808530631,-0.3773591504905145,-0.21230948094321
0.0,0.0,-0.20536425075457387,0.0,-0.9912740439578815,-0.22897881296296596,0.0,0.0
-1.1411403303149452,-2.8752685061788537,-1.2307191272067435,-0.5386351227922574,-0.17853225471799306,-0.09234107167283945,-0.5304332463737023,-0.09374046690616922
-0.12552901268350336,-0.030331545496076195,0.0,-1.2857108150171799,0.0,-0.7765943662011008,0.0,-0.014308701029144721
-0.3176104547192846,-2.1706287717839743,-0.40322138759676296,-0.07691596195684447,-1.0172523399603257,-0.5185995726819801,-1.2427608316378596,-0.3759235992804415
-0.4723566698952606,0.0,-0.21395486995995583,0.0,0.0,-0.7483157746701794,-0.9961018505675447,-0.45525622508995234
-1.1502147302454961,-0.09912480388015332,-0.47286233764519103,-1.2855608686289344,-0.8459708685167593,-0.04234484140897443,-2.311612001295991,-0.05812161882821609
-0.6228046278047925,-0.02075729333414067,-0.1604663054093276,0.0,0.0,0.0,-0.7320141858152427,-0.9711629714787691
-0.3226968399381258,-0.6386336932091394,-1.2418208683836003,-0.2661856324055645,-0.26186276626883576,-0.6480017524252109,-1.445342329183564,-1.8739654789742355
0.0,0.0,-0.9752894911610692,-0.26864207872917234,0.0,0.0,0.0,-0.04968501472848974
-0.03156061089689022,-0.1919447331225319,-2.8766716360566473,-0.0764560945801005,-0.3184664549052725,-0.16307040365462022,-1.767176556703883,-1.3572546097319496
-0.8544902328199946,0.0,0.0,-0.06652911872935796,-0.4584441210116328,0.0,-3.465748613685316,0.0
-1.12862331180889,-0.6213855469710516,-1.3211916695418582,-0.7649670427814534,-1.147040200846476,-0.08045596378810593,-0.20651572227406767,-0.062011272740106094
-1.3698015275283728,-0.2631527119184476,-0.7892320184922266,-0.9912654886717878,-0.9246080570332751,-0.970241754824225,0.0,-0.11150253234288332
-0.4639617387315429,-1.6775548444117678,-0.31023368645667304,-1.81209273270919,-1.0938637095574135,-0.519775589308205,-0.18753149442684158,-0.3226325435208093
0.0,-1.6223809433197296,-0.03732507799751872,-1.200612567340392,0.0,-0.22392171599310728,-0.2317462927430176,-2.4446674229274965
-0.3281657969113887,-0.6517933509322589,-1.2471014011251604,-0.14927318594960326,-0.6892360887291229,-0.7925719396538415,-1.639510912775556,-1.4006827680534242
-1.665101605694586,0.0,-0.2576724344334078,-0.1680927373128247,0.0,0.0,-0.14328047667901878,0.0
-0.725814745272146,-1.3343553817440537,-0.00609172131932656,-0.27904235704918534,-0.14817044936449264,-0.13866101819630927,-0.4483087806072943,-1.4342969572954853
0.0,0.0,-0.6629325719804999,0.0,0.0,-1.2006597556642342,-1.840975896256305,-0.14843532294179962
-0.144459720903229,-2.714084887823537,-0.7206181131186806,-0.5000565756277737,-0.6426704587347665,-0.04861452829475166,-0.709074188597147,-0.4309705791686911
0.0,-0.5866719593338532,0.0,-0.05353805679995638,-1.6788727656123328,-0.5809252561586851,-0.3804524214954377,-0.7077986114566084
-0.3631417456167716,-0.6463378212744928,-0.24070607347316564,-0.5786602946165011,-0.20345866292929227,-1.4754629962221317,-0.27242066895472483,-2.4379719628963192
0.0,0.0,-0.1023588148957284,-1.8359134909310821,-0.08637434024292645,-0.8780820228623796,0.0,-0.7393173411188556
-2.5257772641018574,-2.146517135979466,-1.1350547164104992,-0.03121898555804936,-0.3677126927067018,-0.04348705106701001,-0.20858241321185655,-0.43214900260813494
-0.9771567515670538,-0.3044629884435217,0.0,-0.8353692456573167,0.0,0.0,0.0,0.0
-0.8179130582249385,-0.22624901607956538,-1.218051049358758,-2.8231567795065766,-0.06328764558471622,-0.07427234725144682,-0.09568294976774183,-0.8855650527125114
0.0,-0.8868983288229089,0.0,0.0,-0.023532816101238474,-0.3386822427345546,0.0,0.0
-0.08047729867119635,-1.7008294208780006,-0.1939641484590897,-1.6482786060135455,-0.503231491132782,-1.153210563680732,-0.9648896937009503,-0.1055576566508929
-0.3379459460855685,0.0,-0.09967570068084175,-2.257320227949423,0.0,-0.6731278298460204,-0.15381695541348606,0.0
-0.07374151077218816,-1.081436914922425,-0.16670190038052457,-0.18687849508199328,-2.7303800936911076,-0.5994446931601214,-0.07487596008028241,-0.5479970342625329
-1.8458009127091186,0.0,-0.15151765109073878,0.0,0.0,-0.14583955668769377,-0.18928179593720884,-3.2977246997695335
-1.4253632390905446,-0.20987326732909395,-1.6000343866787796,-0.30782932185632816,-0.30542778286661765,-0.9340242180815945,-0.05798182083671577,-1.8276608089326247
-1.3134650978591313,0.0,-0.821042747558371,0.0,0.0,-0.3062605616572558,0.0,0.0
-1.8421981761788642,-0.20624326616006794,-0.9781285615683561,-0.5372042961780679,-0.2501304967260598,-0.10170205175413827,-0.6229965355816693,-0.22073908598214853
-0.24387914106798192,0.0,-0.36443791607695175,-1.928786732841325,0.0,-0.9280690413181985,-1.547369313614828,0.0
-1.7659658322387362,-0.9296508423417551,-1.3841541488697269,-1.0688056803058714,-0.19668298302237197,-0.6482464518826925,-0.40783593544539354,-0.09941147260062166
0.0,0.0,-1.0829919418266538,0.0,0.0,0.0,-2.041726595132749,-0.7014209853536979
-1.4322978883557909,-1.7202054181604884,-0.2557733745343729,-0.5332758417798411,-1.850265280716929,-0.31464652203052346,-0.23562280731002705,-0.13674232149073084
0.0,-0.4411189530864261,-1.316722535084586,0.0,0.0,0.0,0.0,-1.8536841258833858
-1.1119438738942575,-1.8362493061846994,-0.7897348932011017,-0.3052350874815515,-0.8369522930515867,-1.2291121554022837,-0.03421123785492686,-0.5461279760102249
-0.25249185861484236,0.0,-1.038524788363432,-2.648426398630268,-0.2747115387991892,-0.3550381077732814,0.0,-0.48392844419492587
-0.289227510714003,-0.2876955728565127,-0.09925244486361073,-2.3068992077125055,-0.4884803183128712,-0.46985140977243667,-0.6223516526823998,-0.18663817686137207
0.0,-0.06491867776771709,-1.9644544786957363,0.0,0.0,0.0,0.0,0.0
-0.7076195144976323,-0.48744137094905327,-1.4750622549962698,-0.12692509883811987,-0.3783083809316423,-1.6190345585319035,-0.11684104900712189,-0.6748637017514323
-1.1760599807732985,0.0,0.0,0.0,-1.0150719260539436,-0.8574682009537717,0.0,0.0
-0.9704425439898081,-0.2973484953008443,-1.1842705378641991,-1.746612268705392,-0.14836587331371476,-0.7046641745290207,-0.07833482530032132,-1.6755435718086265
-2.2127624487105226,0.0,-0.2595827346197739,-0.7503023707550041,-0.15571597914247626,0.0,0.0,-0.35476932949089424
-1.2971459481807566,-1.4295313231715365,-1.0461000363810449,-0.1853978687089981,-1.4586102629418267,-0.3014970937544881,-0.10356016587568462,-1.1341073597458564
-1.3915355936251936,-0.45451673248191327,-0.5827855032599514,-0.5301195643539449,-0.2349104953980854,-0.6876644282730116,0.0,-0.252363176712624
-0.18361868237554102,-1.1133325516852697,-1.8539984314745181,-0.4173325654504936,-0.49050489639157036,-0.13261265221492913,-0.7706359920836787,-0.9499053407700879
-2.0564480150939968,-0.9566664476730233,-0.5795693438407303,0.0,-0.8195162605164761,-1.2229706747697264,0.0,0.0
-0.2282159068967129,-1.8886666856419456,-0.5273595473753518,-0.5451896947785926,-0.6184550470709702,-0.8856772462298608,-0.31790615353243634,-0.5431576568643441
-0.7473054854881545,0.0,0.0,0.0,0.0,-0.2770787641198389,0.0,0.0
-0.07718581792558332,-0.7506789971031935,-0.2051915722426445,-0.2851565758332777,-1.5074218265200559,-0.606576468327062,-0.00513530430143927,-1.2323921089059429
-1.7359210003791956,-0.7115990052261063,0.0,0.0,0.0,0.0,-0.2493373618815129,-0.7306787410976581
-1.219311336278242,-0.2710203273683396,-0.32160808192240964,-0.5783972196786742,-0.9186904716422983,-1.0319487742447784,-0.3672844757215117,-0.6312232914691558
-0.9872099033958781,0.0,-0.3518799731666151,-0.20429527245129364,0.0,0.0,0.0,0.0
-0.16917968609093315,-0.6006228235560256,-0.09991854421228918,-1.626517565859758,-1.7672764277352906,-0.5816577390623054,-1.0902211476569015,-1.0253726257627447
0.0,-0.8566374965545487,0.0,-0.14123136008542403,-2.0029962305167963,0.0,-1.361477001042771,0.0
-0.014312421946355514,-1.1615429599745415,-1.7457987409294358,-2.029602015052059,-0.690637008225643,-0.3041882051342597,-0.017796074825304764,-0.9866013681081265
0.0,-0.2780463516386895,-0.85293337812376,0.0,-0.17004495003696096,-0.8114319595793891,0.0,-0.724000992517353
-1.0762266331167218,-1.1887772604886626,-0.8042909350819265,-0.39447132127491713,-0.0014269348876032595,-0.5014499022959793,-0.21787039815689901,-0.46116175122968883
-0.8768447428715191,0.0,0.0,0.0,0.0,-0.7554112636381625,0.0,-0.6059699622392394
-0.7096649942200521,-0.024625660656690584,-2.513721526739877,-0.40718405727180507,-0.39886569899851754,-0.8811909905060791,-0.982638751573794,-0.5023758284052766
-0.6578484222045429,0.0,-1.5845265274056093,-0.9965544884077895,-0.34612350721595586,-0.9588065597111726,-0.1552120324252506,-0.5346925119111008
-1.327172525227489,-0.583500040314644,-0.3793256990709075,-0.14908232780019048,-0.7211966348314931,-0.5631517867276941,-0.27865388458170504,-2.229264445482161
0.0,0.0,0.0,-0.7303501727778219,0.0,0.0,-1.0881433511387621,-0.2577089298028792
-1.0528215616639747,-0.9871051906586397,-0.11660928712948504,-2.2381974509741065,-0.3724743803803996,-0.36908708428077386,-0.33138766038404377,-0.26575247755092946
-0.2515405838842115,0.0,-0.19838213199063315,0.0,-0.6051191240716705,0.0,0.0,-0.5273385516424094
-0.6875068980303904,-0.6852170493677043,-0.5358272430728377,-0.620009849740109,-0.1564289736994855,-2.729539387064402,-0.8216009965483337,-0.4378038759647449
-0.05404170407814313,-1.1879760421374685,0.0,-1.4762030377674407,-0.2512366089417277,-1.6895212676379199,-0.0819560430820152,-0.9860620255291854
-1.4912130841225446,-0.20732388969452042,-0.3596749019336567,-0.9156148526189538,-1.2132127761799723,-0.3262950994046019,-0.8249514306738854,-1.0503137943464926
-1.348705108427862,-0.04373908427708173,-0.5889312196593659,-0.5494318077014722,0.0,-0.015095244617042702,-0.39952792585685337,0.0
-1.2749585180034027,-0.8839171258135945,-2.19804678332427,-0.168496795885261,-0.06712102583158153,-0.2870318720714362,-1.5236620186683902,-0.4545978973865017
0.0,-0.1578297447714201,0.0,0.0,-1.053159336644776,-0.31115319882201664,-1.5817186659631979,-0.272592532085179
-0.2144559845192351,-0.826615369495836,-0.5836649611342573,-0.3201400126774834,-0.3954826948969892,-2.0224779460364415,-1.8203499946122355,-0.32872133822045413
0.0,-0.8323917478352749,-0.4819882583273092,-0.27889565692591756,-0.9294740959111616,0.0,-0.2217317221617403,0.0
-0.2568942646934431,-0.09160261345286624,-1.4066717279763479,-0.7559093380291619,-1.5693554167136519,-0.1465770633368617,-0.37515262219010825,-0.6027354946801129
0.0,0.0,0.0,-1.6762141793373821,-2.0019048158444344,0.0,0.0,0.0
-0.9786026991830843,-0.2163741719436043,-0.5578764619221657,-0.927607961964811,-0.7637171450223752,-0.03060484087994464,-1.135514491907454,-0.5153386495399408
0.0,0.0,-1.9958300258901795,-0.45031878285641724,-0.5396709104478745,-0.6164883878257452,-1.6394593350374507,-0.9900129676051064
-1.889132688058793,-0.09192080736726105,-0.0025620657426372873,-0.9901607582027765,-0.014865362111676106,-1.409522089845158,-0.016037238697157896,-0.37392083290166944
-0.21468201437659573,-0.3728178922134999,0.0,0.0,-1.19471750460165,0.0,-0.5850156301357012,-1.2969558376307884
-1.1277117727363972,-0.35943705430174333,-1.783604388158201,-0.006881035350864373,-1.5556785468537777,-1.0282067014590526,-0.5997375436517647,-0.3562651637162766
-0.0857769939866273,0.0,0.0,0.0,-0.7459899018943146,-1.9516708934703901,-1.500967102371015,-0.6170626489037092
-1.6467652523025391,-0.3952027915434826,-0.5614176424795243,-1.2254355138544346,-0.5240171859670362,-0.955043742248205,-0.17583500772011185,-1.1256103672675044
-1.054339052797319,-1.6930477736239151,-0.6606001200270395,-0.7088804816902643,0.0,-0.8405839116451652,0.0,-0.5516984620179954
-0.34221654932965784,-0.6777698619601402,-0.6442806323671038,-1.6106742022222909,-0.13293726614868095,-0.3918466380580181,-0.9773266608194593,-1.3391969717521075
-0.3668552892635555,0.0,-0.9731733985859918,-0.8451592769332326,-0.25034336933364987,-1.5603455953041472,-0.5881324999325432,-1.621150603442528
-0.04843793914475292,-0.8407775175535352,-0.7873937162408975,-0.7456503324117438,-2.5804584636570347,-0.9754200573556879,-0.5463269305525937,-0.21195572788424144
0.0,0.0,0.0,-0.476682716485481,-1.1735769664719262,-0.7100298826864835,-1.0249199238492457,-0.31539417289506133
-1.6770962301455423,-0.23256857380025053,-0.3023679625033413,-1.2856301249658504,-0.3696034096803169,-1.1858897298846252,-0.32756567636026457,-0.9669901835139783
-0.31967759229981585,0.0,-0.048983626444471184,-0.32141591174884176,-0.6703447654400287,-0.513582513471528,-0.7996483832116521,-1.846644758207935
-0.43199740895377925,-0.28408111782481615,-0.1974161654146469,-1.247029554680049,-0.6460666578537468,-1.551202735248319,-0.5543045927957131,-1.9222420687844828
-0.8304805913333375,0.0,-0.20160141736145398,0.0,0.0,0.0,0.0,-0.35479556950386915
-0.7822715313310802,-0.039564911327577335,-0.6456263723440197,-1.0311732864953385,-0.5032335193180826,-1.5530409883979175,-0.8174463694917948,-0.8587927832024489
-0.13101485535185198,-0.7172442499360407,0.0,0.0,0.0,-0.9491106811950614,0.0,-1.1133573399132857
-0.6530443660698966,-0.5663725805447859,-0.11450271450423877,-1.1246494702764176,-1.0250844942757489,-0.13844555828845184,-0.9761678437389776,-0.012696114980002449
-2.883805540511978,0.0,0.0,-1.2659828333919902,0.0,-0.15488228484527866,0.0,-1.0208779901148262
-1.7622121151842922,-0.3879393855854758,-0.9700160272261682,-0.8855245446836877,-1.1607649467729164,-0.8364781444477565,-0.1475811886817553,-0.1072879581036208
0.0,-2.7620986075142904,-0.004417607293184744,-0.13636127047157398,0.0,-0.08841566155090863,0.0,0.0
-0.17420996502760566,-0.8233919505291603,-2.9122863780223236,-0.38268060585073993,-0.3498280504787328,-0.7852241299898282,-0.2346212139227779,-1.2740601966042568
0.0,-0.5481499351780075,0.0,-1.7188234500210937,-0.7988926341331535,0.0,-0.35981801664041946,-0.15409790337917606
-0.2008880161401434,-0.42959099798153666,-0.7944873052576975,-2.274862389561709,-0.11074319229063967,-0.20692214863167457,-1.1059650258245899,-0.5270323297801038
-0.008845525077341598,0.0,0.0,-0.37528070981112105,0.0,-0.49278129613147925,-0.8723101470992596,0.0
-1.7654316189418564,-0.4834921445389222,-0.009199913150182759,-0.8136489119681283,-2.1483079586982683,-0.9612089662054482,-0.28236637181122415,-0.16957155105484834
0.0,-0.1636723250969867,-0.5215967007200089,0.0,-2.1778478474719476,0.0,-0.09995141620700032,0.0
-0.540956748828167,-0.35090111164818083,-2.097413621408368,-0.08347255402676179,-0.5518454312389647,-0.8114920263912317,-1.1126318297597448,-1.0188793175148803
0.0,0.0,-0.09761591330907393,-0.9486440608864903,0.0,0.0,0.0,-0.19771488317240937
-0.291989361940745,-0.5783078295775734,-0.07310110235444789,-0.3679116832658327,-1.080911211878596,-1.6170169255259976,-0.468000307596367,-2.3247521666532194
-0.13839347887057052,-0.6086743783658504,0.0,-0.5351977495521485,-0.7827072301648528,0.0,0.0,-1.3464678879351748
-0.7254696801452738,-0.41742933558001827,-0.192766782698774,-1.8323389878935767,-0.9230214416183733,-0.5013873613139577,-1.3243311643795392,-1.072272577992587
0.0,-0.0637309488210267,-0.8547541762638584,0.0,-0.4820428038934903,-0.39285758778166713,0.0,0.0
-0.26524728742032444,-0.132744022571881,-1.0251145073768493,-0.510053906480235,-1.2665711667905546,-0.03975471463665681,-0.7039176160213483,-0.364090311676323
-0.14875061955703117,0.0,0.0,0.0,0.0,-0.5902248927278739,0.0,0.0
-0.4936727773313736,-0.9405543593853345,-1.1033307371673198,-0.6507696984153606,-1.0882845032326944,-0.34676152729168663,-0.695730044194077,-1.3625105048395536
-0.4545434904382164,-0.21449702846042307,-1.2047977900535631,-0.22920047391247866,-0.3792338220164089,0.0,0.0,-1.438132758276244
-0.010216307612510356,-0.00033415727749908086,-0.855808116385548,-1.193670819750297,-1.5177573195050158,-0.27646735638011677,-0.12867829166101785,-1.5793265348128855
-0.5721092529777536,-0.3515048388764823,-0.70522439514047,-0.20200128056993627,-3.8410016534697347,0.0,0.0,-0.29927066002698766
-1.7151202180371863,-1.419254664285674,-0.1503634326960679,-0.05607069414540611,-0.33712628299049996,-1.0686668373107029,-0.07467838776872782,-0.2960406369994635
-0.835598762410779,0.0,0.0,0.0,-0.30589352111129653,0.0,0.0,0.0
-2.648895932165961,-0.1787798192844594,-0.5585927503431538,-0.15301596508999094,-0.05088721840888244,-0.3025890955379307,-0.12548994629867583,-0.5819575502386165
0.0,0.0,0.0,0.0,0.0,-0.649589017247016,-0.2809334520652049,-3.10221649960771
-0.8901461478410146,-0.058128815123737354,-0.1855744790637388,-0.16467901622049474,-0.8493174110293848,-0.9793822419150127,-0.43923156209579783,-1.8642223485918192
-0.08369558294964374,-1.4254979729173751,-0.29578602805176857,0.0,0.0,-0.74565431414816,0.0,-2.5437160365914595
-1.723643435588496,-0.8626121726580518,-0.34590293465996247,-0.10870625990530858,-0.11360100228993097,-0.5576920058970307,-0.8423442579434797,-0.9169013839766569
0.0,0.0,0.0,-0.09145521828780989,-0.35323621136371575,0.0,-0.5505031018057034,-0.33024924622355467
-0.5560901550508781,-0.26125021585376107,-0.3051386377438119,-0.6309322021678883,-1.4871251211920278,-0.2883129783991194,-0.060188689908306614,-0.4246496775261823
0.0,-1.3618400149698733,0.0,-0.393785450751694,0.0,-0.6786795479849621,-0.23655901146495673,0.0
-0.9533747479876995,-0.005008338873259355,-1.157859797586517,-0.6292671334389901,-0.1282188692502242,-0.4299829624255782,-0.5630220407563424,-1.6717235556183505
-1.116819819752525,0.0,0.0,0.0,-1.017386080317797,0.0,-0.08639955180470071,-2.119399641887977
-3.2445312561657356,-0.06916650839399541,-0.15435402309960722,-0.5153561467470853,-0.2224072858857049,-0.12434627451640967,-1.0347420793636735,-1.036959219919984
0.0,-1.1778570254729166,-1.1757996254896952,-0.9877531213109494,-0.04399081104996405,0.0,-0.20452703961953755,-0.42871391865554376
-1.359906666977655,-0.8319450385871363,-0.41855912844319487,-0.160451712317494,-1.340937821150149,-0.7852496282756114,-0.5767911400602435,-1.416252608143341
-1.2771730075638281,-1.1093511469716377,-0.7613126161809243,-0.2803728642376573,0.0,-0.2000461687834516,-0.02633294717126322,-1.6107783010282004
-0.5865682988352949,-0.1818592150949181,-1.2009796175076453,-0.3796327553148213,-0.663417073059354,-0.22942296241950455,-1.322945896716817,-0.5101709445009988
-0.35153311197504156,-0.6593488688323426,0.0,-1.515340009506656,0.0,0.0,-1.7395790411516803,0.0
-0.22875065511599413,-1.6016392782938702,-0.021944636421833863,-0.2049725383257499,-0.7437194280234323,-0.854472429235388,-1.3954755861580113,-1.3803478474240185
-0.24502453074320663,-1.024195573279818,0.0,-0.29809097791904815,-0.7000752795650831,-1.1926760998705932,0.0,0.0
-2.475534203662458,-0.298814759746727,-0.018815794112759576,-0.7058827752122294,-0.21858437098674433,-0.3809733279099472,-0.1266043383456017,-2.643771297349365
0.0,-2.214343713484042,-0.2492070467489942,-0.5560048938903304,-0.25114760766297817,-0.7041780365861081,0.0,-0.3822554195641894
-2.2382143510569463,-0.550951540289029,-1.2296089660973015,-1.1401493245132546,-0.5762443773423831,-0.274348631479584,-0.6745923799258051,-0.08178148429832266
0.0,0.0,0.0,0.0,0.0,-0.11412784971392043,0.0,-1.5008481513358465
-0.6785724931999608,-1.1729399749432865,-0.4120985407786044,-1.0512924762397873,-0.8836971835849345,-0.987849302655949,-0.7592324739780762,-0.7890757725560507
0.0,-0.8712251029773492,0.0,0.0,-0.34298903127643054,-0.7677496580404641,0.0,0.0
-0.06489464503451003,-0.21257514000360356,-0.49442362431651077,-1.224798729525153,-3.599381837252536,-0.42738907569694184,-0.49675746040191626,-0.08112883673012661
0.0,0.0,-3.0415959046789283,0.0,-0.608212168497098,0.0,0.0,0.0
-0.5020333087740738,-0.5876776372434129,-0.6240977137763037,-0.784841083039189,-1.3952626004739583,-1.0160489362493328,-0.5437909489144221,-0.8710887009124386
0.0,-0.5930143979055318,-1.0780138808359832,-1.6175387897942377,0.0,-0.3761142740726102,-1.059365783175231,-0.6501515395209285
-0.26891979300474844,-0.32331578027708385,-1.456684890240524,-0.00349844025594237,-0.7102933720092928,-0.7637882396907258,-0.8610579664954692,-2.1736137048077113
0.0,-1.4013443050074983,-1.3193808157182483,-0.03400929772149741,-1.3017388775158292,0.0,-0.26334766899854056,-0.14034092626744243
-1.2807776854711586,-1.240972054313863,-1.9473104993238817,-0.4749803348625239,-0.9355577601812106,-0.046153346576437215,-0.3426911467924816,-0.4480954413686371
-1.3452694467662845,-0.9068356680387737,-1.8712474148813856,0.0,-0.11491112757047883,-0.4159055341106841,0.0,0.0
-0.5840931403013156,-1.1963960755977094,-0.4639574642628421,-1.2784798287357386,-1.0955524932001168,-0.5243380258728756,-1.1607779946569519,-0.25098872880435774
0.0,-0.9656997327158079,-0.3490048760115876,-0.36944995608016296,-2.2288130737895706,0.0,-0.17773214168322227,-0.014995040727023401
-0.1029097930318521,-0.17905037371227284,-0.030296767198597863,-0.6934092662808391,-1.9521196799594298,-0.11175496851565558,-0.41345512920971483,-0.3586684306074899
0.0,-0.08038632474008267,-1.5552147094273554,-0.08713649127858414,-1.7807947440643517,-0.9987016805951043,0.0,-0.27730484970286184
-1.2336583020693883,-1.5593466335129094,-1.1107700393868045,-0.4124658963855117,-0.22266640904066026,-0.9640142894476664,-0.13347308972023697,-1.3090851698872248
-0.8277331495774369,0.0,-0.13526372038249335,0.0,-0.31735085112335604,-0.006314051143021082,0.0,-0.3151829453079351
-0.15823283325293325,-0.04552164395906999,-0.21834553520456979,-1.3923083221611519,-0.8812798925676324,-2.2438714734940106,-0.714568282805315,-0.7572655987474111
-0.12416607087236908,-0.37862005446057445,0.0,-2.0307640439786727,-0.3103342660120152,0.0,-0.05903907995808666,-0.15747278343832072
-0.3115216944260908,-0.49120092599758713,-0.7098914400823544,-0.5532700502835128,-0.39444174597048587,-1.569979509364127,-1.4897906720755367,-1.3971232175177786
0.0,-0.21710915669077657,-0.9281103977664671,0.0,-1.4651034482901517,-0.31872660069153547,0.0,-0.2987895139515251
-0.8666305969566155,-0.33090465063967756,-0.14326323938233365,-0.850077705560655,-0.1140324516638831,-1.5100754303156743,-0.44750401169470777,-2.473505047078059
0.0,0.0,-0.7483291627015003,-0.8140208201089756,-0.7967205858762156,0.0,-0.29562951912435587,0.0
-1.749866799480257,-0.1709648517405844,-0.23557909560723633,-0.9856861504477354,-1.6131622766897378,-0.21873968334602178,-0.00937959121169385,-1.1645782040089392
0.0,0.0,0.0,0.0,-0.321122196295482,0.0,-0.2863780583838196,0.0
-0.39673076636476257,-2.245323099074957,-2.025759334936307,-0.33331627834278077,-0.324833730532049,-1.1361146930826367,-0.17868293525366408,-0.14489146724056123
0.0,-0.1317595696457916,0.0,0.0,-0.35641003006082705,-0.24860916991756188,-1.9372722387747965,0.0
-0.2193534410859952,-0.5499109952580055,-1.0966317449252667,-0.13009759050989178,-0.9545608379068771,-2.4955889270546363,-0.23846232889930352,-0.6201021591163958
-2.1552559068113855,0.0,-0.7716407021838654,0.0,0.0,0.0,-0.5276567975132531,-0.6519640112438916
-0.7110486123882618,-0.02125794227433353,-2.057416851338888,-0.3435978272589466,-0.7393838396069485,-0.5983210928354099,-0.9353066876312006,-1.4840521480308286
0.0,-1.1910402355021557,0.0,0.0,0.0,-3.1922030337294265,-0.10005975521834731,0.0
-0.1275962776503503,-0.47200335001739546,-1.33517817696589,-0.25169211931463753,-0.35759204298634284,-0.4209380941138532,-2.8069304021943724,-0.0015592667467698718
-1.511888909859148,0.0,-1.4958626061787639,-0.6008043136750496,0.0,0.0,0.0,0.0
-1.3808590769874378,-0.9201479344267698,-0.17428489232142752,-0.49101319838204116,-0.35672411652537495,-1.1212669843518306,-1.8380476314563872,-0.014190228210950728
-0.37494399754951147,-1.8116363286222938,0.0,0.0,-1.5805354650627246,-0.07753960119273717,-0.04208444240738274,-0.6548615863093454
-0.5262525232954918,-2.4289528437429047,-0.9318102415955529,-0.2822934520808609,-0.10446807207281505,-0.3818285376803159,-0.6697215247121475,-1.1548035498012617
0.0,0.0,0.0,0.0,-0.3313882568177764,-0.25660658672368264,0.0,0.0
-0.04426008102071055,-3.456642862193573,-0.05831511035215442,-0.3159429623654013,-1.035472785383579,-1.4145060859985454,-0.27031516045504667,-0.1383531090079817
0.0,-0.2570879877125831,-0.9756850544256475,-0.9804897296124881,-0.2539128956298482,0.0,0.0,-0.11778686118841719
-2.719137887812817,-0.24061352581463868,-0.4306088195165758,-1.011180288060558,-0.2140711926973431,-0.19101738397354495,-1.545746880387619,-0.019937550470787713
-0.9536499953604398,-1.1425519257345655,-0.24228349934709126,0.0,-0.011343244596645263,0.0,0.0,0.0
-0.05374487693779528,-0.8117555834990942,-0.6724267553376269,-0.9172774619269992,-2.284836335770331,-1.240912988541421,-0.017664848292613833,-0.1298711982587335
-1.918899153435504,0.0,0.0,-0.048100153350622676,0.0,-0.44935868355299746,-0.1014507405670857,-1.1863542506180558
-1.436794257543184,-0.7637145388512003,-0.5510155362528035,-0.22178788444080766,-0.17855248046035754,-1.047781250684241,-0.1619214926890553,-2.2745953173646347
-0.016870560441674343,-0.16864540327799382,-2.3236719204729557,0.0,-1.5617735591232753,-0.30434812388345645,-0.8194316216163084,-0.47962298341108234
-0.26642825629844324,-1.252575246458517,-0.05559130054465289,-2.1191684235249078,-1.013153910103493,-1.1604960810984837,-0.18666893419243635,-0.9278484167086019
0.0,-0.19484781647017702,-0.7300816982644243,0.0,0.0,0.0,0.0,0.0
-0.07485354023043644,-0.608081565177069,-0.21607149403366943,-1.8065295422728118,-0.05189920471798626,-1.5291715532564032,-1.8362211600703695,-0.4355756826356103
-0.006370601301863843,0.0,0.0,-0.6030218649451049,0.0,-0.016250279821768743,-3.6438786913307304,-0.4304107597680238
-2.763325221387844,-0.2843366379184582,-0.2141281387720939,-0.24284109067878745,-0.450323729043677,-0.030920423738746372,-0.45274512115778,-1.7897913092647109
0.0,-0.8512230163954086,-0.20875255345997523,0.0,0.0,-0.3822852951631983,-0.6238682901665369,0.0
-0.49226431617184385,-0.9105396305309057,-0.3625723870643496,-1.4272122281383055,-0.3624838091099143,-1.3885730206999725,-0.7999415993950141,-0.24991284154199356
-1.721124825240878,-0.7197930087227213,-0.9087180297220874,-0.6505813098537949,-0.5454500533806117,-0.2887929212688345,0.0,0.0
-0.3217559961470222,-1.3442766693478099,-1.7489796183355928,-0.5055503585984962,-0.06482067814356895,-0.6199155754602543,-1.212591917688127,-0.6162805562484595
-0.550784712752499,-0.16559097766369124,-0.6572489743152792,0.0,-0.5352736104007256,-2.4864335907489554,0.0,-1.2330520430665928
-3.2127775035412984,-0.16915745852019892,-0.24284103051582573,-0.1518040425553906,-0.03344302445236824,-0.0896988626321793,-1.6509735225415518,-0.723289575431262
-0.013958951411146003,-1.8219203529207562,-0.4515478385416296,0.0,0.0,-1.2446945838618104,-0.3643669075481242,-0.3167479874662469
-0.23216428801577926,-0.9500057576919367,-0.12251638117717967,-0.8736314420129743,-0.5531258740914211,-1.2064036368284237,-0.35937026946970807,-1.9434516072426904
0.0,-1.5550857090515686,0.0,0.0,-0.46589598256583464,-0.295978438019338,0.0,0.0
-0.2710560361246799,-2.622020549600255,-0.6639388332960472,-0.9790944905651777,-0.25643083563576763,-0.6084115753658761,-1.316033978740422,-0.12819745743594435
-2.0048226454776206,0.0,-1.348067211301447,-2.1331050256442863,-0.2871447264159084,0.0,0.0,0.0
-0.46763077889287175,-0.4699291503452967,-0.9436065738271324,-0.39580336479525524,-2.7397719776549945,-0.9862566999025013,-0.4708189018972151,-0.1831072076177822
0.0,-0.06677775755378246,0.0,-1.3177859561811376,0.0,0.0,-0.7220192952095408,-1.1619096000658349
-0.3578782956169908,-1.2907535709087776,-0.11541000463085727,-0.38726318757302813,-1.1181550708778474,-0.5159679797806733,-2.1104185751013578,-0.4781060606591412
0.0,0.0,-0.23508027607754922,0.0,-0.5234112702043738,-0.5788420791328157,0.0,-1.4764869809848582
-0.6472649196592153,-0.10027898319864637,-1.4535577824728705,-0.16039896987321178,-2.8468751135065915,-0.5770945674122299,-0.09290351916184925,-0.19500957699032018
0.0,0.0,-0.942406833057226,0.0,-1.6490854491612499,-0.061954967864239485,0.0,0.0
-0.06261585929218949,-0.5900018632262309,-0.7502263455839202,-2.6560633258972164,-0.3189088864586207,-0.25011789951795116,-0.7663653773458581,-0.5073545744951407
-0.1052441408093161,-1.0319467179159698,-0.4662159246304114,-0.6217440757396737,-0.5168677612467638,-0.011171312274257161,0.0,-0.9034043922251866
-0.8716930548816224,-0.2682751536468464,-1.0815006425262998,-2.1285789530039922,-0.16140349802990617,-0.5590803727993183,-1.170188283008244,-0.05256779979453885
0.0,-0.10278897695418543,0.0,0.0,0.0,-2.0074141284362828,-0.04299652912547636,-0.19063471235516083
-0.37227561181439484,-1.28747995861157,-1.484378051524737,-0.6165753760962849,-0.1790483118088968,-0.9463509425110255,-0.38546265990905226,-0.2540505956064445
-1.3851230176163405,-0.09321667012672741,0.0,0.0,0.0,-0.6860030448372045,0.0,0.0
-0.2274266658919899,-0.973633443032222,-0.8419830193672855,-1.837383084969316,-1.1839256605208677,-1.0517099513830779,-0.17596461659862506,-0.32675215206179953
-1.288523377775964,0.0,0.0,-0.46446339979588114,0.0,0.0,-0.08168765025488423,-0.24914561044892913
-0.06223739966962949,-2.065453200256245,-0.02271453153016001,-0.3674842120310178,-1.1320704723668786,-1.6383741071483309,-0.22373866959933508,-0.0480640097174021
-1.5346071489753879,0.0,0.0,-0.5432842800331095,-0.06571229283475066,0.0,0.0,-0.6642876257269963
-2.582979829492153,-0.13534941186669247,-0.038054722728935175,-0.05788882691475283,-2.211016853427828,-0.2882270795343844,-0.18200958997652616,-0.30266005806393714
-0.9037078743197053,0.0,-1.9487319928671747,0.0,-0.01740802894090976,-1.2377460880560456,-0.023028001567180212,-0.4374450768391931
-0.4917533003309442,-0.2388607632523314,-1.893435103728236,-0.8505645208100479,-0.44020048250763644,-0.7846285794018311,-1.4261388217004702,-0.10071253130236268
-1.4932614600995802,0.0,-0.6917920349141209,0.0,0.0,0.0,-0.8816866550310314,-0.5179306794641683
-0.29437855078788466,-0.4774327250768735,-0.3469904468228293,-0.05272987199632517,-0.7790172609358645,-2.381248184308987,-0.26869857929355323,-1.7655437907577793
0.0,-0.1893799185288163,-0.7276019441475743,0.0,-0.7513127469856995,-1.0807470745441732,-0.22885651902780868,-0.32367327029334536
-0.22267947442819747,-0.3958047340339421,-0.9450812413949965,-0.154135169396028,-0.466330674643304,-1.1068003473616619,-0.018344446688486116,-1.3011562015374096
0.0,-2.505425160677693,-0.9455960414929603,-0.9540636239765314,-0.28520630459229857,0.0,-0.6875326483410822,-0.12833512987508833
-1.9068754398110936,-0.3126003277724516,-0.11316276762119504,-0.7520896116613134,-1.0778818376924404,-1.788793247139032,-0.017313201854191718,-0.2543428950174107
0.0,0.0,0.0,-0.14360180593941063,0.0,-1.5129127295827498,-0.8605384655123176,0.0
-1.4008127173115401,-0.2978935366567246,-1.3694311238893357,-0.1902094699778445,-1.509983757463237,-0.426409101714472,-1.4833564192248678,-0.19901105485455517
0.0,0.0,-1.3027858575972235,0.0,-0.005590894685044923,0.0,-0.2971935541687891,-0.31447432915559137
-0.7034928859099896,-0.860784767504633,-2.483061570697334,-0.7229044413430126,-0.15754071552811055,-0.8235472612938164,-0.5604531750534392,-0.5931661650808877
-0.9445789761869028,-1.25598340809578,-1.456939315752125,-0.38508966616147244,-0.07320607791589673,-1.031702285612159,0.0,0.0
-0.7550887612993149,-0.19155115417883373,-1.8120635962321918,-1.3519512849487807,-1.4927623120946212,-0.3293326674989041,-0.08158776508103571,-0.7714416753722722
-0.4145566191303516,0.0,0.0,-0.6045175542715606,0.0,0.0,-0.30686823364394833,-0.1915200573860254
-0.8241240712858531,-1.6099716795728973,-0.29127476959795917,-0.6928477334764072,-0.6045951869601884,-1.1291408267566574,-0.6799084595752722,-1.1377160873118868
-0.4656733516736278,-0.7459741424930915,0.0,0.0,0.0,0.0,0.0,-1.022371184135963
-2.79289212448593,-1.2897246130766025,-0.7552064246568708,-0.14475633612677008,-1.0011491977813405,-0.3250438173402115,-0.10178998588746957,-0.4334379234743988
0.0,-1.635923632874488,0.0,0.0,-1.0656114418246183,0.0,0.0,0.0
-0.6688632507112571,-0.199950381956973,-2.0993742425326163,-0.3864097306686869,-0.9010823310088094,-0.42641127469266404,-0.7143093810667738,-0.6226500450513939
0.0,-1.0988486336581094,-1.9864351280470247,0.0,0.0,-0.31461160110301467,-0.10913670572691103,0.0
-1.147060905332804,-0.16481031876280294,-0.051146014153482966,-1.8552943126784802,-1.3335511053787306,-0.26440032940271774,-0.923391788294806,-0.7473061805980903
0.0,-0.7535781869709881,-0.6200654030436379,-1.2331426515295743,0.0,-0.1593334256326031,-0.055370732016370106,-0.3691062942933465
-0.6808629104270558,-0.23935535487522142,-0.34168680787207606,-0.16025412088721236,-1.369165141504996,-1.2523911299470711,-1.6781049606963379,-0.025415400834794433
-0.7885067992444759,0.0,-2.317615902976341,-0.024724246403843964,-0.11103004087598212,-2.272938390696721,0.0,-0.8758669791269114
-1.3531140874664853,-0.34313672849551047,-0.10538777354513318,-1.065514610358167,-1.6256112372622935,-1.0096875928475875,-1.0771929073340925,-0.20447456525576424
-0.14373937952104932,0.0,0.0,0.0,-0.005558718657013628,0.0,0.0,0.0
-1.3996199696669782,-0.8100236106697487,-0.3018828754500955,-0.14449133964680883,-1.774428902513427,-0.6892745508127405,-1.4791569268268034,-0.3427534673677517
-1.133979948211322,-1.4011116546609292,0.0,-0.1489057184915188,-1.2487559581690029,-0.7889425244009534,0.0,-0.908299374564181
-0.5076175497047979,-0.17655070307913334,-2.220273869082587,-0.5275375054702156,-1.177718388389538,-0.34713721852690504,-1.298699832975693,-0.22255587261554322
-0.44726680150522125,-1.1355514144654393,-0.2660431251109836,-2.273538454498162,-0.06481997187583133,0.0,-0.4579455327394122,0.0
-0.01804622310863646,-0.9561319934405308,-0.3406387095245993,-0.16905769477390464,-0.47956496375516444,-0.1532994507593335,-3.5526882181825434,-0.4515022580958572
-0.42845369249375675,-3.5692205750007235,-1.3431930970829464,0.0,-0.17384094499071523,-0.4727447551267243,0.0,-0.5129986982060117
-0.7459706563192867,-0.07873299599245431,-1.7535926021904054,-0.00383331058791736,-1.1333982003103644,-0.6134549762005257,-0.7580668087430418,-0.07744952728535193
-0.23976950111573636,-1.2574558251346666,-0.04939535559169084,0.0,0.0,-0.03841192358917844,0.0,-0.1301237951351979
-2.1593081866388815,-0.11797544508130198,-0.4288620999162909,-0.16830263707466742,-0.06391289848407933,-1.3950995530107244,-0.608252395494409,-1.3504404621832258
-0.4467028948735745,-0.31976124261588,0.0,0.0,-0.3008225316715265,0.0,-0.06378156454823714,-1.6348631634703619
-0.7372267579564333,-0.2239797763028637,-0.520056942359151,-0.06153815327698897,-1.7025821567276553,-0.8528705938348047,-0.0981873626453087,-1.710208950549145
0.0,0.0,-0.164463926906957,0.0,-0.08945462397887383,0.0,0.0,-2.206553838561188
-2.1675854599327673,-0.3850508868796707,-0.22144733539638306,-0.7525677837441531,-0.5415555339940772,-1.9849297425520067,-0.17514824274866658,-0.3983730075468461
0.0,0.0,-2.6456772270892523,0.0,-0.09269683308806087,0.0,0.0,-0.3371436020102161
-0.9514174875730452,-1.0817540383657018,-0.6343638330237216,-0.46383469270256583,-0.7827092934537614,-1.379939188884225,-0.5477489068649852,-0.41211187899733037
0.0,-1.2618860575469473,0.0,0.0,-0.8255191976432448,0.0,-0.17805028281853286,0.0
-0.5141884706758546,-0.916023316182847,-0.27969604367720713,-2.969900797567818,-0.07070794861237406,-0.36945986406085396,-0.44052784116046606,-0.008961827009613899
0.0,0.0,-0.5615955190419148,-0.5133273381252934,-0.17901377910687177,-1.114344898943469,0.0,0.0
-0.6741589771999061,-1.2725337293022667,-0.45173787147859024,-0.27441765343118796,-1.2329763548486703,-0.8898186721416375,-0.8810469104247991,-0.09939856447867967
-0.27841416079596915,-1.212197902996457,0.0,-0.19498079624116205,0.0,-0.007634957812756582,0.0,0.0
-1.3906150756633817,-1.6367635825936846,-0.6586810906747145,-1.2249920814973008,-1.037395036366208,-0.5161898827865388,-0.08796514314130555,-0.05860450132319528
-1.8302806536386305,-0.5980737280196786,0.0,-0.6661487426304138,0.0,0.0,-0.28185363078364034,0.0
-0.5733021122707376,-2.4977479084396883,-0.031024867485475838,-0.3175372492537214,-0.59859680744934,-0.007080205413896756,-1.2270843463320782,-0.6534984264756556
0.0,-0.15921464409821962,-0.7877638332181531,0.0,-0.0016806484784259723,0.0,0.0,0.0
-0.4263038196979121,-1.41426622247877,-0.9890891674792615,-0.4088761160940413,-0.2575496307439904,-0.6462268292746183,-0.050861596785822805,-1.017566147592163
-0.69366603426141,0.0,-0.14541008199971106,-2.8556044675796617,-0.7955196523255426,-0.18730882005244265,0.0,-0.35292650011705984
-1.0371093939890494,-0.3525546761841518,-0.2726700766410506,-0.04383416867350576,-0.3605565298103457,-0.24867254481744805,-2.297720233275909,-0.04832742176453131
0.0,-0.9432774209302686,-0.9605658230267382,-1.5290969874928946,0.0,-1.1295552192616585,0.0,0.0
-0.7582363563341614,-3.302448999899136,-1.4015357840390532,-0.07465741308539897,-0.2444970517833278,-0.3268940643279139,-0.12023916851543248,-0.6804225234528252
-2.263803066394771,-0.6890730135347898,-0.5945680578647341,0.0,-0.079983708294046,-0.7519763542328155,0.0,0.0
-1.471540664665226,-3.49367148016618,-0.8333231289819452,-0.09899819495232887,-0.04201401637913893,-0.007189835778412146,-0.05266724139136336,-0.27371932546112543
-0.4131935123328292,0.0,-0.04264832691284326,0.0,-0.18393482718328436,-3.1966202848076333,-0.7512863462840569,-0.6654715626449992
-1.1279673938209145,-0.1015236181769481,-2.0716820184559284,-0.5427263834636911,-0.33034714069414584,-0.21188130674311978,-0.0038563966041014197,-0.5572890354359057
-0.3590991248142599,-0.0032517561081242263,0.0,0.0,-0.9453570717667157,0.0,0.0,0.0
-0.6692032793543383,-2.1154317686310673,-1.2008014348421767,-0.07174496712150713,-0.8596775853422045,-1.1588804453717447,-0.13506715515994028,-0.35486695075877783
-1.795277519634551,0.0,0.0,-1.191607143274097,-0.738064432172278,-0.7027175355124777,-0.9660209627924763,-0.4113806996061671
-0.5454375416414763,-1.4090583375717491,-0.8252542079906808,-1.2949427220515677,-0.3578105242406755,-1.6342691609662596,-0.4048516002409084,-0.19464731478501207
-0.36696026385053937,-1.039566070321018,-0.5438235034472934,0.0,0.0,-2.1170582525557897,-1.2938765319438934,-0.43886858739837376
-0.9100664444083284,-0.22563940422817375,-0.6502324755550424,-1.0846711419258632,-0.10472698309941286,-0.048492961834926795,-2.028476582665527,-0.30631319868251516
0.0,-0.30717824312933484,-0.451616288670893,-0.6355483919670935,-1.1496585647117792,0.0,0.0,0.0
-0.4655171412873669,-0.34375050813285135,-0.21328504975292706,-1.6653122041090445,-0.2461285964281963,-0.03453544729223701,-0.33110276166824626,-2.572134648016392
0.0,-0.0029576238731410243,-0.9031025194045439,-0.8288819579356828,-0.06282247895979953,-0.14799358381293892,0.0,-0.6790559202348376
-0.5958828509262393,-0.08129005932930156,-0.5453559198946758,-0.6141393531481283,-1.907110868667047,-0.5315357150372888,-0.901802726747901,-1.0768356772888996
-0.6170909457913787,-0.5409647484580624,0.0,-0.017448286550487246,0.0,0.0,-0.17826927029815387,0.0
-0.13800470098397355,-0.9800129117830387,-0.04332829812300876,-1.2928888351425885,-0.16508406805664677,-0.3981198421714396,-1.44620110374861,-1.349973630550652
0.0,-0.16017219616927303,0.0,-0.6318118644371893,-1.4420756390549858,-1.0780559290591327,-1.9700518516551746,-0.705727787325503
-1.0597811540981912,-1.488207388364625,-0.1992267733340416,-0.9992701471631733,-0.18786669841627912,-1.8403199157689842,-0.12512032381663118,-0.43271161160566596
-0.7267154975518366,-0.3303612103675224,-2.0347640493718195,-0.23714707079734954,0.0,-0.36886642798858205,-0.301396622487875,-0.3350463157595902
-0.14286285357730666,-1.4360452628827707,-1.5400087170004095,-0.3448013328227848,-0.16111826473834423,-0.2798390842787173,-1.1221135115035183,-1.1959349486539974
-0.2601566952351728,-0.9704277014687799,-0.5886543123143149,-0.25733487488200346,-0.6784037365089084,0.0,-0.9686380918862207,0.0
-0.29733195692774483,-1.7665880268229746,-0.3848974956865572,-0.17047178660176954,-2.51668338612666,-0.13334152903494534,-0.23563932288696066,-0.7753676302243493
0.0,-1.0299023175558606,-0.45018863518074514,0.0,0.0,0.0,0.0,-0.3373342565049011
-2.1525771146244477,-2.1055989997083087,-0.8362978751888157,-0.05688791144564931,-0.47186217165556776,-0.30554705870044696,-0.36045227139038616,-0.03773787490916547
-1.4504094547440314,0.0,-0.17590582675676725,0.0,0.0,-0.19860101745273795,0.0,0.0
-0.08333194715880232,-0.6102286402778523,-0.8730386844206786,-0.1866429060160879,-0.11652695688078119,-0.14810918611518709,-2.440445442868966,-1.8174638085726817
-0.09717523517373472,-0.2412998780652167,-0.3632178346557282,-0.517156888594883,-0.8594048860454331,-0.7764104733767736,-0.2803709221545585,0.0
-0.4590100340526604,-1.458465866680072,-0.70182654046691,-0.33084190919587897,-1.3004205785919254,-0.20872912705670998,-1.2923313781619523,-1.1641928057666249
0.0,-0.6841599528179456,0.0,-0.6905936190677391,0.0,-0.6940560561238547,-0.5992181694752636,-0.5596930003871652
-0.16400379230667994,-1.2280471979747416,-1.1938570373303081,-0.6965787440076436,-0.5738589551657229,-0.9309409793987768,-0.9249698514804683,-0.15342719455848375
-0.7503278448091386,-2.0776183473407457,-0.21179122677216533,0.0,-1.0023366611058409,-0.20322722952397232,0.0,-0.17814742398306382
-0.08349912795746306,-0.5147884102564175,-0.851050039456239,-3.101878755720183,-0.4185990272117417,-0.8650621839902479,-0.4983771077380075,-0.3446425102689554
-0.8561426667769725,-2.83352394858587,0.0,-0.0690298701660863,-0.7770511321137041,0.0,0.0,0.0
-0.3483126701028487,-0.8926900281230008,-1.481316507762652,-0.792987651812286,-0.12579375390833114,-0.18511062770953401,-1.5348377868541014,-0.8270177961487057
0.0,-0.16913923240942896,-0.6389238132916413,-1.1505504573006107,-1.6107469725647254,-2.2095967432385866,-0.6958975544666002,0.0
-0.1242189954357169,-0.07018441866870795,-3.564439460763453,-0.9122388776401351,-0.2028772796642757,-1.0215223215481224,-0.10813618946163128,-0.8447677611209112
0.0,-0.16496550546373534,0.0,0.0,-0.3855133946556606,-1.022628961546463,-2.9399493536953853,-0.7342175481659146
-0.04100495497171064,-0.21263520066857744,-0.5884120172286442,-0.09930537831032904,-1.3080519047630288,-2.3156913522167777,-0.881508643009159,-0.8158164484193051
-0.1862484929559738,-1.0556822235266319,0.0,-0.1345376168723167,0.0,-0.44588485754297036,-1.5076366896654143,-0.9522076028159114
-0.9006714595081338,-0.20026180841296704,-0.6676788683008095,-2.2723208536394335,-0.3981717746289961,-0.6824456018492597,-0.07473489567259861,-1.717307042848061
-1.076228578808494,-0.143415095155901,-0.049103945973729246,-0.19346755356809453,-0.05064394257346372,0.0,-1.2156875137636387,0.0
-0.23859105980105433,-0.5032233428546657,-0.46326332464655984,-2.03426002425976,-0.4489455625965366,-1.6093923046151435,-0.4594169539326707,-1.138636397116997
-0.3237040599106189,0.0,-0.18487472075315647,-0.9547047679563843,-0.23367540264511888,0.0,-0.45325687820381244,-1.3553268391580415
-1.5193409941118023,-0.6808189565316063,-1.4709610213189128,-0.15721556608656062,-1.0439261452237858,-1.558808605562608,-0.009340955292260311,-0.24667222168353575
-0.23011897016740157,-0.3047653369585479,-0.8023281417382382,-0.1700824427980674,-0.17358353733480136,-0.9525119876137689,0.0,-2.168271011033368
-3.8563316723114105,-0.6030761191971639,-0.20831959360391306,-0.06474108508112231,-0.2511409413099166,-0.8946918894952098,-0.8822490884351364,-0.11382976811195888
0.0,0.0,-0.5339462798561296,-0.45610736111192196,0.0,0.0,-0.39253634316188446,-0.6689500186878172
-0.2793622639881015,-0.4897096189220953,-1.5190213354845223,-1.4477211290110539,-1.1610399961696878,-0.2687033490235038,-1.1932281680016743,-0.10850578958958135
0.0,0.0,-0.42785077266114513,0.0,-0.7592732132753035,-1.3567798884332811,-0.4009476073597895,0.0
-0.28989755217677526,-0.48565069830988694,-0.014905158173223576,-0.8990973640829667,-3.529987249148129,-0.7248591815171661,-0.1659170223319979,-0.63670159853692
-0.9672397185082691,0.0,0.0,0.0,-0.13981356770768194,0.0,-0.4965814903615433,-0.3019811782633699
-0.08411239440780882,-0.6478613068780747,-1.3606750263400702,-0.3300138303204134,-0.08602534665885031,-1.966465364297016,-0.027559452967174103,-1.1741622652836323
0.0,-0.19097555942890665,0.0,0.0,-1.123566587304464,0.0,0.0,0.0
-0.29572066536101715,-1.3161918502735332,-0.9823970604531675,-1.1153460476851222,-0.4679025805378485,-0.14369546784124854,-0.11169376272672427,-0.6554270930453612
-0.12211184444654499,-2.261200508033082,0.0,-0.3541646816683848,-0.48865539591184426,-1.6627729298753628,0.0,-0.9238784423458748
-1.195227809977724,-0.5868025470747744,-0.22601710545733855,-1.646173174850265,-0.4979922985299323,-1.2568124600164037,-0.20635872743986816,-0.6199006282114805
-0.09113915226947711,0.0,0.0,-0.41811998371223424,0.0,-0.021307747806042165,0.0,-0.934120406045496
-1.47543103429091,-0.04613703462432106,-0.02191145021668639,-0.1159604569624113,-0.735484690618418,-1.825885481817009,-1.9211666470834459,-0.5817791261850473
0.0,0.0,0.0,0.0,-0.9702230820183066,-0.19301343507094249,-0.4557108094668587,0.0
-3.2875936828962633,-0.8257718954940261,-0.061214217978544205,-0.33085609738521704,-0.844680262929959,-1.3017154564445432,-0.160389926641745,-0.13835991435315353
0.0,0.0,-0.012081187159498796,0.0,-2.4517541156213287,-0.6441746470106331,-0.5024649279224827,-2.0482897237559428
-1.30009529109432,-1.0668858643343961,-0.6177855683256253,-0.25066189384039106,-0.9518244517871945,-0.641890318359855,-0.016570833500278326,-0.7715395098126914
-0.8457242581928268,-0.09872062532027392,-0.9558832234812273,0.0,-0.49223546112086236,-0.985850540646962,-1.3668665978552825,0.0
-0.04041055839033891,-0.4545284522506572,-1.8885226607778716,-0.9716404635130678,-0.6112774225814039,-0.5330250985516596,-1.1600299734925024,-0.9820491752970675
0.0,-3.2346602647724345,-0.40140592783534235,0.0,-0.062243660681845725,-0.11732816962650627,-0.15227308168594167,-0.43805936907453
-2.4280219855457927,-0.25241861534458554,-1.6662795817064726,-0.5846416505277849,-0.8058870650342511,-0.6102313432693096,-0.3951706956718066,-0.0857666677520772
-0.3004382160117318,0.0,-3.033581759910496,0.0,-0.0544493166344413,-0.2268051756171534,0.0,0.0
-1.0392035370447372,-1.0200218575128606,-1.1302317249300806,-0.8179774045166033,-0.31481837023836956,-0.825350445171086,-0.7268557170993954,-0.9975868595798874
-0.14971081548338283,-0.6274127920248178,-0.020179720773676024,0.0,-0.3522988342651292,-3.071317702618856,-0.9207342789944217,-0.39337040854157657
-1.4299265668122025,-0.48195064018403944,-0.6351639174037924,-0.22930134143845038,-1.6246436193678164,-0.06219496467996777,-1.0728227680948983,-0.2013444085458156
-1.4012867958413988,-1.6308778507730715,-0.6067687883350059,-1.5324381943495755,0.0,-0.26297001646645324,-0.03737372099158165,-0.25844677033891905
-0.0893608240712318,-0.20307099372358195,-0.41946040327459855,-0.6516598268122298,-2.468323616361957,-0.6464684567032846,-1.5274131436314642,-0.8802673902765363
-1.2691988103902672,0.0,-0.042683422755779965,-1.5968888574112166,0.0,-1.609618342384616,0.0,0.0
-1.2239172124519584,-0.10214279203418464,-1.1134222469979695,-1.2493266918774548,-1.107490261686248,-0.6646521244198631,-0.22494018075053468,-1.2317250223680132
0.0,-1.1803683180013582,0.0,-1.2578357350582925,-0.5857426681764455,-0.03808798232695221,-0.40448930226648816,-1.5834767873019961
-0.642363818128695,-0.052431486376733005,-3.1305800874125107,-0.005755027702757154,-0.18470828768912906,-0.6429148979377413,-0.38764026477330127,-1.5281239653685477
0.0,0.0,0.0,0.0,-1.041641167532564,0.0,-2.0939270610058367,0.0
-0.5153751068826713,-0.3823224818842208,-1.3522196830925344,-0.8123889046964399,-0.2298519210072918,-0.7609769471725008,-0.778182336270981,-0.49111814572869683
-0.14226684312925109,-0.2745104609356819,-1.0261394287205654,-2.9270156445113145,-0.23227148522812868,-0.10538487020197262,0.0,-0.39895890672393897
-0.12015031653145947,-1.5490721101228662,-2.7099900849168996,-0.1843250555622271,-0.12848408052520988,-0.2989342445132648,-1.5907567671655753,-0.41086490372570417
-0.0997549478328974,-0.05084659601415975,-0.6698225425534812,-0.008269710831893207,-0.7257917875586566,-1.2113205952223032,0.0,-1.3366510022287539
-0.7931339317210382,-0.1690107559769558,-0.2424222220200445,-2.3042275211020122,-0.4614904955161494,-1.28247936664821,-0.807468038435454,-0.5730194203507235
-0.7500059805053843,0.0,-1.6429062896409388,-0.1401015826976284,-0.0340277139098486,-0.027787432651401822,-0.07460700256950226,-2.205533876837441
-1.3407885572535454,-0.5053172140828517,-0.057402414974310645,-0.5553913531763222,-1.6679521629838527,-1.0180225523758812,-1.7296261450165913,-0.04208218590335466
-0.12851936161683764,-0.797697402564765,-1.3461505256556716,-0.19927824210276057,-0.16524567636746834,-0.9775323337995401,0.0,0.0
-0.25897590103136725,-0.6245914168228026,-0.4359483218646716,-0.257076855060026,-2.3339784814500293,-0.956816146229996,-0.704818993465322,-1.417993596080347
0.0,0.0,0.0,-1.285090905435963,-0.17660727694605782,0.0,0.0,0.0
-0.6236592546759887,-1.444607759920431,-0.09147046697337924,-0.7991876428643838,-0.006266658032874517,-1.3963860248235607,-2.3979891267140863,-0.20484694465325504
-0.6998639078087896,-0.3490616268347564,-0.2784579506798517,-1.252613500808959,-0.060356715435110786,-0.03013028167187315,-2.1419884589808245,0.0
-0.09591098250282837,-0.18198427948540807,-1.9919787860295424,-1.545175005671604,-1.7817158185509285,-0.4725430683578846,-0.046432778743891845,-0.7290504789720158
-0.8236131743243664,-0.2250755927609891,-0.07146768752885091,-0.22928128385022006,0.0,-1.8852586944351497,-0.2685263392144357,0.0
-1.437423618730115,-0.7281377231567632,-0.22909312032567986,-1.255234034357799,-0.8325153226378736,-0.4313932884613294,-0.14936071285139096,-0.46876078785865083
-0.9875719443540198,-2.182716506381345,0.0,-1.146823506602158,0.0,-0.24396243500044523,-0.2807626686967559,0.0
-0.5180380071722226,-1.3571652681985782,-0.2190949163266236,-0.5733633834120058,-1.4369141189855164,-0.029448796611524664,-0.800486812383217,-1.9723007075183636
0.0,0.0,-0.6483003203894633,0.0,-0.5433263512627544,0.0,0.0,0.0
-1.2987184016968776,-0.2483503125837041,-0.7159986499013886,-0.8450101043939435,-1.366224272036706,-0.006348808576499998,-0.9221212841535342,-0.9949624041678025
-0.23698970978292966,0.0,-0.405729524303827,-1.8836651252051206,0.0,0.0,-0.019017061516153788,0.0
-0.2515128796663557,-0.3383384454668832,-1.318040873956516,-2.2943928766622665,-0.8298119032953384,-0.43748743129457246,-0.892810399785664,-0.05054131595250233
-0.09034804367355154,0.0,0.0,-1.817519399096156,0.0,-1.943464027365767,-2.0150704333127436,0.0
-1.3734833489538358,-2.8008679693240017,-0.008239687674643115,-0.41338811916529394,-0.7280323729385056,-0.457431651675523,-0.2911795426328876,-0.24773879941784926
-0.02233461354135713,-1.0323124265060626,0.0,-0.6599965593121215,0.0,-0.04960938721968233,-1.2948395042989285,-0.09689798969258767
-0.1382909528705305,-1.698596221343256,-0.9166814976776365,-0.2857794600056236,-0.003517753934793255,-1.4243676265744387,-1.9080724500386816,-0.31786223158740334
-0.6484265248464673,0.0,0.0,-1.1809252610639858,-2.2659129492217103,-0.5540923243148237,-0.7323744229435709,-0.8128685098895279
-0.33119259734728956,-0.7786599798363474,-0.27849940906992554,-0.7068012939877235,-1.4839801852341044,-1.910633142813885,-0.22923501158298087,-0.2215725324808835
0.0,0.0,0.0,-0.5458619714270707,-0.23208863284953285,0.0,0.0,0.0
-1.2054219187064312,-0.8451265983696219,-0.45928461768753515,-0.4962542924248039,-0.21333944681463812,-0.16916207374979209,-0.6453053524750265,-2.0536579917164923
0.0,0.0,0.0,-0.677915724142256,-3.397566932037203,0.0,-0.7688605057405153,0.0
-1.7115201421284318,-0.03904523507783253,-0.9925814807166589,-0.5035747639014057,-0.9263313639505979,-0.5950733045267107,-0.2052347849988081,-1.4298406425345611
0.0,0.0,0.0,0.0,-0.7369766852061703,-1.9033822883997251,0.0,0.0
-2.169229501989519,-0.5100086024634356,-0.20135748678989351,-0.42878739507104857,-0.49703813174362654,-0.0646269924719638,-0.994303924013745,-0.8274738438385469
0.0,0.0,-0.8249029676273993,0.0,0.0,0.0,-0.8796034172523948,-0.6920336001479157
-1.0163486377108164,-1.2311255076328154,-0.2541825399787916,-0.19972941534595812,-0.208159426858197,-1.1890637741583916,-1.2373293877946212,-0.616398374674687
-0.33761404931845895,-1.734340568479655,0.0,-0.47056656055128876,-0.46468098824696114,-1.298117232213861,-1.0407602512682521,-0.6985523526403874
-2.766363108901017,-0.5109888488750984,-0.8221624735245712,-0.21013452607529448,-0.6418008427662922,-0.08300867062844297,-1.2895284587444058,-0.5513995424649458
-0.604794666588802,0.0,-2.317437770117044,-1.4850316570996007,-0.032043283125704924,0.0,-0.42001689931150477,-0.8104561686724141
-1.876079612149498,-0.2806769364955439,-0.674626121518056,-0.24445278971024464,-2.4596930777499066,-0.748960857798239,-0.09724251676455431,-0.2761208795650836
-0.20659900479180937,-0.7223997586312425,0.0,0.0,0.0,-1.0759883790561595,0.0,-0.9544970250290588
-0.8945916711509065,-1.3833832729248314,-0.41707812646600395,-0.5144921450018334,-0.8790497584629673,-1.9548798027368903,-0.3487044110242872,-0.18155426326998114
0.0,-0.04657224865143572,-1.6762422337443388,-0.9804469853939075,-0.000590176851985369,-1.1007977863936098,-0.1406526611766994,0.0
-0.13532947432750309,-1.5564954077699822,-0.2514058320465322,-0.16807310036919887,-0.6523266775390129,-0.05036313803295567,-2.249928118147608,-1.0283573057654873
-1.1703222596878478,0.0,-1.199732325880925,-0.5925949186632433,0.0,0.0,0.0,-0.11312322643502082
-0.6900620425315847,-0.26515173329159847,-0.529119415268589,-4.28004047612765,-0.4286534981942678,-0.3158594100216572,-0.2106288655122288,-0.2054204827953665
0.0,0.0,0.0,0.0,-0.6968477533277868,-0.0336631818167783,-0.27754542640591406,0.0
-0.8608530955388778,-0.16461865837320921,-0.5874092280956749,-0.11570241702434458,-0.2489490100055587,-2.221769757397835,-0.052007789890208045,-0.00295102716337059
-0.24052065152583246,-1.1736385727177048,-0.7106481889349379,-1.3995782879836405,0.0,-0.3631338794707979,-0.9762116291614316,0.0
-0.2549229125928836,-0.7982097357128044,-0.22802243816223644,-2.440489236353751,-0.14643007492321658,-1.299992744697156,-0.4051186415617174,-1.3864682365831857
0.0,0.0,0.0,-0.6930875598756403,-0.78457970571315,0.0,-1.2787623820253406,0.0
-0.11292030222238836,-0.3893005948153361,-0.09694807091638946,-0.4035046940142859,-1.3157356961978754,-1.1440662486522601,-1.5640408954978886,-0.9317248016617903
-0.39057664434007666,0.0,-0.501248464914748,0.0,0.0,0.0,0.0,-0.30091283427826276
-0.5815215708439601,-0.88955753118762,-3.307917290757429,-0.11756940149306416,-0.7528257629135915,-0.11933487871794757,-0.5634729548791855,-0.23802429459374697
-0.8718286966629556,0.0,0.0,-1.034135939741164,-0.6109187371538436,-1.1165395117270993,-0.4774894425646288,-1.111587239086206
-0.10873089908055178,-0.34201339706531986,-1.1863265398989427,-1.472199599201855,-0.12208192052858458,-0.35398485122034096,-0.13618024928250527,-1.8185530976228153
-0.09375275400636784,-1.5365566300293523,0.0,-1.3619659257681302,0.0,-0.24487957724130816,-0.7420101756947366,-0.6532378455764638
-2.9211502564950145,-0.2488323994057673,-0.0019805629509441758,-0.2726584093360511,-0.6536976884168064,-0.30806513504900934,-2.2209372649036414,-0.36513213989811
-1.6099434741180882,0.0,0.0,0.0,0.0,0.0,-2.550418150936232,-0.15381980185966437
-0.20045640733102665,-1.1387052064755334,-0.12459371408572206,-1.901874096291273,-0.9213112347488686,-0.8336652474080157,-1.3787598478880323,-0.2765317715216433
-1.1480984427482763,0.0,0.0,-0.8124388857554905,-0.7376752552105668,-0.01378049282437388,-3.1368185804399302,-0.47951414984613905
-0.004777919472605419,-0.17833472336732115,-0.38477765009204834,-0.9561211776405303,-0.6291051317027314,-0.2934233791672263,-0.11632144398366773,-1.6523839057168237
-0.021785324914792348,-0.22676565306896013,0.0,0.0,0.0,-3.1759497857002934,-0.6278937689497255,0.0
-0.8056652990489352,-1.0464076639062103,-0.8137610645116338,-1.9122606055893714,-0.6255297703849054,-0.4979536397440434,-0.41175098590726744,-0.38642850547640695
0.0,-0.4209836472290993,-0.5271697327926148,-0.47263338052882453,-0.7651212702283106,-0.613953202552012,0.0,-0.25378768782344174
-0.9718932411343149,-0.3847625676900561,-1.152622507137524,-0.3883419551871379,-0.31584842727753415,-2.194319504879907,-0.007929943714511722,-1.0440496326131168
-0.6352621311013626,0.0,-0.018419872570444973,-0.008122792629043474,0.0,-0.8215867956299556,-1.4226072300131403,-0.5577287794653767
-2.132403428857712,-1.8960045533089165,-0.052455756313691815,-0.541741338084309,-0.9129158660637158,-0.11082043593077984,-0.38368325334650866,-0.48918120792692044
0.0,0.0,0.0,-2.6666354470490967,0.0,0.0,-0.7063956119091443,0.0
-2.7108036124891406,-0.47762825650062624,-0.46474547616619066,-0.5737066490796652,-1.8001829957893296,-0.1762532291555905,-0.01890199409982074,-0.7229148806215075
-1.0252681748562118,-0.5659840973596459,0.0,0.0,0.0,0.0,-0.08180556692869168,0.0
-0.2547882294699235,-0.4593127164747264,-0.0874552851990078,-1.008368489937089,-2.8381046121692926,-0.3921011931231533,-0.4083431086006284,-0.20244632294427412
0.0,0.0,-0.42005337369826723,-0.13451946033703344,0.0,0.0,-1.1460467116218283,0.0
-0.8190349724520782,-0.3140260972115705,-1.7895013284328822,-0.04155729223906146,-0.05984905413848729,-0.5672616669302588,-0.14566456080472356,-3.127867148435986
-0.2825185346118104,0.0,-0.07509838878381725,0.0,-2.6230508028112736,0.0,-0.11026438012832251,0.0
-0.01193122262482138,-1.5927881858700363,-0.7692266805407089,-1.295972420589579,-0.7672130370844963,-1.489468132851992,-0.12069315673684589,-0.6808802716757878
-1.5053727382899513,-1.232889305629996,-0.1829636978878586,-0.544945792194599,-1.210151729885597,0.0,0.0,-0.5044523909464234
-0.5285957521801707,-0.009938928902279542,-0.2666411210256321,-0.14785275063236902,-2.785117286066094,-1.0081644162282544,-2.0752440333127478,-0.16293917890294995
-0.03103013578135272,0.0,0.0,0.0,0.0,0.0,-0.7256537059695773,0.0
-0.034127738268727725,-0.10346948432210468,-0.6873772650017926,-1.4432119517783342,-0.20591049603814504,-0.2480891830349572,-3.4394142373861527,-0.32725238081775654
-0.6262227483796696,-1.8296845382523585,-0.25212214936872623,-0.5547909606465558,0.0,0.0,-0.9581637303120258,-1.9941643403977372
-0.20958353357473847,-0.3155503627901117,-0.6458601861022775,-0.2061671217307115,-1.7069817710999962,-0.025200681644235168,-1.0364633182426326,-1.9742777298239709
-0.6459760556255887,-0.5371523672883969,0.0,0.0,0.0,0.0,0.0,-0.4319923175350846
-0.1028734719921669,-0.4592579872129017,-0.35256122092430786,-0.8908236080199439,-0.35718706816888,-0.7780152492136301,-0.5610171071549415,-0.5342821340800388
-0.06306864987849536,0.0,0.0,-0.45160578196447965,-0.66037110359244,-0.6450515065723774,-0.9993503715242325,-0.8999301339264889
-0.19918264202365243,-0.9113137063172818,-0.2236231792285981,-1.3182371483635231,-1.6524155534516476,-0.8282179859336791,-0.9483317904808777,-0.10324049449581096
0.0,0.0,-1.5946387658359837,-1.585741214898455,-0.9355382239652528,0.0,0.0,0.0
-0.6201994595997338,-0.4531103431504837,-0.3100623570620309,-0.38360625592614284,-1.091744331424258,-0.8799215029987328,-0.0050578435607908645,-0.24115402978972522
-0.4061413153866704,0.0,0.0,-0.4275187787929555,-0.8164502599351282,-1.8415576265899336,-0.08386923328488471,-0.48580600605667357
-1.16158308319101,-0.8207023381046596,-0.22466779443384066,-1.307478825156175,-1.0526384707304581,-0.14261744680150734,-1.3184202105959404,-0.2539199194421098
0.0,-0.2396836741879138,0.0,0.0,0.0,-0.3929546159300594,-2.90482460100009,0.0
-1.2242700306260872,-0.1014767418800604,-0.0064899307304582265,-0.8788285563686484,-0.17099795567339715,-0.3877998842063546,-1.7993324302814742,-1.7474288248325864
0.0,-1.0890383886268324,-0.5444900285030494,-1.5432793313746949,0.0,0.0,-0.16022843089925498,0.0
-1.2917217730493444,-1.3497365938543622,-2.5784581701144758,-0.4063449734668465,-0.46301024399109814,-0.06659057101808674,-0.11125924513130236,-0.31004219657157606
-0.09235699857156554,-0.26395298621467145,-0.1952256489002382,0.0,-0.27092565807809876,-0.48407779020405606,0.0,-1.3832018499452454
-1.4388968881613815,-0.02201716233907014,-2.499520399864248,-0.10975525403831465,-0.7368633661737558,-0.17243934604859934,-1.134837396362519,-0.3568056555698691
-0.4566730275093125,0.0,-0.2681272902777412,-2.836637210124243,0.0,-0.3484725961118871,0.0,-0.3403789857129649
-0.25034913876381104,-1.4328722604414104,-1.5242724638101155,-1.4543249066484547,-0.9327286997685933,-0.23064220627535637,-0.004435174239866946,-0.5155998368200061
0.0,-0.060867721682229536,0.0,-0.29748201003316055,0.0,-1.229907152773844,-0.9902530485773395,0.0
-1.490520387606625,-0.06310801897732876,-1.2353820286820172,-1.4439616400867443,-0.16706014467662733,-0.5909946331149163,-0.05099556443750508,-1.9182141876723193
-0.46366540151277746,-0.8246872821055264,-0.22714203749623518,-0.7589602151206511,-0.0752845892867482,-0.8971368211214514,0.0,-1.9183605670801187
-0.9332163680074501,-0.526980061844319,-0.7730357961471945,-0.0409245929058466,-0.3227513872037546,-0.8545792068280527,-0.2816941873753276,-2.090064159398535
0.0,0.0,-0.7565904989868901,-0.6040296168013937,-0.6636334852970487,-0.39922524733918685,-0.45856017284514383,-1.4687934812762098
-2.3356460677613544,-2.6510470766117598,-0.007544137934066164,-0.18422717577100833,-0.2900733942361571,-0.46667086904545396,-0.40280112889033415,-0.4687262221409094
0.0,-0.8839409379736285,-0.1674529640867375,-0.0934649789829134,-1.204854587050118,-1.4770128658147126,0.0,-0.2259057090212382
-0.838196851151535,-3.213629638522998,-0.6381578049557453,-0.6054896935748362,-1.1461681825482382,-0.14909340582428676,-0.1233227327945503,-0.25431074023197997
0.0,-0.603277139655181,0.0,0.0,-0.2781683517367277,-1.8554322360773945,0.0,0.0
-2.035178838650637,-0.014794181303069642,-0.460247521568669,-0.7446317693549886,-0.37679209833633287,-0.10089301444079357,-1.2515248147482723,-1.4094223508445216
-0.9634464814262023,-0.44950990283982417,0.0,0.0,0.0,0.0,-0.6911908616454756,-0.6108799076865754
-0.35189885031458523,-0.10400743075140628,-0.13699440454591105,-0.8107083100867989,-0.2997314797178472,-1.6823721658541766,-2.413935121202857,-0.2689816487428338
-1.293380713748582,0.0,0.0,-1.7959917552344091,-0.6292461772125613,-0.2620873016858809,-0.7090894289143401,0.0
-0.10089696657937974,-1.099993562033526,-2.902002469367363,-0.025475525315771463,-0.12512802519169686,-0.8560852843557152,-0.22176422826481001,-0.1712120750051236
-0.1271268621135926,0.0,-0.20971019537285063,0.0,0.0,0.0,-1.79424331701542,0.0
-0.21567448619306262,-0.04728743521797352,-0.33024757540087535,-1.143794722664932,-1.2351726333142388,-0.25281544500438624,-0.8627736722445389,-2.1614683420315357
-0.2028379817114736,0.0,0.0,-0.5691533429753424,0.0,0.0,-0.7181172534189031,-2.216469225189935
-2.1078076736697735,-0.4801767969949582,-0.5746201290088804,-0.51635710603402,-0.10602814497191204,-1.3327391004500004,-0.9312062594753607,-0.0352225315079675
-0.5473363435925895,0.0,-0.7077115499723892,0.0,-1.1667129200148274,0.0,0.0,-0.44486647151903114
-0.37883094766575454,-1.1548283612165458,-0.8869300129217139,-1.5131559347443222,-0.047191489539567755,-0.5325752954131655,-0.09857259410910757,-2.3621658366775815
0.0,-0.36538718922276914,0.0,0.0,-0.3151171998953446,-1.5218093281158014,0.0,0.0
-1.0251220510003387,-0.4919839789399152,-0.20176391270111793,-0.22786321546518984,-1.1941181056937387,-0.6009377759315049,-2.194780959889165,-0.042468714535647045
-0.9017152022895916,0.0,0.0,0.0,0.0,0.0,-0.7600221211758784,-0.6484036787308378
-0.881447200477683,-0.3515389992657978,-0.0002635306833678186,-0.07782554665893748,-1.7380116562334322,-0.15280512743549846,-2.6168153768188045,-0.5636492142246254
0.0,0.0,0.0,-0.0023515796775974707,0.0,-0.22925267012001793,-0.9645546150102957,-1.1758941370148
-1.0123091158616502,-0.45127416644895746,-0.7708480545017578,-0.32053466766468386,-0.22242712966590794,-1.3363826608085896,-0.19978465532717138,-2.109616880057863
-1.564781907608313,0.0,-0.9131564163401826,0.0,-0.14220313582889865,-1.1280861022310686,-0.21551187937413285,-0.8323396234438549
-0.9403646972829343,-3.2071666622555592,-0.5756656919886023,-0.8379933837155127,-0.18357860326734698,-0.2135443008910114,-0.03772549136362091,-0.10297968231688337
0.0,0.0,-0.5833886806197919,0.0,0.0,0.0,-1.0608256473815825,-2.425801741099531
-2.5141284908964554,-0.7925419108934753,-2.4300489872985622,-0.013039020598059281,-0.46167294126425773,-0.5050215010544488,-0.21877281704343332,-0.014414107428099676
0.0,-0.6668126730640509,0.0,-0.5105970149430119,-0.24379798347201742,-0.08976216661996528,-2.19411038779565,0.0
-1.3234234622958443,-0.5749588778519836,-0.1862784341552537,-0.8093206851101762,-0.6773272403716346,-1.1688357540220569,-1.707693422539764,-0.3217112895580696
0.0,-0.3427303940638078,-1.3522846008714096,-0.8192772235405092,0.0,-0.6403882963127909,0.0,-0.6214781414689128
-0.8999430181762866,-0.7723623732144347,-0.9435466881801151,-0.6353428824591312,-1.6471016931545766,-0.04154813306107741,-0.184637603334882,-0.8747731468782023
0.0,-0.3061462829590216,0.0,0.0,0.0,0.0,-0.6026775803591953,-1.787585558592653
-3.8778901462482507,-0.3829761233283815,-0.32238659607786957,-0.4290203388957812,-0.16093738243136624,-0.13762322255221981,-0.7739001529342078,-0.6808396951119384
-0.884312520307045,-1.4018955457040443,0.0,0.0,0.0,-0.5467901321402246,-2.1114879030357585,-0.11250847232981798
-1.4071805348979805,-0.3866987186632844,-0.32006958102422267,-1.8176630381285594,-1.1813458261475134,-0.2856021660211052,-0.6659613077585558,-0.5218448020141793
0.0,-1.139037310256529,-0.2319023004383709,-0.15142347275085122,-0.5293104558221193,-0.11551760992145788,-0.6223649162318408,0.0
-0.6550825454580389,-0.7872189284857765,-0.7781927864045048,-1.6388797989764212,-1.386185544501811,-0.3961836597185222,-0.6672718600032876,-0.03692682575580175
-0.174659515289318,-1.1357724632111434,-0.1877677699338438,0.0,-0.6330322804649802,-0.5567269888300697,0.0,0.0
-1.3125619438470064,-0.1280410218479897,-0.5343629330066513,-0.19571991866822547,-1.682369320186731,-0.15761345312984876,-1.1704572659058403,-0.19360353725849944
0.0,0.0,-1.1933556010309427,0.0,-0.9229264350731983,0.0,-0.4358406974818747,-1.4639535603878633
-1.9671533416040967,-0.403536759575152,-0.009422713503743019,-0.5782006417383023,-0.5554437977264204,-0.5735761966792099,-0.07373383480159301,-2.6986290921739293
0.0,-0.021137563992525088,0.0,-0.2632768960551264,0.0,0.0,-1.4360562198623104,-0.09080531185499563
-3.073300268823149,-0.37405026735628155,-0.4569838028641131,-0.6730626677424603,-1.0238720884067547,-0.09757432082366346,-0.02230083773831293,-0.6647701578030736
0.0,-1.7515269452871003,0.0,-0.5771709093256678,0.0,-0.5055823911677315,0.0,0.0
-0.4472405044085459,-0.2197962153932469,-2.246425861780285,-0.4240818254369172,-0.8241960730384417,-1.6430944149479947,-0.5071621592031752,-0.05630150129654243
-0.18347714930389714,0.0,-0.32943406918703033,-0.8637534247859593,0.0,-0.6337431429518974,0.0,-1.7870243808410695
-0.46844516629633404,-0.4040794698849739,-0.6077821268433414,-1.87292055159216,-0.33479081095542007,-0.267391122420932,-0.07338169080626589,-1.2030161978685276
0.0,0.0,-1.6670482136949696,0.0,-0.16713828598793334,0.0,0.0,-0.2934351598891016
-0.04947269944160837,-1.944684188549104,-0.8642868495360823,-0.8689011686849701,-1.2703058490950125,-0.9190296440202603,-0.5097292241148574,-0.5501204046980996
0.0,0.0,0.0,0.0,-0.19594510005708266,0.0,-1.2821798687495827,-1.4887983483049805
-0.469645355049777,-0.048509756260566306,-0.5911130598216872,-0.006434114755000664,-1.4014394849891154,-0.04094497078343551,-1.3595044687658246,-0.770278868378357
0.0,-1.537631008468888,-0.12675386658853327,0.0,0.0,0.0,-0.9751322576799142,0.0
-0.8359803022774575,-0.1171187216607823,-0.3447007913453666,-0.383080214592872,-1.8419099598812423,-0.28835844569838454,-2.727461911438981,-0.14040155383047193
-0.28359047984703434,0.0,-0.27244844689693615,-1.2285559432614725,-0.11168083197370571,0.0,0.0,-1.2280346440712595
-1.010634468258015,-0.913607066974949,-0.640144667167835,-1.3114951245222937,-0.6075194158741155,-1.1964528915255395,-0.017087074637887056,-0.12845417718849017
0.0,-0.37979172389882,-1.4459287310203868,0.0,-2.3958216422792065,0.0,0.0,-0.1377260911268836
-2.3841436552540856,-0.4477103395816462,-0.37335538805225355,-0.2179720881319902,-0.1439195041775001,-1.5678364650060965,-0.02822303817819538,-0.21823547279935962
-0.5496786203500168,-1.3969955698252772,0.0,-1.2893885817219326,-0.08656198146119287,-0.8271003938352397,0.0,0.0
-0.10757009305347687,-0.5960961233663387,-0.36466988947789325,-0.006203121710256276,-0.1029011797902788,-0.0777661619904606,-5.0684419417504225,-0.40088806122502785
-0.25911524535669095,-1.396273979415498,0.0,-1.1661131788816865,-0.41170516153290393,0.0,0.0,-0.01076500928345947
-0.09607110968985388,-0.6738288618691968,-0.4719461315393918,-1.9313665940340181,-0.22768067624330168,-0.31589667961285706,-1.5391282894646112,-1.3404398737158765
-0.004965817554042573,0.0,-1.9124478353106484,0.0,0.0,-0.8245901736598089,-0.02113951026386296,-1.0083590397569395
-0.546274264858873,-2.219822206908826,-0.22187658431514468,-0.7593965825057865,-0.14876595379845714,-2.4635013941877295,-0.37489681574641054,-0.09557894064433015
-1.5138541075693048,-0.4294848501338704,0.0,-1.3039167757599852,-0.534242217658722,-0.3300005414524172,-0.11323818913537931,0.0
-0.4868328841853726,-0.6907493508374225,-0.9514021969409328,-0.37060249357814,-0.10194557383378111,-0.9812847732854237,-1.9020100590676154,-0.8273444725195533
-1.3776031325709637,0.0,-0.2435928547681705,0.0,-1.0617453753827668,0.0,0.0,0.0
-1.736472227169167,-1.0568554507378867,-0.680076385041132,-0.9053354102268765,-0.20110744555676074,-1.4369778205922685,-0.6021239464212691,-0.22920966292978395
0.0,-0.3949664632779566,0.0,0.0,-1.160271122923909,-0.23569461841093897,0.0,-1.0942089591788466
-0.20578260637139412,-0.46944147642403955,-1.3934208672191772,-0.5780245334384446,-1.1271426756974705,-0.3464843198864358,-0.7169734154473417,-0.2395472844155293
0.0,0.0,0.0,0.0,0.0,-0.5219100262595031,0.0,-0.43225139408487756
-0.4716544677528116,-0.02674997516940536,-1.7202501499679217,-0.1842272436570731,-0.5984157031988611,-0.5070491498389504,-1.1242601861859258,-2.157318623748454
-1.1353134589419005,-0.6553560206973863,-0.20260715005576202,-0.022628659238392856,-0.24396728337564344,0.0,0.0,0.0
-0.5808227290387471,-0.7953840391298321,-0.6062341768857298,-0.11812263760370367,-0.020687131984395535,-0.6023433067006341,-0.39004423344614914,-3.8098170926562744
0.0,-1.3248818315867652,0.0,-1.8038089771811663,0.0,0.0,0.0,0.0
-0.0003434579391168313,-0.013032313729573808,-0.5943206581021885,-1.705406510936113,-2.547470295522964,-0.6880587299822789,-0.04963347651138861,-0.7362404486301903
-0.14897050207992457,-0.3191095130523669,0.0,-0.6437843126087524,-0.7129939139565824,0.0,0.0,-0.06522646206824412
-0.04634326304468139,-1.4800264600940753,-0.033979663169192875,-0.950106775031637,-0.0922681862695125,-1.2543460924348189,-0.45941339560079175,-2.6305656105908097
-0.14605037448529856,-0.22344823997354002,-0.6456549966134695,-2.807866448380061,0.0,-0.8267994108337584,-0.4144196614839988,0.0
-0.16806462176794312,-0.6541563839849065,-1.8308494127009443,-1.3165879280820088,-0.014720660087590431,-1.463162689022674,-0.001298770993795273,-1.3793240392895854
0.0,0.0,-0.09502814584405606,0.0,0.0,0.0,-1.7412217213028987,0.0
-1.776779103018856,-0.4787911529789568,-0.13635674563646294,-0.37024769976103045,-0.8113531297923542,-0.31336410861113606,-2.507471139294112,-0.48431015802124566
-1.9270886724821228,0.0,0.0,-0.5020481228997786,-0.9704031260339647,0.0,0.0,0.0
-0.3742030635461919,-0.8467253203604663,-0.21153070464216217,-0.5398866631210053,-1.4181633068429615,-0.6705551862397039,-1.7988114452107107,-0.7058979941505221
-0.13416547004992996,-1.547638722471893,-2.4803337843715223,-0.915533637713188,-0.48886253898687393,0.0,-0.08558640450316979,-0.6693753823088802
-0.13718315785996893,-1.4687806063900375,-0.9780882741842216,-0.7343154029243149,-1.9372932961529745,-0.07050606185023689,-1.1782885307396072,-0.2849885556310392
-0.6180717782960272,-1.1554171368230808,0.0,0.0,-0.3198438801094259,-1.3078567215008992,-0.38737937223680596,-0.12887025355166415
-0.8066117004015201,-0.4673554345200799,-0.08750971129266549,-0.8746475957299555,-0.5600094691140827,-0.9164613068950924,-1.751605462037766,-0.13561963056890391
0.0,-0.6937719431840002,0.0,-0.4965529286655972,-0.43428149661415105,0.0,0.0,-0.6020961926184878
-1.6027357662507518,-0.580963720511364,-0.4714479675443837,-0.7522388421082278,-0.4311735132954526,-0.43204255710643213,-0.6882519601921979,-0.5829539674268105
0.0,-1.3772317522570416,-1.0363038229707593,0.0,0.0,0.0,0.0,0.0
-0.44026437068651436,-2.4740218110883063,-1.427352723600662,-0.19521727390535215,-0.18932262363700225,-0.11125197352445237,-0.9538965998090845,-0.13617189663170404
-0.000950621683290187,-0.8460413805771081,0.0,-0.509930549802208,-1.9604098125600364,-0.57920270507657,-1.8428644907574352,-0.18225705081584564
-2.0636808382172616,-0.16319508507769154,-0.07361954702290507,-0.7728842816666956,-0.36651520074578414,-0.07232446393721492,-1.0937250901210156,-0.2639621731015813
-0.7540714113438938,-1.6686409247734133,-0.7686358726712044,0.0,-0.004544522943333185,0.0,-0.7022992342423668,0.0
-2.0132570052103613,-0.4862717476080203,-0.15580986487696613,-0.4739701741292519,-0.7458260251407101,-1.0378215668457997,-1.658834207533225,-0.3277921701339581
-0.08055858679204864,0.0,-0.08832810265265412,-0.29824228037857115,-0.6219081489963258,0.0,-1.3569555908267326,-0.2853874875536828
-1.2906756849958594,-0.6324989186027361,-0.30425781892236436,-1.4122980969693977,-1.8656069223658474,-0.32778584016414225,-0.4118504214184977,-0.3960171677240423
0.0,0.0,0.0,-0.5898302530922468,0.0,-0.5963733278385703,-0.7649158166724233,0.0
-0.19829376734963589,-0.41439869058155665,-0.3089181199306781,-0.2493998758828031,-0.7411047353003237,-0.13974144512732067,-0.6644586764811757,-1.3325654648792336
0.0,-0.22298150157931218,0.0,0.0,0.0,0.0,-1.0358776849725606,-0.2547634030436754
-0.47496171964336575,-0.029985500748365368,-1.0762839017246648,-0.31297466595139145,-0.46626964713271235,-2.9271209904847835,-0.2376649601320331,-0.45450852654186313
-0.1811446139011066,-0.16982818513447118,-0.17505467542902675,-0.09428002758763299,-0.6712265116133613,0.0,-0.6072435815477304,-1.048181910379733
-0.20488038386469132,-1.5349806160786983,-0.9790831869230718,-0.8923280790390296,-2.267913776775168,-0.37726190507356616,-0.32447315162116297,-0.15855505144538107
0.0,-0.07908498916329343,0.0,0.0,-0.18219901248726345,0.0,0.0,0.0
-0.14736481656051303,-0.5604111211666059,-0.689420885641769,-4.194163276330835,-0.2463937630967976,-0.049006369973401576,-0.30554276449045226,-0.21202744134447737
0.0,-0.21406241966740946,0.0,0.0,0.0,0.0,-1.0861433939596736,0.0
-0.023212445924453817,-1.0444522298598962,-0.42622001954847466,-0.9922267197930434,-3.712978243822318,-0.0010762383221862848,-0.3825890332932218,-0.40929944434286814
-1.4008974154088945,0.0,-0.33335739785472107,0.0,0.0,0.0,-1.3834516311541032,0.0
-1.1431568670156773,-0.7424194646782327,-0.2800073302604673,-0.3123871067768915,-1.2930218284656823,-2.0675975270710722,-0.31062314356530596,-0.3236029992549465
-1.118611624213787,0.0,-1.2187214903677361,0.0,-1.7548773524160373,-0.10066053342676717,-0.2691085513751448,0.0
-0.00968791799844304,-3.1140587155812605,-0.2867577068596443,-0.17138933559094838,-0.6574222430201262,-0.4441150356859289,-1.133251842433089,-0.9604547380811841
0.0,0.0,0.0,0.0,-0.01133583482415812,0.0,0.0,-0.8449664969090183
-0.18967423929901095,-1.1064653549730084,-0.05886434238234006,-1.1841652275284407,-1.3862583126004173,-1.0125517604951995,-1.6070020855125353,-0.19946909084363007
0.0,0.0,-0.9360725248109381,-0.9870076586152052,-0.9815827017623597,-0.10617678346165249,-1.3013988036665403,-0.5147408303119398
-0.039141764820977976,-1.6888208236939484,-0.9603018231148397,-1.524565144717445,-0.627229626200986,-0.826359620822811,-0.32822303027711364,-0.7872536951741598
0.0,0.0,-0.9800587059131338,-0.5385032912483032,-0.5825991610503642,-2.191857311929332,0.0,-0.2586050389015071
-1.1137204573729047,-0.7877567666596255,-0.02440240322552345,-1.5928383170625677,-0.5616559709605689,-1.1141904203010942,-1.025216248884126,-0.4573060745279509
-0.0027103872337157497,-0.5771008170066017,0.0,-1.5841507210598174,0.0,0.0,0.0,-0.9880433426294957
-1.369704645510966,-0.9891049558876324,-0.32040356445172335,-0.3799227182593139,-0.48727522734352036,-1.7812851033045298,-0.18523694645591338,-0.698724836459224
-0.7659889571602037,0.0,-0.17389626974170014,0.0,-0.18175568474421677,-0.046499042200648155,-0.04041151050953218,-1.5802796779478605
-0.5927973177641848,-0.34394563365755193,-0.2918442244582913,-1.7376153842981648,-0.3285887891318948,-0.0038122337829022968,-1.8497378659997334,-0.7732413423323248
-0.19341050284469574,-0.4318338361924896,0.0,0.0,-2.245714343538576,-0.35496626909073026,-1.2283835834739012,0.0
-1.9546995706768762,-0.6774628338484607,-0.15258752284144794,-0.5176835644040088,-1.2616123126419314,-1.2282101685949574,-0.4245489516798946,-0.03353050383581557
0.0,-0.38801771833821874,-0.3550659015529538,0.0,-3.408518290279393,-1.2038515699519916,0.0,0.0
-0.5099962698870018,-0.6041923618462803,-0.22154436491756346,-0.1653931677789382,-1.1128660571496392,-0.21768493692733415,-1.9565520734607347,-1.8165949890265125
0.0,0.0,0.0,0.0,-0.32452899498878995,-1.0323088691702669,-1.0631185030504122,0.0
-0.16277670349524787,-1.0488066692382843,-0.7484695551645499,-0.7807600695989931,-0.02298294848430782,-1.6642916225888884,-0.43762120976824903,-0.9355932550486301
-2.3295595789942425,-0.39244094975179955,-1.4868833193741802,-0.4281603854309788,0.0,-0.770455558922789,-0.07283914345048714,-0.2905837269029874
-1.7437324604046287,-0.06932162231217998,-0.20989004010702317,-2.074721244423494,-0.44351579438483135,-0.30138601183998226,-0.05388253972497559,-0.5194392398347256
-0.6337008273544784,0.0,0.0,-1.1946227211670868,-1.299238968599485,-0.8053660915404937,-0.6254254956365575,0.0
-0.04042259212841248,-1.8218876524183498,-1.5734762857572093,-0.43347346632238626,-0.6766273537735819,-0.42723722410905296,-0.39682920783135067,-0.865075518548208
-0.9943437306172767,0.0,-1.7476118113117556,0.0,0.0,0.0,0.0,0.0
-1.6697432686474984,-0.7474271407577451,-1.7123595674545022,-1.0394027426780132,-0.06322016690751475,-0.4250566893168415,-0.1500508483684575,-0.49203797166578234
-1.0803117953941177,-1.3012727448377923,0.0,-2.0220117814127416,0.0,-0.18093134534385413,-0.031009692247533138,-1.2451842141498703
-2.99633330868451,-0.5834320208661419,-0.030177736455287985,-2.5367424043921805,-0.1583071251382,-0.3670882056094804,-0.19980846159111465,-0.049848154971485314
-1.2101386201218984,0.0,-0.5650854592349033,0.0,-0.09184203629006049,-0.00662515341408465,0.0,-0.8042492251977382
-0.3239758501106689,-1.5269310987719287,-0.3406273205236756,-0.2396559251629311,-0.7429887799547297,-0.5801133171681263,-1.0512537055789268,-2.151079573076717
0.0,0.0,0.0,-0.20261541946023431,0.0,-0.5355640667252839,0.0,-1.427322760813321
-0.04308105328228429,-0.08276652008026097,-0.14227410676914776,-2.0732725647060883,-0.8261265172527956,-1.683789917247978,-1.4762345351472277,-0.18538444935012421
-1.0229629293306672,-0.26541850901066066,-0.07511121901083317,-0.14452734238632203,-0.06052442817735226,-4.515568342106523,-0.49083836972284267,0.0
-0.3794893209863579,-0.4355076049880644,-0.38454315947319095,-0.7276674966583307,-0.25923353313710695,-2.506046438718858,-0.6200269391506374,-0.36604306071447823
0.0,0.0,-0.13923041379573053,-0.08259144966701104,0.0,0.0,-1.5654260407267264,0.0
-0.08558951218489508,-1.811117094825681,-0.14878282841862323,-0.5484044146653853,-0.3435347466009402,-1.5120455155598709,-0.8624264933365087,-1.0767014795794738
-0.04505588864274657,0.0,0.0,-2.317555153984106,-0.8770608277748781,-0.056887745347332874,0.0,-0.5716761674973698
-0.3042326130799342,-3.0103305187222693,-0.12091576181840757,-0.2723839949150353,-0.08766231438693328,-0.17101805400441528,-2.132501626412677,-0.5653140056406851
-0.9646165852708437,0.0,-0.8731648023343697,-0.7062298747979758,-0.7679600592355618,0.0,-0.7554709531493327,-0.25749303852203553
-0.9037358396798867,-1.3199473742817798,-0.6625517935217351,-0.3630150929667826,-0.871154314871144,-0.5589779750391957,-0.13067640712679118,-0.24504977859980936
-0.4804328833984952,0.0,-2.8528604992445654,-0.07028133372230183,-0.013199422681404727,0.0,-1.4111840791529442,-0.7667832967883417
-1.209421369529525,-0.13735114199643217,-1.2118398651322826,-1.047041343254885,-0.06222981910548597,-1.3259683897729726,-0.6483240568041779,-0.6457132612710899
-0.8202429297242091,-0.2079417991832102,0.0,-1.8939163861986525,-1.2382120432314592,-0.17212787043989142,0.0,0.0
-1.8231479098666474,-0.10278905367102631,-2.9056063997173336,-0.3069568095956159,-0.002755344295550799,-0.6058757713814149,-0.09210904511156848,-0.05597941177206334
0.0,0.0,0.0,0.0,-0.6132947733398062,0.0,-0.08146364502442527,0.0
-2.621890851572277,-0.8593243222953211,-0.701159908653672,-0.25231472741212624,-0.1030242483441759,-1.1402241249523462,-0.7065229008982641,-0.6022838522848764
0.0,0.0,-0.19411104793863032,0.0,-1.664011779459667,0.0,-0.33393765748812054,-0.46302991617491696
-0.18889974426018163,-0.02685837470077157,-2.2188642415347566,-1.276907745145758,-0.3731085584371243,-0.8228072726031437,-0.38971548612445517,-0.20311449492183797
0.0,-1.4353248523421733,0.0,-0.5273891237974047,0.0,-0.4423779961354244,-0.32182827744052034,0.0
-0.5895196829442799,-0.6475314790433568,-1.1548867856356573,-0.8445281229179056,-1.2249327135781858,-0.2893932218610411,-0.4117106020432466,-0.7637964265723145
0.0,-0.0599108619532327,0.0,0.0,0.0,-0.8812369533907543,0.0,-0.6029581355178717
-1.9142061984453838,-0.7484060006723823,-1.1807308388937736,-0.04917861038034488,-1.5671737062298892,-0.6579693009470082,-0.4739160168959886,-0.07383909392714827
-0.6978468506342548,-0.6719140646189476,-0.3757840498958256,-0.7472203295529951,-0.4117140297293762,0.0,-0.9353590778150522,-1.4951631254639413
-2.4938504899516403,-0.7325219712055393,-0.6587141133545709,-0.5149352476618763,-1.4744397211316906,-0.22897196676281517,-0.012841290293120089,-0.06219658992305632
-0.42337826696395453,-2.3740802250772193,0.0,0.0,0.0,0.0,-1.5045593660102758,0.0
-0.005697326927993629,-1.3081725617235769,-1.2648528554299574,-1.5462976528955048,-0.634214476185825,-0.5401203827601897,-0.11110763578016947,-0.30568289336773535
-1.6371887345008336,-0.6614397925461493,0.0,0.0,-0.8702165999100755,0.0,-0.08874464261624837,0.0
-0.977278101229281,-0.05249733104387477,-1.0510903431248702,-0.32463071632917373,-0.480657957369548,-0.42670507904886446,-0.47553393848566294,-2.5409165676505916
-0.578737242736385,-0.14988321990270403,-1.3079058968301727,0.0,-0.6147961952020999,0.0,-0.3458265838989032,-0.8644983157884525
-0.11764230398521658,-0.4010642471467012,-1.6503649545157248,-0.5274457091006477,-0.4237909803642168,-0.879910873833051,-0.18116992455080716,-0.133035497660412
0.0,0.0,0.0,0.0,-0.2804138910779077,0.0,0.0,-0.8558578451110055
-0.37222252140663237,-1.0197928526861375,-1.3395641034354338,-0.42147195177252517,-2.7633548965855566,-0.04637577567116846,-0.5857072277281343,-0.3654814095033654
-0.8246211399616001,0.0,0.0,-0.6154580805975982,-0.06184112413173448,-2.9402772370790684,-0.18410903735568596,-0.3699719743328753
-0.3699252573010572,-0.0220869456593924,-2.212711120286615,-0.5323285464496177,-0.06843157792552823,-1.1863192246035315,-1.0585156024072973,-0.22889392213039095
0.0,-0.048460736548880945,-1.3774790219216975,-1.2870060316879384,-0.29922427451764566,-0.8346735672892187,-0.15449459139404986,-1.4517863960004158
-0.054859126715708584,-0.5620765963421768,-0.8616883696319846,-1.3530441071757613,-0.7776348332194196,-0.7239291954098217,-1.2701519846101554,-0.7064007962262124
-0.46173982453909623,-0.5573220969134631,0.0,0.0,-0.2967964489204782,0.0,0.0,0.0
-0.44699211355192237,-1.4103976555228641,-1.6394922708150936,-0.11897746915036578,-0.051089681863359715,-2.132547775294931,-0.6006332551915978,-0.15323367877795135
-0.4892622471090622,0.0,-0.9277353733252021,0.0,0.0,0.0,0.0,0.0
-0.25600753127349396,-0.816041543045797,-0.8252245375834342,-0.34881837538986105,-1.378671144598414,-1.6401876499042665,-0.5212896933897957,-1.0464375256763425
-0.7052743660568215,0.0,-0.596765283775639,-0.9419799193692313,-0.020818070701162483,0.0,-1.2852430286140955,-1.521640421868435
-0.140038177781582,-0.30105494204834393,-0.9296026891332358,-2.3068133134320785,-1.926254092599649,-0.5197616866227666,-0.11499582066532632,-0.7402379010160871
-1.1919761861301135,-1.793373712295046,-0.5947503113538168,0.0,-0.049097390293221466,-0.27608478774110345,-0.27694686999646123,-0.5317388282400204
-0.08367662935130049,-0.4901208491160869,-0.5930950825148962,-0.4489188902982306,-0.2985001428063905,-2.255137647612308,-1.70760658104816,-0.9347113628327826
-0.45352996969030457,-0.5767771315623946,-0.5021052501741341,-0.6171679120033513,-0.3629225554741522,-0.9034079231021126,0.0,0.0
-0.5769085086316821,-1.7047213421465015,-0.36709243713557704,-0.3849574992423008,-0.11509923843835956,-0.9387651486563122,-0.5226677648675162,-2.3620497297511758
-2.4143641986413478,-0.21814474796575478,-0.0766616953501309,0.0,-1.9771293124391551,-0.10006543331049755,-0.02910939029435422,0.0
-0.12664117351693527,-0.3552574929200212,-0.025716851432957988,-1.985459730853778,-1.5176168441191162,-0.48021649361294116,-0.7852043764126266,-1.4970969380890686
-0.9544155274261463,0.0,-0.10128617182716049,-0.7656403910129148,0.0,0.0,0.0,0.0
-1.5069345558917862,-0.2285236237787478,-0.7380625857863041,-2.588659895236205,-0.29301820184745964,-0.3607963627899027,-0.22981674329448687,-0.4451101406487865
-1.260582351332567,0.0,-1.1766790187815754,-1.1366928153689964,-0.8281305340907865,-1.2579973446664017,0.0,-0.1140207766277399
-1.000967718134186,-1.5131910980071188,-0.1323509522020565,-1.1096740728804688,-1.0658267439052418,-0.6753565473221883,-0.6808970142613653,-0.28123442066152204
-0.16483730988839262,0.0,0.0,-0.30328610060918937,-0.13927626142660632,-1.1344162114841803,-2.279546863123463,-1.5707216116091418
-3.371381108286667,-0.043100034152064204,-0.3155037463221291,-1.0904570198478067,-0.8900964635084208,-0.1600479302369342,-0.8765768281410473,-0.15297184417745857
0.0,0.0,0.0,0.0,-0.07033498185519349,-0.047734141647763906,-0.6911816123616426,0.0
-1.968220519707721,-0.11205493398046595,-0.07418420435539907,-0.0962657369711204,-1.2519748926089882,-1.2141915999050816,-0.2702912318029922,-1.7251782027767666
0.0,-0.17168355896811427,-0.5630314498107065,0.0,-0.552965823324497,0.0,0.0,0.0
-1.4019331222433387,-0.7235089662171017,-0.23099077278821678,-0.9135765102428177,-1.32831135004447,-0.34661493667837906,-0.09638542417378204,-0.5370535174024749
0.0,-1.7659070089724267,-0.411549868875821,0.0,0.0,-2.1680466971443897,-1.2234437307966557,-0.7025707568320714
-0.012239540069505672,-0.4749352784665568,-1.5223089686434363,-0.3060782348842608,-0.9065837486352359,-1.3492450454147757,-0.3333515316804192,-0.5933343957339936
-0.010737235938219847,-2.1969786578719823,-1.4910029979118766,0.0,-0.06764527883255944,-0.14377387332998737,-1.1109613512195189,-0.5168537152902335
-1.6057192886685634,-0.5594360053287666,-0.14506363839971215,-0.023373270434449367,-1.8434523513325116,-0.908325463152913,-1.1318793279145059,-0.5169902190663018
-2.1056333409084207,-0.2658707917898875,-0.28606281555399704,-0.8514739617323226,-1.9397363798030174,0.0,-0.6176736813288501,0.0
-2.3004138504587957,-1.075147933663816,-0.7464929212438136,-1.922186354170485,-0.0071525891292196775,-0.013908561230057792,-0.5121933679064217,-0.13194396142306974
-1.1401632459429054,-1.176071227777312,-0.12936452106817775,-0.25487768207721295,-0.31379142893799905,0.0,-0.19299325825161961,-0.5192710865895638
-2.0498619350689147,-0.7662273256775913,-0.008222727339084912,-0.8872098354761722,-1.296332071182328,-0.14925009170185888,-0.7476642377714047,-1.0585095436808176
-0.004498121187046955,0.0,-1.7072487351896202,0.0,0.0,0.0,-0.8493540811043125,0.0
-0.7987152560764992,-1.3727872272097699,-0.41104251443631235,-0.41258887917076237,-1.6207686769440555,-0.26600433887315234,-0.028166097372189114,-0.8339097402607756
-0.5076303828546305,-0.8718792229648162,-1.9182065768249768,0.0,-0.6954615965241064,0.0,0.0,-0.08899384789754272
-0.397330805276523,-0.8858612043143408,-0.7809447766026176,-2.485929258633809,-0.05606782553434453,-0.6945757066195197,-1.537770960754342,-0.05696152594438075
0.0,-2.0230098777365093,-0.06275362432355713,-0.6939670994282761,-2.278963288852129,-0.12484601994456046,-0.3338465972216671,-0.39849848573631075
-0.37829528581352356,-0.2788898347555282,-1.2826615779475148,-2.7873746707438416,-1.0176945220208102,-0.2086886133300716,-0.6294740398281595,-0.2921353601003025
0.0,-0.6545660128123822,0.0,-0.486498717707466,0.0,-2.553388973444,0.0,0.0
-0.594129111701867,-0.528313578425978,-0.06529834517119681,-1.1995758989192362,-0.8174287786001351,-1.3598717801374178,-0.09170819376488382,-0.22626129825343888
0.0,-0.6173244894578325,0.0,-0.43343509140959124,-0.04258010146022784,-1.555198424509915,0.0,-0.3799123403313258
-0.32713276651722545,-0.3749661450277699,-1.7265689829160387,-0.9009890091091783,-1.073440760034984,-0.4871877195990333,-0.9920600833427864,-0.8296963449690953
-1.814708732727076,0.0,-0.31369705156611616,-2.2791650110766266,-0.7241814099779029,-0.0148430979542713,-0.5015402827890449,-0.23189272081283008
-0.5192709322996771,-2.382277396767777,-0.02318083783932945,-0.14802015947902092,-1.3063297173002884,-1.2588632191592408,-0.1440206698444042,-0.019515198156185853
0.0,-0.0019175485468680975,-0.9419239958960377,-0.5505483296243021,-0.034231789626717024,0.0,0.0,-0.2991156810829194
-0.3140890659671385,-0.5567971583117366,-0.2687320880353852,-1.9198005959185291,-0.3491261612948975,-0.01382995631980588,-0.11870142961366792,-0.5847838514720571
-1.0520338709002743,0.0,0.0,-0.1792871803711975,0.0,-0.7471298680332996,0.0,0.0
-0.5146466604842006,-1.7693006978486059,-0.29781619698369255,-0.788855555467249,-0.07067344546141285,-0.6815688803663926,-0.6027325107728867,-0.17373166550967412
0.0,0.0,-0.11387166034069196,-0.0542703462062919,0.0,-0.015820781445641252,0.0,-1.1935402190697397
-0.20408218726853544,-0.9817221506909339,-0.017157071266541202,-0.4067456897326309,-2.4944561369263045,-0.7762008544204724,-0.7465927398249637,-1.2119110557967003
0.0,-0.3900135421421451,0.0,-0.545807791212912,0.0,-0.10638783407645747,0.0,0.0
-1.5906869540313,-0.720833827211373,-1.0466114806490712,-0.3208490581623602,-0.02102078529257323,-0.5159152606938084,-0.10845934263728907,-0.23385132452471424
-1.2546111932850748,0.0,-0.22925977463999914,-0.8759510420165384,-0.6253340936694878,-0.2715279321619102,0.0,0.0
-0.01386982813089066,-0.006175381881123876,-0.013809191318478575,-0.1902726249637361,-0.6836710342158705,-2.647552075051843,-1.5616959435667113,-0.18576163019760106
-0.41877390910581624,-0.697112192868242,0.0,0.0,-0.9694032226034031,0.0,-0.44936402101213613,0.0
-1.4939038920400245,-0.6613118930319528,-1.839258147593691,-0.2845614902454985,-0.0568695385431095,-1.2592801868971568,-0.7821316843972284,-0.285314827502269
0.0,0.0,0.0,0.0,-0.5644524072361579,-0.22601628873328306,-0.903788958115233,0.0
-2.1865106392020435,-0.22225470254018198,-0.9213047851733576,-0.05484521808571152,-0.1910416815069862,-0.7561787443336012,-0.29954750510485617,-1.526208354855191
0.0,-0.09918880147313391,-1.7674156316154743,-0.33168795459669465,-0.2970563894352214,-1.320441140130166,0.0,-2.7353592247055394
-0.713894890525907,-0.10301459098720844,-0.506980161220099,-1.3130550637692515,-0.4564201141996058,-0.5094861524818173,-0.10020254894735903,-2.1293574708950267
-1.1016357680015636,-0.4365128235288882,-1.4412735208108467,-0.7870976444129187,-0.5832385817497778,0.0,-1.3329757201119756,0.0
-0.4835752161200979,-0.7497929522547366,-0.27000917818668935,-0.0178250312250281,-0.9051668892237759,-0.53285321876149,-0.4326920018899134,-2.901650708507362
-0.42898874545788335,-0.07184651517913299,0.0,-2.0855502813511473,0.0,-0.31476829633610137,0.0,-0.11904214841490379
-0.1682646466966311,-2.7038702474424285,-0.5614343584432415,-0.10054835139960527,-0.8579165637243209,-1.8596081607281425,-0.27574538799186055,-0.47040652792916937
-0.6991420247503157,-1.59649231652054,0.0,0.0,-0.19633584327064835,-0.11032537361950645,-0.7804137734066972,-0.0512590394722352
-0.343906653488812,-1.3958279728172887,-0.8503133556899041,-0.8561848659106595,-0.0017764078957256402,-0.6466905381556245,-2.1641221878108503,-0.12438286425876921
-0.17060494946142413,-0.5331979264674498,-1.338228198837415,-0.10339929394924408,0.0,-0.2945270714216317,0.0,-0.34244083675893844
-0.6868637706503042,-0.17811715340438283,-0.7524148320174406,-0.6897058270507888,-1.0347875317520314,-0.06294398982723326,-1.0608820611934116,-1.1717738871103691
0.0,-0.0652673838374751,-0.10939086491824224,-0.08700576631758228,-0.19244562876239257,-1.9224907887471492,-0.6545603335049828,0.0
-1.2292847214326788,-0.7485587093377557,-0.06624758022375232,-0.7661977653702401,-1.9340784491854457,-0.05974011538331947,-0.2393688686680271,-1.8218030367683014
0.0,0.0,-0.1991333408285092,0.0,0.0,-0.10205807484834395,0.0,-2.6111498408338676
-0.2680154430803743,-0.6324438906469743,-0.14031733716905403,-1.1238042663407333,-1.904241617002218,-1.2865601473528887,-1.2634353002583012,-0.1861101737769122
0.0,0.0,-0.19510077271924153,-0.6299226722614701,0.0,0.0,-0.8076275296759423,0.0
-1.4499055362832989,-1.2591608974757094,-0.7422186605468246,-0.5994999639647114,-0.7822037298649809,-0.591327508187371,-0.8947685815968107,-0.2527220693139718
-1.0349912783208817,-0.88639036536203,0.0,0.0,-1.733216618701098,0.0,0.0,0.0
-0.7057395281711978,-0.4188723580146263,-0.9361757204520043,-1.6930113133359725,-1.1735904284768033,-0.10435066594665887,-0.7709515695150264,-0.7443909157248001
-1.240026758099348,-0.2564615958550558,0.0,0.0,0.0,0.0,-0.009426486068052853,0.0
-1.760160624049428,-0.3999046853461179,-0.16806174316239897,-1.666863281387009,-0.3900756940010055,-0.6563843669758676,-0.04701091436418281,-1.4520390713106535
-0.12552639510867625,-1.1352596926978036,-0.2320836940053672,-2.831644139466782,-0.059335238805309665,0.0,0.0,-0.5332699599346462
-0.2787781285310924,-1.1213958490764462,-0.40149141191933246,-1.0131209525437308,-1.0946589245740626,-0.019788749171899767,-0.6908287071052523,-2.3679873832977556
0.0,-0.46845989150195244,0.0,0.0,0.0,0.0,-0.052233543152732764,0.0
-0.6526600126790294,-1.1562125572347624,-0.1647576420033232,-0.05827083350036677,-1.0548753910407562,-0.20983904897219574,-1.480638117945654,-0.41469434866108124
-1.243587972958701,0.0,0.0,0.0,-0.3263856116160877,0.0,0.0,-1.4852261009718521
-1.1982649132312222,-0.6200001182022374,-0.8950688943019989,-0.7730498714669496,-0.11929855240185461,-0.3326587140452739,-2.0984464230581157,-0.07050867885048095
-0.04097419809122549,-0.3838870921654358,-1.598640352039121,-0.03750293161219087,0.0,-0.3488136527487331,0.0,-2.1146908235900232
-1.0529626007719965,-0.8849988567954465,-1.0125697724945617,-0.01792148159364526,-0.045334138162287374,-1.2715836351474392,-0.7786218102080538,-0.48734385296835203
-0.5633238105041034,0.0,0.0,-0.5690592114776329,0.0,-0.7406243286343006,-2.802300340579376,-0.2386805443350415
-0.18561182299790424,-0.45596852095978946,-2.0749295716769414,-2.3315317455550533,-0.05667054194709564,-0.10448829917981772,-0.9923822390968127,-0.7059719649612042
-0.3827191178729672,-0.338058018571866,-1.7435582723501186,-0.8196834985793506,-1.5665878519839964,0.0,-0.2905637079183867,0.0
-1.0546762540058987,-0.037447279295943936,-0.6276769182349797,-0.676752309257961,-0.1894221026804166,-1.52246467646936,-0.581556659849471,-0.1953471352737033
0.0,0.0,0.0,-0.840730447439789,-0.24854349156338706,-0.47159792000197776,-0.47351504753660567,0.0
-0.3699181618405456,-1.07971631673521,-1.2882727304322072,-1.121230412810771,-0.3260344298691056,-0.8066980832035187,-0.5932623869330591,-0.48548720646515964
-0.11311106520727332,0.0,-3.0638231656108035,0.0,-0.7189930710610346,-0.07484717317081646,-1.3705344720019008,-0.06477496305309316
-1.0796567991694577,-0.6616932937712647,-0.26031255918820495,-0.25303475663800956,-0.48813430870484975,-0.34273037622540503,-0.08250113050518948,-0.5342381761123178
-1.8006014430506,-0.44309246512943634,-0.23911719036284396,0.0,0.0,-2.5575678363352754,-0.12081217590993187,-0.07613473422675554
-0.4240515538990053,-0.8355274455150337,-0.3862220659222029,-1.6125905816132144,-0.220277364126086,-0.010735367952361408,-2.3853184339949065,-0.1646828611797524
-0.16629818258148088,-1.5604265586587953,0.0,0.0,-1.0096475292843898,0.0,-0.6477798318461012,0.0
-1.0387013212111746,-0.2523192085260737,-0.9833122728223556,-0.17420434250014605,-0.7449386919495682,-0.28928007487660423,-1.6436142764043034,-0.08995871237983799
0.0,-2.0630581380206348,0.0,-0.91597299470736,-0.23088480799124156,-1.3998915855485903,-0.5831706892956809,0.0
-1.571620955571432,-0.7828066430761789,-0.7367888242059513,-0.3706980158662363,-0.37103440141825494,-0.1595771725880386,-0.5555066833345741,-0.628449151211913
0.0,0.0,-0.5897979877720401,-0.20816341143687733,0.0,0.0,-0.7710552170262108,-0.5493937702361631
-0.038162545473357845,-0.4333317248132431,-0.9663019187124666,-1.7658103018307063,-1.0784136005202383,-0.5091548023588466,-2.116004744357843,-0.04604341647945631
0.0,-0.06218340575198944,-2.8601333993690945,-1.447463357588295,0.0,0.0,-0.21976134877767883,-0.2814735814790419
-0.13433576238110057,-0.11772132042625749,-1.1801480683168313,-0.18071775011907665,-0.4948174676663335,-0.5915924480046968,-1.7172600667070856,-1.093262744097947
0.0,-0.47143332034394536,0.0,-0.9617211954953993,0.0,-0.6926005212500534,0.0,-0.016120226837972318
-0.3759109708388939,-0.8058148821068487,-0.1439022766617759,-1.025263903473295,-0.6286515711267038,-1.223548599088864,-2.0203581046302386,-0.525422971404593
-0.07332698721669662,-1.7496964993974444,0.0,-1.0955861264614075,-0.34413925962514735,-0.11528774556848465,-0.8741389414776588,0.0
-2.4905786714404643,-0.9679953447566572,-0.025003580974802375,-1.054869765775945,-0.7313886532726439,-0.32252080615149303,-0.06419485173922013,-0.5978573098006956
0.0,-0.3913651460561747,-2.5572955677352835,0.0,-0.5315830709882761,-0.41765542785196264,0.0,0.0
-0.6198185628700088,-0.1613448628824532,-1.0001205714848398,-1.3596464048100119,-1.1325799795505969,-1.0809254643187112,-0.4340905604022183,-1.0297699608649928
0.0,0.0,-0.8411623145843148,-1.1272962652464846,-0.7939556631489335,0.0,0.0,-0.07990843261048397
-0.4083959495253495,-0.8658536159647552,-1.871280444249507,-0.46885378008533696,-0.38484261522583996,-0.32091493795980774,-1.0700780547374436,-0.11627005338131902
0.0,-0.7284580505570171,-0.1785574528250029,0.0,0.0,-1.1705908255574506,-0.012505382447047353,-1.9157774802795515
-1.6077629799159103,-2.4326688224714967,-0.4782418754977167,-0.10236044694013469,-1.3434551334556852,-0.05066033851254659,-0.15442726255143313,-0.10420780603420354
-0.6020263809305053,0.0,0.0,0.0,0.0,-0.12945046472459776,0.0,-0.6375873858285139
-0.36000277903961475,-0.3440065349990995,-1.726322866775555,-0.3254605190911004,-0.04276962893781011,-1.1377074114863666,-0.10148014526094862,-1.0095749085947228
-0.8307598411732391,0.0,0.0,-0.5266500246763277,0.0,-0.04359972736816253,-0.2427164417994323,-1.220696742796144
-1.8377817951710131,-0.5673759300262127,-1.0991321098182505,-0.5284372954469605,-1.7484687262854148,-0.14294141640135294,-0.22175892072402892,-0.6494748278846671
0.0,-0.20272870706314627,-1.330298401551664,-1.6522156180405654,-0.7015297723416198,-1.7014793527178558,-0.541393480297935,-0.2917495645289643
-0.10068989985482091,-1.9662586897964376,-1.1535302120916278,-0.32284829016130523,-0.8131230312170157,-0.05803657920126781,-1.3858295285216649,-0.35772920923452567
-0.20827076939909261,-0.8175046792304075,0.0,-1.1088645335768925,0.0,-0.3179054129779608,-0.3270773867590169,-2.0451471528672522
-0.45074174032000425,-0.1134058539505789,-0.3607904130772299,-0.2869897430168393,-3.909755533496921,-0.0511385491902292,-1.7591936065655656,-0.0014602758685047235
0.0,-0.0600873312038841,0.0,-1.5494652711374437,0.0,-1.613457125762273,0.0,-0.4549206744735601
-0.34765573825568996,-0.9299438338101025,-1.111060652908833,-0.19071760385747183,-0.11567969158006619,-0.31070633041847096,-0.29681683047238216,-2.7449707015078326
-1.6372354382654652,-1.495376245538055,0.0,-0.1625019167369235,0.0,-0.3777641028345542,0.0,-0.86760823654806
-2.8861019530698693,-0.4959824631865537,-0.2150972044356445,-2.1965367087742536,-0.10232196063244281,-0.08765633262505101,-0.2453560337678855,-0.7499380405199103
-0.31936575957257496,0.0,-0.5311420485373661,0.0,-1.0343865492213933,-0.18823594942486022,-1.2693788110952982,-1.812905176422606
-0.4381895884127829,-0.328988684491506,-0.004521914930800008,-0.13965838062553626,-1.2684420413329782,-1.3874210750113276,-1.1492396689723376,-1.2645401002888699
-0.7954875213498251,-0.004576434094299309,0.0,-0.41548172000444694,0.0,-2.518741734286767,-0.8650071654461318,0.0
-0.42675474005516456,-0.26928771208266156,-1.263039834666893,-0.13350595361668294,-0.3632965098315708,-1.578740443368165,-0.20209517623003137,-1.7881172530948373
-1.4683017520711736,-0.18944313058134288,-1.3415491930193602,-0.3862776065174973,-0.03238095032154309,-0.7678440792925914,0.0,-0.36105666796897573
-0.7154081835954953,-1.3795892354258728,-0.5952082803888761,-1.1802505786505995,-1.4484075793348339,-0.23834779999706157,-0.9105132115235204,-0.0006169028505729202
-0.339888693193533,0.0,0.0,0.0,0.0,-0.7971125968015453,0.0,0.0
-0.30171010871621995,-1.0966174474191224,-1.5657842369729575,-0.7843662813114722,-0.18400274548355,-1.1062746732535906,-0.49166843375222413,-0.7661812207914132
0.0,0.0,-1.2664560028137979,0.0,-1.0955815183283217,0.0,0.0,-0.18683648848040502
-0.37685888371934695,-0.15071198864333724,-0.11149325021360212,-0.9790753031576589,-1.5217672726159428,-1.5165867630403582,-1.082084823612682,-0.22766976608482636
-0.40715145769308414,0.0,0.0,-1.0633219819952267,0.0,-0.2675083497347872,-0.42090259019648535,0.0
-0.9974024274458424,-0.30561555646321636,-0.4933309813940534,-1.1370592917442286,-1.4616250535138375,-0.18924197844884816,-0.4925754069053152,-0.48418517211412926
0.0,-0.7577506130983904,-0.29326683988018765,-0.5225924629773617,-2.583752376128949,0.0,-1.3410206536259643,-0.20959954157319238
-0.03364179675916823,-2.188204352667525,-0.6924718683922997,-0.14165864005377315,-0.26524198667513943,-2.041741776732141,-0.34395804660603435,-0.7238617947987906
0.0,-0.37139517723217086,-0.34557139814831217,-1.421448907692735,0.0,-0.3797527658006059,0.0,0.0
-1.155382882203014,-1.769850711455092,-0.6501622463916208,-0.5904920433214995,-0.33637504474300073,-0.38602452125298914,-1.7981691257073447,-0.12317536365339965
0.0,-0.45663573863243734,-0.16431882841778034,-0.429693829345668,-0.7672539220467085,-1.4000579467712972,-0.49509422832908445,-0.214211230722281
-0.42066046028932025,-0.4285606472608974,-0.5683829238753839,-0.4808769282204084,-0.8271514357271137,-2.4400433156145835,-1.5969895614682166,-0.1581315917274697
-1.0696570753796681,0.0,-0.5867475242313311,0.0,0.0,-0.14641470208079355,0.0,-0.006142812501362727
-1.351335038372298,-1.94204116649448,-0.4596457848537101,-1.0026457642456412,-0.12354525302354258,-0.13356239643237533,-0.4546726492467208,-1.3407354623882544
0.0,-1.8006813240376012,-1.6808959095930325,0.0,0.0,0.0,0.0,0.0
-0.8863436792790838,-0.45302998655373283,-0.4264701289260664,-0.21301278155645686,-1.1204180270591788,-0.4259076540398148,-1.5920690019513115,-0.9964089148244248
-0.037655283070647805,0.0,0.0,-0.9443359273096616,0.0,0.0,0.0,0.0
-0.7102489303581914,-1.2343380980574965,-0.2914239957981968,-1.1775738914860545,-0.39243021828387903,-1.044201084937681,-0.939716819399,-0.45912876935139124
0.0,-0.9895546749101438,-0.3353258472743468,-0.6695714102930106,-0.0860648854857331,-2.1520765989596384,0.0,0.0
-1.0725223551816612,-1.0734702913827867,-1.146805735549937,-0.7189299736981489,-0.3662934634550874,-1.4482259369376465,-0.1455001602085222,-0.4667813274134147
-1.0174898808843418,0.0,-0.8270199569081083,0.0,-0.6424957926316193,-1.3217679308911556,-0.29399727452465907,-1.477399324151051
-0.6362026427651442,-0.24347428597434906,-1.6042110366911517,-0.5766728108212913,-0.19832505215629403,-0.6571619628899104,-0.4513790314873205,-0.08376574289815153
0.0,0.0,-0.41572791952735955,-0.3412616649497169,0.0,-2.2887365164376154,-0.6414943546498462,-0.21710328634470333
-0.20456063492364684,-0.7613012390919467,-0.2820696016746478,-0.19570048306052357,-1.9049237359901543,-1.690999658878951,-0.311222283277778,-1.2774077320649644
0.0,-0.6148472988790967,0.0,-0.7400623424295851,-0.6355915445714473,0.0,0.0,0.0
-2.1496821586035306,-0.005020490991026527,-0.07064290733789047,-1.3795052008998976,-0.19293977890204417,-0.15774396830913595,-1.6758097557223044,-0.3595271755391609
-1.1464448100978437,0.0,-0.38933657831391333,-0.137659860711409,-0.30826958514369185,-0.47690058345121855,-3.149259398947859,0.0
-0.007799980642295701,-1.3936577648885269,-1.2724270650171778,-0.46447285827855733,-0.3097687462215779,-2.2882593294893274,-0.697778657418862,-0.054155139042074474
-2.9759694499763167,-0.4735068659066659,-1.163348359378519,-0.6197273695332735,0.0,-0.3734072010359224,-0.12608918590826512,-0.3920387769037639
-1.266331114321308,-0.0357081018727845,-0.325658999029125,-0.7708315565766881,-0.39293816347360533,-0.20901287576043082,-2.1133076187938142,-1.1220478943157115
0.0,-0.03681944870553,-0.5689269712046636,0.0,0.0,-1.0996118924196443,0.0,-1.0025395748875283
-0.7219944078805396,-0.1345307164006364,-0.6240710444705027,-0.57079100449472,-0.531832736129978,-2.5775723262880543,-0.26247957700747904,-0.30884129212822664
-0.31407479437619656,-0.7040181047450567,0.0,-1.0295301530179568,-0.658630036060468,-0.2986642451723718,-2.2482383160736434,0.0
-1.6434041634292447,-0.6391125235615505,-1.7134822113807076,-0.7753735899279821,-0.36109189992772617,-0.5940852201775986,-0.44812839530138415,-0.7801533518414008
-0.20990718358467753,0.0,0.0,0.0,0.0,-0.41504523797950643,-1.384177322185506,-0.0891761622748346
-0.39021983489031875,-2.6749658339402957,-0.5598763142483705,-0.01105544001355696,-0.09662902706828014,-1.6899301654869738,-0.015126263569499976,-0.5423373215851415
-1.2577669625333927,-0.23887798456040343,-0.05492072828106487,0.0,-0.48327242942086013,-2.653656263540877,-0.2887718851071144,0.0
-0.03423761134066616,-0.6488258677075853,-0.21079596634191766,-0.06599716803308109,-0.7016974031155989,-0.7354957869461343,-3.3437276573755335,-0.621987617458676
-0.13949557134659507,-0.3902201051869003,-0.40649425563039543,-0.2449796672766249,0.0,0.0,-1.67393208241106,-0.5494772147585856
-0.21414759917905002,-0.800601384607579,-0.06414476419059945,-0.2354688177862787,-0.2630359896761245,-0.29594545366403047,-0.19733571821806795,-0.36802859554790945
0.0,0.0,-1.1873647073011142,0.0,-0.24588871787131072,0.0,0.0,0.0
-0.2639234102519614,-2.443745002302313,-0.7404552271044826,-0.2236770201607463,-0.30489077888385197,-1.0587973448841597,-1.4214769611242684,-0.07393588073239155
-0.7102318142822011,-0.13113443190772944,0.0,-0.9786289440871556,0.0,0.0,-1.8636613985019999,0.0
-0.2361448677097684,-2.1745769056575117,-1.3324243334268262,-1.5119936428600864,-0.07134779606402653,-0.7848345076277692,-0.4955874120308996,-0.22877111834435304
-0.26963283598196863,0.0,-0.004033226690514979,-1.127462666044452,0.0,-0.963438800998647,-0.15825457967359302,0.0
-0.23015637497812147,-2.042311397098853,-0.05401510927596753,-1.0393155155700562,-1.6810846091234302,-0.10566710540561264,-0.7561099339889346,-0.17516740014962995
-0.11254529405774605,0.0,0.0,0.0,0.0,0.0,-0.8149240557475323,-1.2811986501619312
-0.6903878112774553,-0.9215363195920023,-0.24066471897262876,-0.688764356638015,-2.7821608189014713,-0.215284061498207,-0.41970637648581555,-0.2235774853701029
-0.07484910580039994,0.0,0.0,0.0,-0.7432647035397677,-0.6265748520639347,-0.9797946897407765,-0.6313913053958764
-0.20323267964344627,-0.13974711861587696,-0.06892280019584973,-0.07861132980209184,-1.135208817443094,-3.3776662823023402,-0.15596821536350003,-0.019613983957952996
-1.8394953869932333,-0.322893292682104,0.0,-0.586868800763769,0.0,-1.6986877027273204,0.0,-0.05704334770224939
-0.01775713003897028,-0.20190078360214603,-0.8147690934025613,-0.4374417650021236,-1.4826445097948255,-0.4225460141501909,-0.9139645944314463,-1.3628080549771804
0.0,-0.42257920016034767,0.0,-3.2201339155424695,-0.04460331674287232,0.0,0.0,-0.07061528450758381
-0.1599997792135337,-0.4019741318223691,-0.07616320658008124,-0.15112604953720243,-1.3153804652672694,-1.8350773579272657,-1.29898645972429,-0.43818180376962346
-0.5796094588528815,-0.876004235008006,0.0,-0.08028304086251747,-2.666152826785373,-0.008194483908816608,-1.1150034442651044,-0.4828937805441935
-0.3652365751495976,-3.0559346729351056,-1.5965145550455588,-1.1283097706927467,-0.13967644339305796,-0.06710031092541868,-0.21564511996669378,-0.28991300138278664
0.0,0.0,-1.7512660100851658,-2.339461809338286,-0.4683249028568124,0.0,-0.003549728703255539,-0.9033093656130289
-0.10740989648528121,-1.3188383565962685,-0.4241075273821613,-0.07054504585932975,-3.882880114860067,-0.37743449377735594,-0.4397167588296069,-0.18827971193257032
0.0,0.0,0.0,0.0,-0.5361520213060995,-0.18784453300640536,0.0,0.0
-0.6560198446719845,-0.2648940318082351,-0.3295998807375309,-1.8592070554859381,-0.2937464420952631,-0.593196902662557,-0.84589298578436,-1.0132368924833433
-1.4453776005800574,0.0,-2.144266718502174,0.0,-0.46975037642642636,0.0,0.0,0.0
-0.3947521385023043,-0.3867737639865263,-2.4244775294320586,-0.9507015387536182,-0.7225122799797976,-0.2902783796388446,-1.3755165368144802,-0.10207781665378146
0.0,0.0,-0.21978220181020003,-0.0434870065791948,0.0,-1.5682764288415125,0.0,-0.11690956073036585
-0.3754862793229474,-0.7851766619152372,-0.8940965482183181,-0.9837961481745232,-1.6555382940597845,-0.9494425785714142,-0.2048123803156674,-0.024373489844198737
-0.5533912625295807,-0.09674462933065886,0.0,-0.5236367945471407,-0.26801258205986134,-1.1629144961184332,0.0,-1.8650622722758543
-0.2792475545281228,-0.1708911369205568,-0.4375862865229916,-1.0181856105485574,-1.4717413347567838,-0.5255392139739978,-0.6121302545681662,-0.12453086838041028
0.0,0.0,-0.015345757916530367,-0.3166945338321101,-1.3365633889533477,-0.5374480493007479,-0.2320406741381138,-2.6348368959934207
-0.09255380236306099,-0.2747066623993133,-0.7534970173078941,-0.14339106738503915,-0.1911804176684253,-4.025793009032132,-0.27086641926836474,-0.4063746184281074
-0.9126778020316744,-0.2876973902073656,0.0,-0.6761399463985605,0.0,-0.11539362267773967,0.0,-0.3214650413006881
-0.9406243304540904,-0.11063117112972698,-0.8785801774138262,-0.258068128481586,-1.5065596426006387,-1.1820442650491785,-0.15298985027560175,-1.0702711023960907
0.0,-0.41939315581632997,0.0,0.0,-0.992013687821907,0.0,-0.8365336386775937,0.0
-1.6037890102119903,-0.1169737126655237,-0.5765159728350673,-1.3371070580603064,-0.663113974541857,-0.27942443743250855,-0.4809983332459149,-1.5856309999885845
-0.3469259558832771,-0.6527206411637057,-0.6428203597357385,0.0,-0.3193081893303251,-1.5488812411121682,-2.1036233624440017,-0.3612279388684536
-0.3765548466938249,-0.7152421142107528,-0.40304550024931807,-0.20934478086627362,-1.8002738579403035,-0.8376884158305469,-1.4366899866820715,-0.6502450528717176
-0.025150184169365986,-1.8428907431364268,0.0,0.0,0.0,0.0,0.0,0.0
-0.7948418502489965,-0.37887276731930886,-0.6318702472439863,-0.2894094335449653,-1.2741314279262355,-0.23321954751307317,-1.0202359049260075,-1.1185765266307977
0.0,-0.6595854729492325,-0.045096540104013094,0.0,0.0,-0.8869337733395195,-0.11523579345828772,-0.29775498523660104
-0.5535302401947888,-0.21062461837967117,-0.2886324105281588,-0.13469851265994137,-0.5051526573435581,-2.8500366580930754,-0.7022811998587155,-0.04783984063703706
0.0,-1.2366461151458799,0.0,0.0,0.0,-0.09015365190056723,0.0,-0.7195371017569245
-1.7376497633740682,-1.3952298502308453,-0.04050284351106015,-0.06431928844782142,-0.0358405540213349,-1.5600166774954163,-0.1893602671508905,-0.27206546770585405
-0.6584153473098882,-0.7272611607884167,-1.098079337857289,0.0,0.0,0.0,-0.6655086777612498,0.0
-0.08748232462126815,-1.1302826382962534,-1.9673336029781723,-1.2844195025605893,-0.8601190442242803,-0.03180684620074725,-0.5869968444109848,-0.8227552890926368
0.0,-0.20410283312459754,-0.6973271988549499,0.0,0.0,-0.08984497150458104,-0.4243804759834857,-2.177933973366348
-0.1577618792493185,-0.05887357712871477,-2.3449670552328463,-0.18014676948683928,-0.6604571776054744,-0.8182306890607975,-1.1900553790313104,-0.2971942297317467
-0.21851229186173882,0.0,-0.9688430892314805,-0.827758493447142,0.0,-1.331497664765915,0.0,0.0
-0.05227535926338156,-2.1928506722769647,-0.10123202144879428,-1.7742844505114839,-0.41437174919380126,-0.055101106032281244,-1.4806403194924718,-0.15144550303767002
0.0,0.0,0.0,-0.5293673183495429,0.0,-0.057418550986469086,-0.025283610247694988,-0.4947631409337818
-0.40865331255317994,-0.9194921901746511,-1.3325549829122902,-0.22363270363812582,-0.43441739675614244,-1.3286318765156269,-0.3199365424406331,-1.2306902174925742
-0.7889362136787117,0.0,-0.0541604672373488,-0.09766030850165919,0.0,-0.2663144179040797,0.0,-3.4409732786761937
-0.23931829397087334,-0.18137868254914125,-0.3370488678049348,-0.06498118576034351,-3.084856309484344,-0.37744159005320377,-0.23110392901545307,-0.8585914533000434
0.0,0.0,-0.9299086112349286,-0.03864099398729692,0.0,0.0,0.0,0.0
-0.16183014146282826,-0.9949302587115954,-1.0314425990137135,-0.6768682807802193,-0.16606444903181927,-1.466802397338343,-1.5853907482312923,-0.40272128350839154
0.0,-0.8990436346026502,-0.6354260501547833,-0.06950746048489975,0.0,0.0,-0.34898912742832433,-0.34792342768687945
-2.2882636109237415,-0.08911556347849281,-1.3371617005462149,-0.3554743896918193,-0.030271914024008417,-0.6026529070526303,-1.2303971283857722,-0.6461284360654833
0.0,0.0,-1.4492820188895301,-0.9339428644955552,-0.6078558198465602,-0.4852607397469182,-0.21518416059736545,-0.749591116489416
-0.7781572639692786,-0.8597976022778999,-0.3251729444218201,-0.19547780336189646,-1.8137563078973962,-0.15694886147442322,-2.2944589451957738,-0.14492947310012738
-0.5935225289904089,0.0,0.0,-1.3764338263382037,0.0,-0.6793787320132054,0.0,-1.491046887995756
-0.6241551543091193,-0.6105677842637123,-0.6062589104777052,-0.0325965438946243,-0.2334962319943772,-2.564077718395728,-2.280542624068053,-0.037425182185679695
-0.23219793589046933,0.0,-1.9304388397110621,-0.6580146047903073,0.0,0.0,0.0,0.0
-0.8514738520692315,-0.14111125107118383,-0.9584477773704627,-1.315049169733462,-0.7984280071574021,-0.09754274885248027,-0.4108400686337914,-2.303124940645791
-0.2050876748301853,-0.04833044956668964,0.0,-2.053702628141166,0.0,0.0,-0.0992180524173305,-1.0635095365519014
-0.80620131980975,-1.5497818874613634,-0.2708030214711217,-1.5325567314203283,-0.6121590093328324,-0.42406035662060226,-0.9608950237030704,-0.4622970142954532
-0.016899215393443967,-0.5440195934844025,-0.7083342443572818,0.0,0.0,0.0,-2.500180887919443,-0.1263280317101927
-0.8144064440972958,-1.2683583635092868,-0.558163067727734,-0.3728841844323094,-1.1727220423673677,-0.5086408255379506,-0.055256748323558647,-0.5361821014294392
-0.09967191061981406,0.0,-0.20794381617693602,-1.9166166429696911,-0.21598134239760114,-0.5236640714194323,-0.5650773214095981,-0.9665725625334334
-0.6012170350293315,-0.7608671914472902,-0.47531818044960783,-1.8207096284509188,-1.2691049254128783,-0.3209426736276706,-0.23376217558868362,-0.7231145296848265
0.0,-3.518401459906446,-0.24959051032065105,-0.32244689057578757,0.0,-0.5043804833417482,0.0,-0.5623971086446167
-2.050156205764286,-0.39907261432596286,-0.20925467905470896,-0.13974985275530916,-0.04325059358698713,-1.4018053815366436,-1.32711627683193,-0.7192422061847132
-0.06911908274508605,-0.15932735329869008,0.0,-1.8898075974510284,0.0,-3.249097632068794,-0.03952765777686196,-0.22310516116677004
-0.3688426140767298,-0.5732044426201002,-1.8731396777901415,-0.1377011761941871,-1.3693591719885632,-0.7357352654435889,-0.32871978290391723,-0.36665153896025515
-0.10986282162277217,-1.4552636498417417,-0.23187531385296634,0.0,-0.9037447103334877,0.0,0.0,-1.3113578891976285
-0.1393388124697834,-0.449847534633931,-0.6041603237815973,-0.16800073542911953,-0.43941168415084775,-0.9338623895003009,-1.8776221490663785,-1.3766289946680779
0.0,0.0,-0.06002298676394702,0.0,-0.20097102146187584,0.0,-1.3465771140498006,-0.018737931873420877
-0.7090998494602454,-1.327519829469428,-0.49134790592267663,-1.2281141991691813,-0.551917521892392,-0.7298832773405808,-0.7610034040725644,-0.3843570973342816
-0.28104274483872693,-0.2046541285394623,-0.7372455742424506,-0.8289535929388618,0.0,-1.344842317842419,0.0,0.0
-0.021636947086793867,-1.1694068753983275,-2.1226538943357287,-0.06316088650434448,-0.801260132927232,-0.0763913395468343,-1.5639765334186437,-1.0036257286508032
0.0,-3.180965708825147,-1.0749024820319626,0.0,0.0,-0.5097411901785058,0.0,0.0
-1.0941918165284177,-0.4208015440761512,-0.6890606198692062,-0.026890383839267784,-1.0201484505801943,-0.9941351016281121,-0.6684600613109852,-0.5933681539660638
0.0,0.0,0.0,0.0,-0.4676791176607047,0.0,0.0,-0.830057243592
-0.3111288583776055,-0.16881707368521504,-0.27511788326098685,-2.1821183251656633,-0.8337805404503422,-0.2983189145192444,-1.5371282274065,-0.9535993773783771
0.0,-0.5488647243095723,-0.10006715290312584,0.0,0.0,-0.6090696180796291,-0.4126728917596907,-1.143672662335974
-0.026955287745010992,-0.3438208215029679,-1.2908029758120216,-0.31510627698160754,-1.3540873103827238,-1.8559955896438565,-0.16258751961715223,-1.579032368384274
-0.9547548612074479,-0.667689108337151,0.0,-0.5005235304765705,0.0,-0.9749122497664429,-0.8302779713987452,0.0
-1.5511246753029848,-0.7002744645797421,-1.0324212928094383,-0.5366449084045177,-0.5063654880177566,-0.32353456778352907,-1.2872623464552655,-0.9413453978864919
0.0,-0.28752343139620784,-1.1925042083254613,0.0,-0.4273728949324491,0.0,-0.5421421763891443,0.0
-0.21773270363161767,-0.43820504041914976,-0.11165360410108072,-1.12456061073138,-0.3737565742444726,-0.08348854859655397,-3.2380635569815728,-0.8017288869292045
0.0,0.0,0.0,-1.0360903730352353,0.0,-0.2651546147363506,-0.5629708223816996,-2.8503715059739205
-0.3909400510470977,-0.05229364500853517,-0.09719862649961097,-0.205631178210127,-4.4171403575664225,-0.23720452250586188,-0.9968736107203275,-0.3068522496327857
-0.1907585139599215,-1.4099487173176088,0.0,-0.6109469694943659,-0.12609839116775756,-1.3587534565573725,0.0,0.0
-0.1722376429725072,-1.4739260893511252,-0.6992503805204011,-0.3780468630511411,-0.45415011928413307,-2.517049781603209,-0.10641916590057399,-0.1196309019768389
-0.15332902887549338,-0.09027078068663474,0.0,0.0,-1.1505278886874954,0.0,-0.1899478664663503,-0.26014880313188815
-1.1165582577684967,-1.1824164859559723,-0.53202331175045,-1.2443964562975767,-1.209283859195807,-0.7501067958450713,-0.05537098062775758,-0.39035058840977843
0.0,-1.5278209716953883,-0.3588342289637012,-0.20557695890173822,-0.7668239945767112,-0.46718380487093736,-0.7220289864070164,-0.09835208403996987
-0.3427041733321703,-0.5481348617749147,-1.7623535618599924,-1.542436715479898,-0.2046975381131384,-0.14053064955307804,-1.754454605289692,-0.5898566000952004
0.0,0.0,0.0,-1.0986223261746781,-0.2873854116978176,0.0,0.0,-0.009799693474763949
-0.25752150456469636,-0.6267956893986302,-0.36917984941622795,-1.6458893297123973,-1.1775860863120773,-1.511293316978171,-0.3022897138941225,-0.7022918331233701
-0.5809219834865065,0.0,-0.37050222852003145,0.0,-2.775057127393672,-0.2631575645908466,-0.7033813074682485,0.0
-0.32731235897888133,-0.12018705938709218,-1.7067891545987557,-2.2284659022574846,-0.8060736675336475,-0.4438211112423538,-0.3984606742344994,-0.7403035037037871
-1.3295829785909223,-1.4917196785431068,-1.0794001296536013,0.0,-1.0708713353256911,0.0,-0.26912151048535105,-0.13191559494127603
-0.1303074974778733,-1.2528859326553254,-0.17027698387150814,-0.9438128878058336,-1.8304608628633598,-0.6676167596057425,-0.23997497081104235,-1.5832044698559704
-0.8046688447718919,0.0,0.0,-0.17557421337941204,0.0,0.0,-1.638104707043623,0.0
-1.7564147876492022,-0.8170181535696059,-0.010436777412631493,-0.7288373421920511,-0.7364045972151905,-0.6200750030409905,-0.0852799666040287,-1.4606080438471132
-0.5062114930256296,-0.42486470997101833,0.0,-0.12774272646938734,-0.22703026576827767,0.0,0.0,-0.16188439012940492
-0.04573481483439856,-0.4972568956776806,-3.3202816978364034,-0.31647590728603436,-0.4282668225710111,-1.4545993933832158,-0.07600035862995824,-0.3946656967919884
0.0,-0.45445407825243844,0.0,0.0,0.0,0.0,-2.5400628235262452,-0.6501874152948064
-0.6694219477290808,-0.44349047581174084,-2.000383928964391,-0.1781334587107466,-0.12365181917752643,-0.2873552049412593,-0.2992591564394411,-1.6645637067388837
-0.8475506250562068,0.0,-0.632022827649795,-1.3417605552544964,-1.0170960443244388,0.0,-0.23810565195909028,-0.2409858530416118
-0.12167595493509165,-0.39627292779779477,-0.6327922074480101,-0.3283789379795454,-0.8303945633626277,-0.9806127560593003,-0.2055634573939198,-2.2274685736959245
-0.7937927500007866,0.0,0.0,0.0,-0.9866983508907037,-0.23281555280025756,0.0,-0.4019186862141808
-1.0061318872627645,-0.4386127462872409,-1.5825825651502488,-1.803719687658461,-0.25119897350042386,-0.3101563114147252,-0.5330449844873284,-0.4771119899380585
-1.5577954259685631,0.0,-1.0231348763595243,-0.03452631822078889,-0.6350738085250667,0.0,0.0,-0.44258176129064
-0.23212973308479157,-0.5010194473296963,-1.3946812170621632,-0.16703344418023036,-1.0147520686533342,-0.8552564329636887,-2.359721195662332,-0.2626292311334417
0.0,0.0,-0.7371143730158831,-0.5404836509360607,-0.6229036848679135,-0.7625628984583628,-0.059626035252511755,0.0
-0.5672713798033113,-0.3179758265879764,-0.16703249213106197,-0.2408152486561157,-0.6433830436239276,-2.1929018897839434,-1.2625190123387693,-0.4664265433688737
-0.4895995248592566,0.0,-1.3769904004569868,-1.6866339076912071,0.0,0.0,0.0,-0.02927230091764521
-0.4143598294020263,-0.28231744826380734,-0.15628167446271757,-0.6414360932019809,-2.4736070080771366,-0.700196489119234,-0.18837266036240674,-1.4089233993956372
-1.1145523115988754,-0.48619192635656905,0.0,0.0,0.0,-0.13907908926042722,-1.3340474583267703,-0.15953613613712392
-1.3728021594295647,-1.4148112692549377,-0.146827580146633,-0.03572548006059595,-2.368150481920833,-0.5159499506176815,-0.12373673732896595,-0.36004913672761774
0.0,0.0,0.0,-0.5441568511408956,0.0,0.0,-1.3598457989804187,-1.2035636529811837
-0.15646861874312457,-0.22585568880174733,-0.6552528379521885,-0.09076101995199082,-2.1226088330842794,-0.31045990747215146,-1.132631440777172,-1.290614094971568
-1.9743639430204647,0.0,0.0,-0.009268615379916412,0.0,0.0,-0.41009708055860994,0.0
-0.43961506467849265,-0.6383367488224199,-1.5506922127254121,-0.2254960454023367,-0.023526161924595,-1.6305172829989019,-1.7843872396013039,-0.5120375046861909
-0.45267355319677893,-0.4694342745852573,-1.1142738655505475,-0.8345386168069844,-1.1020742220519146,-0.09378417156375463,0.0,0.0
-4.480700128752369,-0.031617435148491246,-0.2795216666088205,-0.4122858128368163,-0.8255952963183635,-0.49768835937543443,-0.09531732766992729,-0.30177662688953166
0.0,-0.29340290729189356,0.0,-0.3470899855638052,-0.2463457846642303,-1.6134475786467712,-0.04313238893915461,-0.33698105815336543
-0.16978738593067,-0.9490210712424059,-1.2305505225738491,-0.44302776361623764,-0.22263054418432304,-2.4443067153347764,-0.9560004070816399,-0.44819093778993135
0.0,-1.0047781382522007,-0.3533319121832612,-0.8406602009563047,-0.7220098542978235,-2.7150437098316393,0.0,-0.2940883090997506
-0.006517070151334181,-0.6237941354060883,-0.18994857343872784,-0.498578322503028,-0.48705051862950555,-0.7801568505409122,-2.393374514183881,-0.4901695823723511
0.0,0.0,-0.037663869816420004,-0.10285133047524653,0.0,0.0,-0.06985652771272388,-1.9691860794987752
-0.28917947944070477,-0.6966107320801607,-0.045001988526339076,-0.6314920228032443,-0.9581902937488431,-1.0898883848711662,-0.6354103095735137,-0.5340697528921252
-0.6707058763368314,0.0,0.0,-0.11448908084547949,-0.1737476482495497,-0.06557030477044812,0.0,0.0
-0.06547337001889186,-0.46137146486896263,-0.8101711348565095,-0.8456187126327395,-0.5354954149689091,-0.09220009770802573,-0.5363994161020402,-3.194486229393547
0.0,0.0,0.0,-0.1726883105880308,0.0,-0.288010344735925,0.0,0.0
-0.6634010141472428,-0.3158402885914473,-0.2817326377159022,-0.2419507323594985,-0.92787259118845,-0.13677239596036017,-4.01265774954297,-0.35810046041977905
0.0,0.0,0.0,0.0,0.0,-0.7266995005202492,0.0,-0.5823329616051423
-1.2874393456406743,-0.13630386873049094,-1.3686962766000912,-0.27005534495647954,-0.7187414993943939,-0.32102424469489677,-0.2894564584643877,-0.6447828764073131
-2.211815419516604,0.0,0.0,-1.5686810323737665,-0.2222231895000153,-0.9449516236602191,0.0,-0.36666850288089314
-1.2614140468940533,-0.34718324825563407,-1.9999025466758793,-0.4579377121905672,-0.3621325487520286,-1.081086654804439,-0.8111082798800577,-0.0117008350303065
0.0,-1.0732482304004023,0.0,-1.6887188011610998,-1.277781609125869,-1.5829255127953559,0.0,-0.4410443557265875
-2.0240193065321908,-1.0211903631042087,-0.020792153796388213,-0.793460768245625,-0.3614247214115114,-0.6350498804564957,-0.812988828081477,-0.96179017721375
0.0,-0.019970582095375278,-0.16462940842870388,0.0,-0.1058212712241593,-1.539073988164871,-2.3141497786054703,0.0
-0.44000457906339907,-1.904400817701462,-0.8482529216465426,-0.24218993239844888,-0.4721609830808404,-0.5572051630788311,-0.2552979434785936,-0.8835597065557046
-0.9511655500602085,0.0,0.0,-0.26891965227883663,0.0,-0.5096942974360656,-0.3049542792124367,0.0
-1.0265935103436368,-0.7438707243588389,-0.8425346876904047,-2.6015922746399376,-0.04325258281365496,-0.559900840093035,-0.5852530395638302,-0.518166812302022
0.0,0.0,-1.8161583212146812,0.0,0.0,0.0,-0.029428397715260957,0.0
-0.8748032837517545,-0.281347749731915,-0.45384794993895117,-0.08818474560107603,-1.0407460213692126,-0.21420514314078254,-0.7759009631710514,-2.75068700277013
-0.5074800700989694,0.0,0.0,0.0,-0.9544899068580808,-0.30100559768269797,0.0,0.0
-0.10201152748800624,-1.1700277849791334,-1.3704265967585743,-0.2096470468856957,-1.9936936216758623,-0.9185180300795093,-0.5166846471989706,-0.3426475879434321
0.0,-0.1677792458817633,0.0,0.0,0.0,0.0,-0.278312492844063,-3.5316537918658315
-0.48021902761699575,-0.3079523116578118,-0.8312471118804563,-1.1291287918027475,-1.0171492744011053,-0.37425961526126716,-0.5417451748922275,-0.8364879488387178
0.0,0.0,-0.0641497642755482,-0.12766955209292785,-2.9232478355336324,-0.05758449857732195,0.0,0.0
-3.9178213093262113,-0.035167800355253576,-0.11138312999494016,-0.045516521336310234,-0.6721036494886432,-0.5093448309428847,-1.3515900662884235,-0.19001145274677356
-0.41247889764801116,0.0,0.0,-0.3570324142777048,0.0,0.0,0.0,-0.5500697614781576
-1.2807730373834199,-0.2650474230520672,-0.5993641654336139,-0.9432200745199033,-0.3422310929311001,-1.308826887389995,-0.6837989017128372,-0.822695404671955
0.0,-0.6691907827740033,0.0,-0.7498955327724444,0.0,0.0,0.0,-0.12471215577522088
-0.5577580068025156,-0.5953047749594758,-2.6581564288360973,-0.23921503513504128,-0.5269466979737745,-0.14954204506142066,-1.55222020267101,-0.3844496360596974
-0.9627824001859198,-2.044974798799328,0.0,0.0,0.0,-0.2626182517595659,-0.5482582618634204,0.0
-0.02002618473867468,-1.4647978550834475,-0.8536075274778216,-0.05740406514365137,-1.2886156696606763,-0.328084371225156,-0.574270470215029,-0.2607750165557725
0.0,-0.001553404998567487,-0.11471480018966496,-0.17121531722187822,0.0,-3.0073571946843782,-0.3969042047843576,-0.37583603989902503
-0.47443629175292124,-0.9346953362838173,-0.9183301514211761,-0.04948828584894738,-1.798776690954253,-0.6730833524164037,-0.053284587136045225,-1.848897329878251
-0.3318844375612011,0.0,-0.9522438676353877,0.0,0.0,0.0,0.0,0.0
-0.5625249183387293,-0.8907689260194154,-2.8965594962194245,-0.010100765791525745,-0.3412834458751739,-1.857842114552585,-0.04468655447340897,-0.20629038098228047
-1.4786908766468558,0.0,-0.0678731589070205,-0.05973672172506461,-1.239956035993429,-1.0938199513072941,-0.6012018750966543,0.0
-0.1884718189862884,-0.4955711914452303,-0.5490181567694119,-1.3449216666110706,-0.7735386754835023,-0.8173057601648743,-0.29628630319795235,-2.312785641660268
0.0,0.0,0.0,0.0,-0.16002419269915613,-1.0952061204005368,0.0,0.0
-0.7635801513806646,-0.3662837146691924,-0.6627796354896027,-2.0946358230351274,-0.381128948241912,-1.141910479884653,-0.008046547711602514,-0.2766726361137559
0.0,0.0,-1.9386819627172116,0.0,0.0,-0.9882843103609034,-0.05149072985161407,0.0
-0.5704750285134237,-0.7229103740556369,-0.9222928943491162,-1.785010830930907,-0.17388315242908003,-1.1747562208647606,-0.15502460258880646,-0.8695693373439211
0.0,0.0,0.0,-0.3205135224020328,0.0,0.0,-0.8141600645312819,0.0
-0.5864156507345495,-0.2143933788110033,-0.14700490394351817,-1.0309786558735121,-0.522070518643261,-0.44606674343857744,-0.008801280416592228,-1.961512964606289
-0.1152127552481419,0.0,-0.2908372211059449,-1.666900009927386,-0.0502709049819563,-0.6338690167245353,0.0,-0.6749288186253306
-0.08630911911189898,-0.18995804759547052,-2.0449759833296888,-0.30056633377826714,-0.4394275304138944,-0.040425505798270756,-1.2001240745766673,-1.6340542828366589
0.0,-1.1289304906007027,-0.1308753425612732,-3.027059506529965,0.0,-0.7358871513436451,-0.3088355173522901,-0.7485893034853195
-2.61274631026638,-0.49631188025014694,-0.10595944413877678,-0.3968631978818449,-0.868006927237226,-0.4474801354821425,-1.0587959746471114,-0.19148416729581363
-0.11630857528639904,-0.4251039522333997,0.0,-1.527117613961214,0.0,0.0,0.0,0.0
-0.7170351079928965,-0.7654790823797617,-0.4479370036275725,-1.005683683504233,-0.729252576006437,-0.9466226798955466,-0.81152816472465,-1.404328798310086
-1.7486100248423586,-0.4684261518273436,-2.529676823104035,0.0,0.0,0.0,0.0,0.0
-0.7015297650612959,-1.9468926048174522,-0.6684657121332815,-0.47739958088183077,-0.5023897498724184,-0.664663315587509,-0.6418500818823434,-1.1693581021986494
-0.2010371535536617,-0.5045173880764757,0.0,-0.06542188637088309,0.0,-0.23364375379670843,-1.69696626952003,-0.022434739993057562
-0.20044902689426447,-0.5671360382683117,-1.0984038459169616,-0.4721950166930906,-3.189973198133294,-0.025040171478260653,-0.25594091174973954,-0.39896323946564927
0.0,0.0,-0.842903745876205,-0.230554298014213,0.0,0.0,0.0,-1.484621377714336
-0.5637018221365295,-3.4792411912195966,-1.1453929691027955,-0.04607770860489602,-0.04252684143140062,-0.12157462576222589,-0.5548065975177998,-0.9190492833341946
-1.2550729110399264,0.0,-1.3275904500123792,-0.23676343659129806,-0.19275830774065295,0.0,0.0,-0.7874453952664657
-0.16461866998040264,-0.6987706172741497,-0.08434503754255118,-0.25821274474863287,-0.7916611492087773,-3.042685698208624,-0.04557150221580031,-1.306325009867999
-1.9524150063813934,0.0,-0.2131608150594797,-0.256861613332128,-1.4726571829499422,0.0,-0.1854224640848381,-1.719630690030467
-0.12854724035119425,-1.5691844981069138,-0.09718835028053618,-0.3510097392305891,-0.006921608774900001,-1.6716019572727419,-0.1170574300717453,-2.913775138482862
0.0,0.0,-0.3550672997465618,0.0,0.0,0.0,-0.19229998186974218,-0.8120250527567494
-2.283047107666661,-0.8581548677550161,-0.6090961106993538,-1.2517826521414772,-0.25957243188115076,-0.9526786136647312,-0.05458932112225323,-0.048530980234994914
0.0,-1.6061646925186102,0.0,0.0,0.0,0.0,0.0,-0.0652421784915278
-1.487383106582434,-2.46565902777502,-0.11543334723701637,-0.44280959536028597,-0.812933783293686,-0.6726253268995475,-0.44847014314245204,-0.28241045329561665
-0.6869136057889484,0.0,0.0,-0.8136754438981599,-0.2973532837033801,-0.19086689707812088,-0.6812447204386993,0.0
-0.16052817968188116,-0.3249486873965033,-0.37128524688999676,-1.1159946647534102,-0.22660286986834777,-1.189131362967026,-0.7156748857866333,-2.3381260553688534
-0.6920794364178002,-0.056230711046730164,-0.26152872569803876,-0.08987050482747172,0.0,-0.670371572641705,-0.22708165937683855,0.0
-3.1382320794605985,-0.21474756155323327,-0.3622771943898089,-0.13806596290471074,-0.08659581324399035,-0.18101303489838294,-1.825970205125576,-0.20477919366153596
-0.5920008697375874,-0.09211179148602966,0.0,0.0,0.0,0.0,0.0,-0.6945712655707243
-0.38314219325325727,-0.3649629544145645,-0.8715790953440692,-1.0629525026291846,-1.4154568359766708,-1.234099741890189,-0.9991248932474823,-0.19171239734107282
-2.8066731005308743,-0.6439899930861195,-0.4026044930551418,-1.9639565238055772,0.0,0.0,0.0,0.0
-0.029177396821201462,-0.9505029310869819,-0.010224056613500565,-0.7985374971008641,-0.3890848574312482,-1.8768265945557348,-0.29887428373480596,-0.33097544458472683
-0.6077475523760514,-2.0822207829952033,0.0,-0.38246564280463424,0.0,0.0,-0.8209891121164752,-0.31839893746157877
-0.9347419096721392,-1.5969794840675533,-0.23595140531731573,-0.4007987522049916,-0.33099394595725684,-1.2425745179686967,-0.055399727135452714,-0.1251943225907972
-0.605959801202463,0.0,-0.021505773781137272,-0.10157326795963062,0.0,0.0,-2.254158226796747,0.0
-0.8002989456368006,-2.2675190285932647,-0.5006577280552733,-0.1254086270582997,-1.1595180706643342,-0.1694286587078695,-0.7068022354282002,-0.6999805046149561
-0.5832974016803174,-1.0789500911182328,-0.08361971323644557,0.0,0.0,0.0,-0.7914563764725724,0.0
-0.20039331195068844,-0.039022643662814716,-0.12792926993355191,-0.9781748901450964,-0.8939007727151509,-1.3100377122827753,-1.8692401230608322,-0.8674862136711159
0.0,0.0,-0.752124862769417,0.0,-0.41906313507109516,-0.3294343706151066,-0.74511303221189,0.0
-0.14281258929784713,-0.5518153593473061,-0.18663194997556243,-1.824858590298068,-0.9961739138075423,-0.6723209128518759,-0.5146868572784484,-1.3275122490849567
-0.3334867989482282,-0.5303973945323861,-0.6966444313888225,0.0,0.0,0.0,0.0,-1.5646202394323803
-0.14694541867734578,-0.3787454768206917,-0.7323030916951332,-0.5767921386461001,-0.6863434648278934,-1.849958071139735,-1.0233442962169397,-0.2014285566228855
0.0,0.0,0.0,0.0,-0.0139982147836486,-0.6644716009555456,-0.7909007796144021,0.0
-0.08567870103588682,-1.125941884452744,-0.5800580515020677,-0.2267719073789527,-1.9155966549952943,-1.281682094529021,-0.4620439954093145,-0.8254532596115256
-1.3899185768705768,0.0,0.0,0.0,-0.2796372501236153,-0.20257766500140129,-0.577139205051072,0.0
-0.12301596936997683,-0.5760693003557051,-0.5205960600965893,-0.2222331763311125,-1.2471851202633983,-2.092910917087875,-0.16762405517158374,-0.8318387114910646
-0.004864368661183782,0.0,-0.15178902149174966,-2.462916292777467,-0.4778094857676489,-0.566787242278977,-0.5602611638097663,-0.5044138095801936
-0.2945950412280123,-0.9996573905144928,-0.4842866740876852,-0.7990790042060327,-0.9283470637230451,-1.501317673199658,-0.1922003064362503,-1.3135945099669248
-0.5837311840979984,-1.926437411822012,-0.7426980924886024,-0.3645074000317763,0.0,-0.4082081260276782,0.0,-0.27956613214066817
-0.2878497888549063,-0.025961119664048127,-1.694653563119597,-0.391218172912998,-0.17232281171666042,-0.3978300726242612,-1.3295068296584116,-2.569346074692594
-0.9613754377889743,0.0,0.0,0.0,-0.057484118869257195,0.0,0.0,0.0
-1.3465115906904837,-0.09652670767008775,-0.6271006471581346,-2.3302283355405535,-0.008303069162283627,-1.5787193871038792,-0.24064881686142936,-0.7023936200231748
0.0,0.0,-0.6966244948731264,-0.2182587192347336,-0.21256972843382016,-1.6908118806075834,-2.1744637986887003,0.0
-0.002804080044116475,-1.4928418225467732,-0.1027236517849186,-1.5590142408933314,-1.8430734315838029,-0.35430604686771794,-0.6996649812173201,-0.17090122521978302
0.0,-0.9989934553307824,-0.1560346296119537,-0.3794256920767989,-0.2846981036034304,-0.27082395505201706,0.0,-1.1824637252217345
-0.3792005575388009,-1.953774511827623,-0.32611630416207493,-2.105075696320191,-0.1548383524020025,-0.691759519361848,-0.13091785338523465,-1.092177536024753
-0.1513416146382438,-1.9010083439968906,-2.6285136220448173,-0.34664625145770245,-0.3883032788467684,-0.7881728264236756,-0.09262853818488015,0.0
-0.14147675885873756,-0.3210792911579228,-1.1439934905251103,-1.4884715204801893,-0.4329705953386531,-2.4294458344175176,-0.04958241506203187,-0.2523588654508515
0.0,0.0,0.0,0.0,-0.3453778710362725,0.0,-1.033387525373512,-0.40874322872025814
-0.20330529859640212,-0.27644665381936484,-0.28986441497418625,-0.9799553452437895,-2.260082517175621,-0.3294052216162644,-1.3793130262638025,-0.4400865411293138
-2.043025290844483,0.0,-0.15663465639497964,0.0,0.0,-0.25915467391184066,-1.6672711481330875,0.0
-0.6173541623272616,-1.464979441882754,-0.8272794130168695,-2.1373604697368664,-0.6228264360436055,-0.1926475822284317,-0.9408686233779484,-0.152379679769318
-0.4136719093856849,0.0,-0.04754066305810767,-1.0058400814457258,0.0,-1.2309861846185717,0.0,-2.140197876223948
-0.9289927844798331,-0.03719974491579858,-0.4610835505609501,-1.1410170074165498,-0.42272209535232985,-0.35472406000790535,-0.11453714224993305,-3.480832092087706
0.0,-0.6606417570975749,0.0,-1.4894587225808626,-0.2854496932920769,-0.25180608721025166,-0.5617370424383523,-2.929328892393144
-0.5105019292650379,-2.316217185654896,-0.3479346220612314,-0.9370242378513058,-0.8042546866383598,-0.00757145592067765,-0.9782137418494461,-0.3866863594130523
0.0,-0.43262361022753737,-0.7833004776298091,-1.6375581753211508,-0.6218732826849642,-0.48537774061308436,0.0,-0.35198592780089655
-2.6430126036758157,-0.5529314119668554,-0.5534407174105427,-0.1079888018143711,-0.1851326173049923,-0.37529076162342534,-0.30420857881632024,-0.16945841868165257
-0.4784432159777676,0.0,-0.5500031236713046,0.0,0.0,-0.6229002951917639,0.0,-2.51600860017803
-0.1954174689630186,-2.0855280312374482,-1.2981344932336993,-0.05828171293177409,-0.0421419168488919,-1.0354778220862517,-1.2893941040616488,-0.43410743764615667
-1.8784684980775364,-0.9154999572933615,-0.1295040981211768,0.0,-0.2802398502277015,-0.26490604839119136,0.0,-0.28938445761530396
-2.8253167155917875,-0.28464855186455384,-1.0497517270730201,-0.030455362216239124,-0.6298731322996822,-1.4892685973433188,-0.33782017270093156,-0.12421549749399574
-0.09203969137995394,0.0,-1.931479948359998,0.0,0.0,-0.26606845088981146,-1.8029799655315246,-1.0371110696410195
-1.0416436854266733,-0.9453842342978556,-0.026638455356805757,-0.06221017035114773,-0.7299731212411906,-1.0208935982978549,-2.124147915944304,-0.17374610107115185
-0.5558966698118413,-0.27928499669463047,-1.4754449785967214,-2.336248616406814,0.0,0.0,-1.1029371674908681,-0.30042023599587253
-0.16586748822668795,-1.1592567260999047,-1.3278522055422455,-0.6960805239503429,-2.12796427691704,-0.27353469167244615,-0.30180334416887966,-0.29193676594819173
0.0,-1.2779231198466379,0.0,0.0,-0.6558291274967267,-0.12083807616917142,0.0,0.0
-0.42433839163744747,-0.13890495493141852,-0.40406794252241607,-0.867844883887825,-1.6176115904977504,-0.8862826744974761,-0.8486226004977668,-0.850355403651335
-1.3987739819356761,-0.40677555165611956,-0.6800278789386791,0.0,0.0,-0.13814731837906358,-0.055418378451898676,-0.49201134510750233
-0.09010515981226241,-0.43526375817685903,-0.044360649972614574,-2.1782794012500055,-0.5992088821097585,-1.0024622999226587,-1.8165651592232503,-0.8128002489962283
-1.0658972044547816,0.0,-0.9947485178884694,-0.5706121655662937,-1.6250855597803984,-1.4739779584308463,0.0,-0.3264398551439065
-0.2207256492995624,-1.0684730229697283,-0.09480564557384152,-1.1827959145209963,-0.7867558008555235,-1.8742508885094429,-0.7649059519939412,-0.7384631080367026
-0.5124145139191558,-0.32794924169388207,-0.9463660478713436,0.0,-0.11827589698330598,0.0,0.0,0.0
-0.7342490672219144,-3.3830291947373774,-0.19775552715438138,-0.05230997777270119,-0.06012428140666515,-0.20088125749064378,-0.991084484193685,-0.8209988845377207
-0.7995469770797303,-0.33962700320600714,0.0,-1.1721192567601388,-1.1013100355167396,0.0,-0.9334618699027644,0.0
-0.8360361027492376,-1.0390046956989751,-0.5630038457687139,-0.25178202784784265,-0.8445850670557569,-0.4429838205466421,-0.4420908743653129,-1.3282364320619902
-1.2208214796141696,-0.7362188069900926,-0.6194957882917116,0.0,-0.7943671436622104,-0.1296215725701524,-0.6216874592122164,-0.20216075102588071
-0.8542274228179556,-1.201122705557382,-0.27106362962650277,-0.9016082409631831,-2.3711325362312357,-0.3914001093488615,-0.16369755423272814,-0.2693408810454754
0.0,0.0,0.0,0.0,0.0,-0.05662868904714813,-2.6533237917765584,-1.0190948547322343
-2.1989725287594775,-0.7355095670433043,-0.5988199184436773,-1.2460006586557864,-0.17088999140615346,-0.83664510335863,-0.7027742711132383,-0.26261717326805734
-0.21257163848543392,0.0,0.0,-1.3008103008356517,0.0,-0.7102352532474301,-0.03055654552106013,0.0
-0.5201796566971053,-2.516492990032937,-0.6729520629937902,-0.3189545828180105,-2.1747451186709412,-0.319834875289307,-0.35214974010048383,-0.09503929617269868
0.0,-0.6032356142793462,0.0,0.0,-1.5839155532516749,0.0,0.0,-0.0855465327264966
-0.6614562911333728,-0.23141195608838316,-2.0024105467791555,-1.410794746713087,-1.6655241742966824,-0.7637322731527503,-0.09867329810764325,-0.10365522380108949
-0.3921467674141077,0.0,-0.3240652622193885,-1.5239426570837544,-0.8013738201499576,-0.5159240234269271,-0.8928176095436324,0.0
-1.9203424129407205,-0.8057600271492609,-0.03079754134865098,-0.6440743487809399,-0.18667074162203168,-0.0631403771494865,-2.8215989417426846,-0.33906156024343304
0.0,-1.3250522878948505,-0.12148230423269535,-0.5839844752328078,-1.2171102256264614,0.0,-0.0781887652452875,-0.009926195117446746
-1.1442681452694696,-0.21190918459305674,-0.023630110819723882,-0.13552916710841245,-0.19864850489585884,-1.5215271981091636,-0.3585925405425421,-0.8065507517698416
0.0,-1.7156628562380467,0.0,0.0,0.0,-0.11195564668655233,-0.02850379276738657,-1.500130230723033
-0.3080023224791102,-0.5364622783393349,-0.3830129044791608,-1.3953353012148018,-0.07420533052543643,-1.9565703402539603,-0.18634225231699997,-1.9003983349138753
-0.6833711889215737,0.0,-0.36650476335095483,0.0,0.0,-0.2750426391557266,0.0,0.0
-0.5888165536348113,-0.3275316420153569,-0.47163455982482283,-2.0247289762271983,-0.7128407537330324,-1.1754208748323425,-0.27528860905481434,-0.4286383235454201
0.0,-0.3732241521251902,-1.3334371246328072,-0.9396088680812866,-1.2896312542129227,-0.871851695054235,-0.5211471355838864,0.0
-0.2631822444099088,-1.484879099360482,-1.3002489467718528,-0.2541934820884677,-1.311070814846432,-0.48125216630543566,-0.20568770024627092,-1.270167751539426
-0.21128776205389332,-0.171992117940734,-0.8302658141648331,0.0,-0.41581128769804643,-1.8837451695389325,-0.14788449826782113,0.0
-1.9946422913365032,-0.6163713650460627,-0.2508789066707413,-0.04332598948606137,-0.13598782467558213,-1.4531559119602386,-1.3943322173403345,-0.3539215852425297
-0.13947659564251236,0.0,0.0,0.0,-0.7561184813383974,0.0,0.0,-1.2398069649318604
-0.7050239507262095,-1.6232635047833588,-0.25355577537100604,-1.0861076908575438,-0.32319231042246965,-0.3148577706697111,-0.0610677148317027,-1.351674569861605
-0.7432094278420882,-2.620685379023999,0.0,-0.02875266138244381,-0.84960589188728,0.0,-0.1574489025279373,-0.11098449554711376
-0.6138859178037599,-0.5871355281188215,-0.5624496722353882,-0.3536866707332278,-0.10937337264647162,-1.053159438793597,-1.8034246363711546,-0.23076733611202904
-0.9214459459910618,0.0,0.0,0.0,-0.236017120644477,0.0,-1.1206019239350695,-1.6064308542557963
-1.8511780098315231,-1.612181667371698,-0.6398220058112187,-0.9439556020601669,-0.1292768537588067,-0.40201818458535143,-0.21923561429540506,-1.0551376135351758
0.0,0.0,-0.20754988555381448,0.0,0.0,0.0,0.0,-0.5824285555019566
-0.16103207568719213,-0.37611322287938886,-0.31018946055325536,-0.001890256069251528,-1.4153890466445107,-1.4080490252860978,-1.9273872954580096,-0.23009010580285683
-0.5781758616517481,-0.310342107736191,-0.4733874139828158,0.0,0.0,0.0,-3.617129030970697,0.0
-0.5818156485255441,-0.48113498290990986,-0.19024278382767967,-0.7768575142371699,-1.0615541514073588,-0.4619671758613002,-1.0766923484832143,-1.9747651283301204
0.0,0.0,-2.0535047096957655,-0.16880538732768358,-0.7653637602439245,0.0,0.0,-0.6280913708321547
-1.1889864353345843,-0.1660426733176914,-0.22426527301221544,-0.02365927947326174,-0.9993569624685428,-1.5141841878333224,-1.9963379329670934,-0.6462886614776249
0.0,0.0,0.0,-0.9631640149302987,0.0,-1.5504667214235575,-0.013680587296359903,-0.08558069719369055
-0.4020759985301279,-0.8214462454630702,-1.8419321690936226,-1.6619162318180836,-0.06566798056240941,-0.08427951349607721,-0.31614794544669955,-1.6419685540759001
0.0,0.0,-0.40892242308986404,0.0,-0.7673184598045957,0.0,-0.054380037008941784,0.0
-0.23235095131766315,-1.0146351063697514,-0.5670884623458257,-1.797602410085089,-0.2649689842728291,-0.6234570206555654,-1.4774504838061269,-0.36036539637435805
0.0,0.0,0.0,-0.23453394346275225,-0.9388080873782609,-0.46020788523135536,0.0,-1.076778411421735
-0.44015513487222346,-0.18806226759870182,-0.38722972000937084,-0.8765188792560918,-0.6612369640965277,-0.5701741794167461,-2.6649847347257083,-0.6205721868530691
-0.7504042863279148,-0.10930168671899576,0.0,-0.1437461438208283,-0.16481096796814398,-3.3624127103722135,-0.21103225719185925,-0.8778168344622186
-1.8901106290050214,-0.7782117953942294,-0.1769985538951815,-0.7241323373445896,-0.2763982171417423,-1.9483627774384233,-0.1710478891015743,-0.36263291393106556
-3.415605394338326,-0.018435118508230097,0.0,-0.6855022557977426,-0.6285095056536001,-0.13333724066072072,-0.4489271274572664,-0.36080010125887796
-0.3791705082237984,-1.9379796481447382,-1.1513692846065382,-0.2775753623212873,-0.01893085871773348,-1.444432089291297,-0.7660824916422104,-0.5024845655169372
0.0,-0.6934394925993121,0.0,0.0,0.0,0.0,-1.2593354995111774,0.0
-0.7285466748219571,-1.2311658258606881,-0.5519347809523083,-0.22854686308782668,-0.045724482221063845,-1.0234492569786635,-0.7121027752609805,-0.7880680111305853
0.0,-1.5506187629371393,-0.3097079271168557,0.0,0.0,0.0,-1.735746493283802,0.0
-0.27180724254314903,-3.203097886202689,-0.15059412619928914,-0.2693622771167137,-0.3912196142630462,-0.9520204187651649,-0.29189905653873893,-1.4295815099835814
-0.20944593201129535,0.0,0.0,0.0,-0.3420579167796012,-1.437951907040353,-1.124175822700673,-0.23635394301900892
-1.0530176042088062,-1.2310947890814523,-1.1862439591922298,-0.6135852213974609,-0.020059522698413268,-1.0452256069090406,-0.609407980205181,-0.12234169556298014
0.0,0.0,-1.1430728999066009,-2.292273556054287,0.0,0.0,0.0,-0.827942581705015
-1.2504969596964601,-0.44417386188712804,-0.6624524982027822,-0.33961647448442367,-0.5722744814622747,-0.7017441654965211,-0.20463127872707343,-1.2192515924491767
-1.1413457539369842,0.0,0.0,0.0,-0.2139451091940172,-1.4580434993233595,-0.8352705499010646,-0.22629495277663292
-1.000321820204177,-0.01256109178183884,-1.0127998004060679,-0.7824418720127673,-0.4073025273604092,-0.7601616072891408,-0.8183276414210372,-0.3087389190046608
-0.6873628900035209,-1.5664623726126141,0.0,-0.3002911812528506,0.0,-1.4760367709329083,-1.6310822210997191,0.0
-0.39562067742679563,-0.008623008114581943,-0.010230650487380366,-0.5229051503753919,-0.11373292163042592,-0.6345535179226323,-4.033768088852239,-0.29195235694102095
0.0,0.0,-0.6519434607033787,0.0,-0.023836583644395226,0.0,-1.2502989224121208,-0.2961885512189708
-0.8071060056862294,-0.7256386208848316,-0.2947656385487454,-0.7141430492011711,-0.8077105884264499,-1.472348065623347,-1.1750732834901472,-0.6036131917722685
0.0,0.0,0.0,0.0,0.0,-0.5826328876037365,-0.8222287229182017,-0.7217267077674157
-3.4485429937365235,-0.4654593030974663,-0.26795026272870537,-0.27618181936848174,-0.33369913681965624,-1.6386735801263663,-0.15032139536061706,-0.34779407245580174
-2.0268043159485023,0.0,-1.2360052452176449,-0.056543004607494396,0.0,0.0,-0.8172439114324268,0.0
-0.5660900762801209,-0.07986390542626776,-2.1132013140195056,-0.5476471039319852,-0.020735070407821965,-1.5496396076340027,-0.5561701914051582,-0.617123778594765
0.0,0.0,-0.6676099337859416,0.0,-1.198151596966727,-0.2985677191461775,0.0,-1.4591588866730127
-1.0464939452008402,-0.042510625432529814,-1.5549130180385458,-0.8292480141828875,-0.34299025970698693,-0.18046635440952308,-1.8981714587402188,-0.2952105447990361
0.0,-1.0415378286861197,-0.2770131393358488,-0.24506868309245355,-0.33296586993601185,-1.3886226206891923,-2.1421453973425777,-0.43250774274640325
-3.421340771209459,-0.5618454118159848,-0.2686243558725545,-0.061270535637033774,-0.05447938586170231,-0.11764018310926616,-1.87101604419784,-0.2851410435223718
-0.3907985494726445,0.0,0.0,-0.6929448710965911,0.0,0.0,0.0,-0.9600167358982894
-2.4303356051584046,-0.2920220515162466,-0.49301462650330574,-0.14892121118618107,-0.1933769298775374,-0.8573438893373551,-2.1652800520642437,-0.29190838713056433
-0.26198051927746846,-2.9310035066904305,-0.394462677969889,-0.21315215196430515,-0.30348332706003234,-0.07071031812626138,0.0,-0.16340547032370267
-0.5194918608327592,-1.2478694329664002,-0.6974848095955588,-0.08170164101102984,-0.4974781533292836,-0.14970104553705532,-2.3170606692194813,-0.4194345760752789
-0.018180918920902123,0.0,-2.5588910613297404,-1.0362785334128581,-0.39312247853498583,-0.6977543550903604,-1.6631727210918719,0.0
-2.9862091605686887,-0.044264199171604623,-0.8659442930478658,-0.6062950238332103,-0.16956874736207528,-1.0548141983298667,-0.8355063691437055,-0.419904300099863
-0.054524554310242834,0.0,0.0,0.0,0.0,0.0,-0.34930549061285276,0.0
-1.0592478729057655,-1.4498019947683094,-0.5916561785051853,-1.0786295489913602,-0.0516966273642856,-0.27098237030858296,-0.7288920203235083,-0.6257636752171685
-1.342327474609207,0.0,-2.1576448958490095,0.0,0.0,0.0,0.0,-0.06722706235948461
-0.38915763003792847,-0.11490371730961613,-0.7982168083241321,-1.2564898501447317,-0.37649707949308375,-1.632766287813352,-0.8297289566006771,-1.322612504669749
0.0,-0.3982791267878971,0.0,0.0,0.0,-1.8015590424188437,-0.6443273124479525,-0.07413566572849373
-2.1499122429460638,-0.5651468797550425,-1.3860015679674973,-0.37030237002355637,-0.643049907664671,-0.5584583956254336,-0.4169024184825343,-0.7817538310428382
0.0,0.0,-0.14244829770564849,-1.8901651393872498,-0.665511648960945,0.0,-0.9352304044572772,0.0
-0.6542540839883921,-0.5869068711990044,-0.09072262568120415,-0.6116468752092885,-0.3087390016864191,-0.47832180931550816,-3.0806068560658892,-0.017059366246647834
0.0,-1.0066190534328605,0.0,0.0,0.0,0.0,-0.16513008371477333,-0.10583742310772148
-0.018092171595948336,-0.6779932780839806,-0.26605747455351647,-1.8206949172943618,-1.6927756506298781,-0.04128856399177483,-0.17893154194567096,-0.13331946861617539
-2.611874870487023,-0.5197931642262921,0.0,0.0,0.0,-0.9206735715243468,0.0,-0.08601887471487313
-0.32739426647192005,-1.4396569553018193,-1.2003136083898935,-0.1423552952573699,-0.6050786415326446,-0.1131147679508615,-0.11292606203191546,-2.375765626085939
0.0,-0.05995570162918806,0.0,-0.011374549534467704,-1.1274484353205994,0.0,-0.6231201029631759,0.0
-0.21210748550405523,-0.43694779898733405,-0.16504466653653704,-0.0051867059859525,-0.11308267109411663,-4.140779112701232,-1.2515384882479461,-0.3556908119308284
-2.3341983703938816,-0.20366189959861192,-0.6588062990330688,-0.8165360206331407,0.0,0.0,-0.33283787484106053,-1.1665523954451853
-1.0862315341399578,-1.85195343791818,-0.16882723076921202,-0.804594024966498,-0.45566005791144804,-0.5740883147322533,-0.06021326621451628,-0.14654051407938606
-0.5698590976157218,-3.324311256896163,0.0,-0.5752003579250804,0.0,-0.09446133049624272,-0.20699622656984218,-0.38011524657479434
-0.004724255255950993,-1.2224108208926907,-1.2445663616661928,-0.1774182181646955,-1.2892189621110877,-0.565773438043828,-0.07648400668946387,-1.566728980914056
-0.46788280913342106,-0.9634581837839722,0.0,0.0,-0.9862424454033274,0.0,-0.49506671058640883,0.0
-0.4119750345685249,-0.23505615129793078,-1.710911418522854,-0.665307403357426,-0.38319152085887964,-0.3368826283334485,-1.291033412209254,-0.868175519099907
0.0,-0.1096449996053197,-0.9856278240080609,0.0,-0.2716261148692567,0.0,0.0,0.0
-2.365691559353472,-0.2290562955978377,-0.4038959485780529,-1.7606935764115565,-0.16531901684316797,-0.09041806982252076,-0.04357031496424302,-1.1300275541359293
0.0,-0.34389545620439854,-0.2953889795465434,-1.4861512847182317,0.0,-0.4026530529559418,-0.7324819853132736,0.0
-1.0022254260822168,-0.040354166710827144,-0.3769044457255184,-0.6666473798172952,-1.8735472657544419,-2.021945266252743,-0.45411223655346866,-0.3368395765847758
-0.07389147965081388,0.0,-0.9092402683004748,-2.013665158181432,-0.022677829589625276,-0.029656594064108255,-0.46485259231626763,-0.08265837176748292
-1.0089163985490845,-0.28328532870808676,-0.9327769970168918,-2.625145915341589,-0.3051128789144304,-1.2311764739729156,-0.43849657363311323,-0.0851939864155069
0.0,-0.7091804912551529,0.0,-0.5363715809521068,0.0,0.0,-0.022016538951313613,0.0
-0.0177870488820151,-0.2487325924764523,-0.35951152054792423,-0.19139847320626568,-0.7509203468274901,-0.9011033287887811,-1.4245487446499183,-2.3868324076747163
0.0,-0.17525082209971465,-0.8041651798392131,0.0,-0.9222420124070458,-0.11276410911452661,0.0,-0.2702893747363948
-0.30812796781047425,-1.1539726742396539,-0.37453635364343096,-0.908364147618764,-1.5445767921337055,-0.31545713298496025,-0.5119311053602518,-0.37219623003226143
-0.10856274616253625,-0.9019784695846012,0.0,-0.31103439043826153,0.0,0.0,-0.2929314126776674,-0.6288581719676607
-0.9405168107007533,-0.7199733024656023,-1.729458172677096,-0.7747293040894441,-0.8413390834762842,-0.32749345318960366,-0.5051017346918618,-1.1380842719463695
0.0,0.0,-1.1538128897894708,-0.33126105544896944,-1.8593801937067171,0.0,-0.3169478252749691,-0.7366377248940594
-0.0033788567497410327,-0.7643433617028847,-1.089509952899836,-0.3014958106857941,-1.1346680392751507,-0.2506596345574579,-2.8573842889957595,-0.49268458058429854
-0.11755093078322698,-1.2722885035468892,0.0,-1.2218899861509245,-0.08953796966465433,-2.2055557233235863,0.0,-0.12098695490811018
-1.790785278803103,-0.4795911993200539,-0.5390649182010412,-1.6101914852716686,-1.2869837953014311,-0.011367087451873203,-0.41646155396105833,-0.5361447953450797
-0.6295513194417941,0.0,0.0,-1.1821065531918684,0.0,-0.49710224225662714,-0.18585366223619104,0.0
-1.187640737882501,-0.42722804708678286,-0.1499332136069471,-1.4809090131026412,-0.48409556441576207,-1.6897636653909824,-1.018502727864612,-0.04737433395298307
0.0,0.0,0.0,-0.14095955073605637,-0.13534209774621964,-0.7449435802925617,0.0,-0.7741418224167411
-0.5579487765613216,-0.9943279828469409,-2.2331816140262397,-0.0770880079289098,-0.8796684438174838,-1.2775081622945903,-0.2223865084056209,-0.21202489891462406
-0.396916297122778,-0.11486025584927262,0.0,-1.0498252183107901,-1.8190706245802968,-1.4221776326198903,-0.38762319163737047,-0.6086894860541934
-0.08413648535843432,-0.5653372392630507,-1.1455912418462777,-0.2700366052366334,-0.8351970815347567,-2.214206444923298,-0.19672181775403885,-1.1162865920786462
-0.4583617843731487,-0.03963859597595221,0.0,-1.76704305852404,0.0,0.0,-0.8886936128298517,-2.9295295688195857
-1.6804400095416687,-2.053251675390758,-0.093791757871025,-0.19495157104192717,-1.13704668171804,-0.43737337752607264,-0.7549205267847299,-0.282444874380956
0.0,0.0,-0.37472333128686586,-0.09241974204232406,0.0,0.0,0.0,0.0
-2.1990899230607583,-1.1157054265410604,-0.2156777536069434,-0.21112430276299943,-0.3765394007194418,-0.026490103838058054,-2.512036777240673,-0.2975841103591481
0.0,-0.15822394524716277,-0.7790394045401285,0.0,-0.3438093230667061,-0.31405525659377087,-0.9752851448277235,-2.1799791101164008
-0.37441578281671717,-1.5539971282986862,-0.7273483823291045,-0.3390273861365696,-0.7787464762554421,-0.8875770503915241,-0.28998472987275825,-0.820357378405701
-0.68944672544343,0.0,0.0,-0.0517284075996578,0.0,0.0,-0.004896385020056293,-0.9189258787836723
-0.10695376870567141,-0.6329118069369821,-0.5090099310420921,-1.2290183911447397,-1.5641933389178213,-1.6012585802335462,-0.34484586686438856,-0.03207291239348731
-0.3071425843688651,-2.943145609044964,-0.2104619441396185,-0.3595226616452827,0.0,-1.1155212859778247,-0.04369125451737155,-1.2576449770037303
-0.41810733621754803,-1.587174481955227,-0.030288696114246783,-2.8516253735426966,-0.005881429574602137,-0.20122680578770424,-0.5913537406976124,-0.3064287389859661
0.0,0.0,-0.8017470800526256,0.0,-0.875324793820976,0.0,-0.36148128564308823,0.0
-0.8885077767903882,-0.7901309076537544,-0.9729770976847743,-1.4131713865508644,-0.283645780458869,-0.8499418818592481,-0.6890517212455327,-0.3879935887229893
0.0,0.0,0.0,-1.5739297846025169,0.0,-1.6183110901697129,-0.642459558629187,0.0
-0.24340642496634324,-0.3039259639353187,-0.06806584907039692,-0.5038891211517136,-0.04839497820558414,-0.1878597445785859,-2.0096994499294922,-2.365232451784715
-0.3011399369851473,0.0,-0.42307129337816995,-1.3224664833813122,-0.24588665364122342,0.0,0.0,-0.4003660989482185
-0.4083094214078562,-0.6192300827095663,-0.6193148684334151,-0.27178390809238095,-0.9653531841847025,-0.6762377440818339,-0.3778699090792639,-0.28989166933993804
-0.46479424863533936,-1.2530771781607983,0.0,0.0,0.0,0.0,-0.8545404499448344,-0.17104275893541665
-0.05423474067860745,-1.2481032088048822,-0.9374596150533101,-0.30470540769916177,-0.30447226928393434,-0.6100707937936534,-0.09314421492132396,-3.031119823873774
-0.6847448292687659,-0.15975386733079322,-1.726642337751863,-0.42447270994052744,0.0,0.0,-0.8698016745536687,-0.2935909152480587
-0.39449637647640046,-1.007207967432878,-0.13024056356673164,-0.9219452972641431,-0.008996079542506585,-0.36475514240638596,-0.4761021977819695,-0.5476187935311252
-1.9353427905019096,0.0,0.0,-0.8684733800031932,0.0,-0.7204345711236417,-0.16586492013783616,-1.6445793910837008
-2.2955583982711882,-0.14493127546202977,-0.12747063235719036,-1.187046866120916,-1.0078776027031635,-0.4226752373264091,-1.462977078232651,-0.0015808322658346086
-0.5834589529768657,0.0,-0.11845923970095562,0.0,0.0,0.0,-0.7644166194429651,0.0
-0.30757860259269876,-0.09198095789927763,-0.2781466123757088,-3.2842053165454406,-0.5014734644280425,-0.3731528422979684,-0.06408429863273746,-0.4716800695369878
-0.06555505470906908,-0.5626036862456427,0.0,0.0,0.0,0.0,0.0,0.0
-2.282268648259431,-0.3600650169257076,-0.8134307244789731,-0.9459681878261685,-0.7666703034718987,-0.5517615905217328,-0.3033560205300212,-0.7975982310066136
